# Space group      : Pm-3m (221)
# Atomic species   : ['Cs', 'Pb', 'Br']
# Number of atoms  : 5    
# SOC              : False
# Number of elec   : 34.0 
# Number of bands  : 64   
# Cell vectors in Å: a=[5.874 0.    0.   ], b=[0.    5.874 0.   ], c=[0.    0.    5.874]
# Band gap (eV)    : 1.5401 eV
# VBM: 0.9415 eV, band 17, k-point [0.5, 0.5, 0.5]
# CBM: 2.4816 eV, band 18, k-point [0.5, 0.5, 0.5]
# Functional: GGA, AEXX = 0.00, HFSCREEN = 0.00
# |----------------- Begin Gvecs and C_nk(Gvecs)-------------------------------|
#	Gx	Gy	Gz	Re(C_nk)	Im(C_nk)
n_band : 13,	energy : -1.3594,	occupation : 1.0
	0	0	0	   0.00000000        0.00000000
	1	0	0	   0.00000000        0.00000000
	2	0	0	   0.00000000       -0.00000000
	3	0	0	  -0.00000000        0.00000000
	4	0	0	   0.00000000       -0.00000000
	5	0	0	  -0.00000000        0.00000000
	6	0	0	   0.00000000        0.00000000
	7	0	0	   0.00000000       -0.00000000
	-7	0	0	  -0.00000000       -0.00000000
	-6	0	0	  -0.00000000       -0.00000000
	-5	0	0	  -0.00000000       -0.00000000
	-4	0	0	  -0.00000000        0.00000000
	-3	0	0	   0.00000000       -0.00000000
	-2	0	0	  -0.00000000        0.00000000
	-1	0	0	   0.00000000       -0.00000000
	0	1	0	   0.00000000        0.00000000
	1	1	0	   0.24162215       -0.05745764
	2	1	0	   0.03274320       -0.08138852
	3	1	0	   0.03361608       -0.02955728
	4	1	0	   0.00555289       -0.01419217
	5	1	0	   0.00351049       -0.00454064
	6	1	0	   0.00063856       -0.00164732
	7	1	0	   0.00023717       -0.00038454
	-7	1	0	  -0.00006651        0.00044843
	-6	1	0	  -0.00057169        0.00167236
	-5	1	0	  -0.00024584        0.00576282
	-4	1	0	  -0.00488617        0.01444177
	-3	1	0	   0.00657878        0.04460500
	-2	1	0	  -0.02733804        0.08341204
	-1	1	0	   0.14672460        0.20284276
	0	2	0	   0.00000000        0.00000000
	1	2	0	   0.12359484        0.04421140
	2	2	0	   0.00458597       -0.00109054
	3	2	0	   0.02103714        0.00692875
	4	2	0	   0.00066959       -0.00010139
	5	2	0	   0.00215063        0.00071142
	6	2	0	   0.00003705       -0.00000787
	-6	2	0	   0.00002310        0.00003039
	-5	2	0	   0.00209051        0.00087633
	-4	2	0	   0.00044371        0.00051818
	-3	2	0	   0.02042962        0.00859514
	-2	2	0	   0.00278482        0.00384994
	-1	2	0	   0.12227402        0.04783436
	0	3	0	   0.00000000       -0.00000000
	1	3	0	   0.06023307        0.00723999
	2	3	0	   0.00630953       -0.01343177
	3	3	0	   0.01793797       -0.00426564
	4	3	0	   0.00209209       -0.00462633
	5	3	0	   0.00256374       -0.00130945
	6	3	0	   0.00026550       -0.00064647
	-6	3	0	  -0.00021303        0.00066611
	-5	3	0	   0.00110786        0.00268398
	-4	3	0	  -0.00137854        0.00489346
	-3	3	0	   0.01089280        0.01505900
	-2	3	0	  -0.00382341        0.01436250
	-1	3	0	   0.05041094        0.03418173
	0	4	0	  -0.00000000        0.00000000
	1	4	0	   0.02144120        0.00777299
	2	4	0	   0.00059820       -0.00020009
	3	4	0	   0.00718855        0.00241940
	4	4	0	   0.00020416       -0.00004855
	5	4	0	   0.00104192        0.00034287
	-5	4	0	   0.00101164        0.00042592
	-4	4	0	   0.00012397        0.00017139
	-3	4	0	   0.00701419        0.00289767
	-2	4	0	   0.00032615        0.00054613
	-1	4	0	   0.02127828        0.00821987
	0	5	0	   0.00000000        0.00000000
	1	5	0	   0.00808484        0.00178328
	2	5	0	   0.00064120       -0.00137532
	3	5	0	   0.00342753       -0.00011527
	4	5	0	   0.00031286       -0.00066503
	5	5	0	   0.00052720       -0.00012537
	-5	5	0	   0.00032014        0.00044259
	-4	5	0	  -0.00018895        0.00071142
	-3	5	0	   0.00253033        0.00234571
	-2	5	0	  -0.00039518        0.00146742
	-1	5	0	   0.00728708        0.00397150
	0	6	0	   0.00000000       -0.00000000
	1	6	0	   0.00248451        0.00090465
	2	6	0	   0.00003589       -0.00000948
	3	6	0	   0.00098554        0.00034897
	-3	6	0	   0.00097272        0.00038414
	-2	6	0	   0.00002119        0.00003084
	-1	6	0	   0.00246817        0.00094948
	0	7	0	  -0.00000000        0.00000000
	1	7	0	   0.00064221        0.00017542
	-1	7	0	   0.00060051        0.00028981
	0	-7	0	   0.00000000       -0.00000000
	1	-7	0	  -0.00060051       -0.00028981
	-1	-7	0	  -0.00064221       -0.00017542
	0	-6	0	  -0.00000000       -0.00000000
	1	-6	0	  -0.00246817       -0.00094948
	2	-6	0	  -0.00002119       -0.00003084
	3	-6	0	  -0.00097272       -0.00038414
	-3	-6	0	  -0.00098554       -0.00034897
	-2	-6	0	  -0.00003589        0.00000948
	-1	-6	0	  -0.00248451       -0.00090465
	0	-5	0	  -0.00000000       -0.00000000
	1	-5	0	  -0.00728708       -0.00397150
	2	-5	0	   0.00039518       -0.00146742
	3	-5	0	  -0.00253033       -0.00234571
	4	-5	0	   0.00018895       -0.00071142
	5	-5	0	  -0.00032014       -0.00044259
	-5	-5	0	  -0.00052720        0.00012537
	-4	-5	0	  -0.00031286        0.00066503
	-3	-5	0	  -0.00342753        0.00011527
	-2	-5	0	  -0.00064120        0.00137532
	-1	-5	0	  -0.00808484       -0.00178328
	0	-4	0	   0.00000000       -0.00000000
	1	-4	0	  -0.02127828       -0.00821987
	2	-4	0	  -0.00032615       -0.00054613
	3	-4	0	  -0.00701419       -0.00289767
	4	-4	0	  -0.00012397       -0.00017139
	5	-4	0	  -0.00101164       -0.00042592
	-5	-4	0	  -0.00104192       -0.00034287
	-4	-4	0	  -0.00020416        0.00004855
	-3	-4	0	  -0.00718855       -0.00241940
	-2	-4	0	  -0.00059820        0.00020009
	-1	-4	0	  -0.02144120       -0.00777299
	0	-3	0	  -0.00000000        0.00000000
	1	-3	0	  -0.05041094       -0.03418173
	2	-3	0	   0.00382341       -0.01436250
	3	-3	0	  -0.01089280       -0.01505900
	4	-3	0	   0.00137854       -0.00489346
	5	-3	0	  -0.00110786       -0.00268398
	6	-3	0	   0.00021303       -0.00066611
	-6	-3	0	  -0.00026550        0.00064647
	-5	-3	0	  -0.00256374        0.00130945
	-4	-3	0	  -0.00209209        0.00462633
	-3	-3	0	  -0.01793797        0.00426564
	-2	-3	0	  -0.00630953        0.01343177
	-1	-3	0	  -0.06023307       -0.00723999
	0	-2	0	  -0.00000000       -0.00000000
	1	-2	0	  -0.12227402       -0.04783436
	2	-2	0	  -0.00278482       -0.00384994
	3	-2	0	  -0.02042962       -0.00859514
	4	-2	0	  -0.00044371       -0.00051818
	5	-2	0	  -0.00209051       -0.00087633
	6	-2	0	  -0.00002310       -0.00003039
	-6	-2	0	  -0.00003705        0.00000787
	-5	-2	0	  -0.00215063       -0.00071142
	-4	-2	0	  -0.00066959        0.00010139
	-3	-2	0	  -0.02103714       -0.00692875
	-2	-2	0	  -0.00458597        0.00109054
	-1	-2	0	  -0.12359484       -0.04421140
	0	-1	0	  -0.00000000       -0.00000000
	1	-1	0	  -0.14672460       -0.20284276
	2	-1	0	   0.02733804       -0.08341204
	3	-1	0	  -0.00657878       -0.04460500
	4	-1	0	   0.00488617       -0.01444177
	5	-1	0	   0.00024584       -0.00576282
	6	-1	0	   0.00057169       -0.00167236
	7	-1	0	   0.00006651       -0.00044843
	-7	-1	0	  -0.00023717        0.00038454
	-6	-1	0	  -0.00063856        0.00164732
	-5	-1	0	  -0.00351049        0.00454064
	-4	-1	0	  -0.00555289        0.01419217
	-3	-1	0	  -0.03361608        0.02955728
	-2	-1	0	  -0.03274320        0.08138852
	-1	-1	0	  -0.24162215        0.05745764
	0	0	1	   0.00000000        0.00000000
	1	0	1	  -0.12188414        0.03779638
	2	0	1	  -0.03107664        0.08111487
	3	0	1	  -0.02122289        0.02752229
	4	0	1	  -0.00534732        0.01415841
	5	0	1	  -0.00250391        0.00437536
	6	0	1	  -0.00061794        0.00164393
	7	0	1	  -0.00018455        0.00037590
	-7	0	1	   0.00011913       -0.00045707
	-6	0	1	   0.00059231       -0.00167574
	-5	0	1	   0.00125242       -0.00592810
	-4	0	1	   0.00509174       -0.01447552
	-3	0	1	   0.00581440       -0.04663999
	-2	0	1	   0.02900460       -0.08368569
	-1	0	1	  -0.02698659       -0.22250400
	0	1	1	  -0.11973801        0.01966126
	1	1	1	  -0.00000000        0.00000000
	2	1	1	  -0.02616313        0.00429605
	3	1	1	   0.00027623       -0.00004536
	4	1	1	  -0.00252331        0.00041433
	5	1	1	   0.00002407       -0.00000395
	6	1	1	  -0.00020517        0.00003369
	-6	1	1	  -0.00020517        0.00003369
	-5	1	1	   0.00002407       -0.00000395
	-4	1	1	  -0.00252331        0.00041433
	-3	1	1	   0.00027623       -0.00004536
	-2	1	1	  -0.02616313        0.00429605
	-1	1	1	  -0.00000000        0.00000000
	0	2	1	  -0.12189841       -0.04473747
	1	2	1	  -0.02663207        0.00825863
	2	2	1	  -0.05488051        0.01305056
	3	2	1	  -0.00877449        0.01276717
	4	2	1	  -0.00857156        0.00563081
	5	2	1	  -0.00145510        0.00263218
	6	2	1	  -0.00088915        0.00083360
	-6	2	1	  -0.00013784       -0.00122721
	-5	2	1	   0.00078969       -0.00352518
	-4	2	1	  -0.00287507       -0.00999444
	-3	2	1	   0.00338618       -0.02058907
	-2	2	1	  -0.03332608       -0.04607240
	-1	2	1	  -0.00589665       -0.04861782
	0	3	1	  -0.04761776       -0.01115201
	1	3	1	   0.00028118       -0.00008719
	2	3	1	  -0.02137205       -0.00559834
	3	3	1	   0.00024869       -0.00005914
	4	3	1	  -0.00367312       -0.00097108
	5	3	1	   0.00003561       -0.00001509
	6	3	1	  -0.00035611       -0.00008938
	-6	3	1	  -0.00035653       -0.00008822
	-5	3	1	   0.00001820        0.00003268
	-4	3	1	  -0.00372477       -0.00082942
	-3	3	1	   0.00015102        0.00020878
	-2	3	1	  -0.02169260       -0.00471907
	-1	3	1	   0.00006226        0.00051331
	0	4	1	  -0.02123195       -0.00783788
	1	4	1	  -0.00256854        0.00079651
	2	4	1	  -0.01299808       -0.00050156
	3	4	1	  -0.00149414        0.00219986
	4	4	1	  -0.00314598        0.00074811
	5	4	1	  -0.00035791        0.00062843
	-5	4	1	   0.00017898       -0.00084421
	-4	4	1	  -0.00191039       -0.00264106
	-3	4	1	   0.00058696       -0.00350852
	-2	4	1	  -0.01022305       -0.00811336
	-1	4	1	  -0.00056870       -0.00468896
	0	5	1	  -0.00706021       -0.00210101
	1	5	1	   0.00002450       -0.00000760
	2	5	1	  -0.00421202       -0.00128454
	3	5	1	   0.00004405       -0.00000385
	4	5	1	  -0.00101354       -0.00030231
	-4	5	1	  -0.00101178       -0.00030712
	-3	5	1	   0.00003018        0.00003420
	-2	5	1	  -0.00423103       -0.00123239
	-1	5	1	   0.00000542        0.00004472
	0	6	1	  -0.00246352       -0.00091116
	1	6	1	  -0.00020885        0.00006476
	2	6	1	  -0.00165619       -0.00022832
	3	6	1	  -0.00015025        0.00020980
	-3	6	1	   0.00004905       -0.00033687
	-2	6	1	  -0.00140781       -0.00090962
	-1	6	1	  -0.00004624       -0.00038126
	0	7	1	  -0.00058865       -0.00019203
	0	-7	1	   0.00065407        0.00027320
	0	-6	1	   0.00248916        0.00094297
	1	-6	1	  -0.00020885        0.00006476
	2	-6	1	   0.00141836        0.00092270
	3	-6	1	  -0.00015199        0.00020915
	-3	-6	1	   0.00004731       -0.00033752
	-2	-6	1	   0.00166674        0.00024140
	-1	-6	1	  -0.00004624       -0.00038126
	0	-5	1	   0.00831170        0.00365376
	1	-5	1	   0.00002450       -0.00000760
	2	-5	1	   0.00497425        0.00215452
	3	-5	1	  -0.00002722       -0.00003053
	4	-5	1	   0.00118353        0.00052021
	-4	-5	1	   0.00118528        0.00051539
	-3	-5	1	  -0.00004110        0.00000751
	-2	-5	1	   0.00495524        0.00220667
	-1	-5	1	   0.00000542        0.00004472
	0	-4	1	   0.02148753        0.00815498
	1	-4	1	  -0.00256854        0.00079651
	2	-4	1	   0.01031350        0.00822558
	3	-4	1	  -0.00170549        0.00212073
	4	-4	1	   0.00191039        0.00264106
	5	-4	1	  -0.00035072        0.00063113
	-5	-4	1	   0.00018616       -0.00084152
	-4	-4	1	   0.00314598       -0.00074811
	-3	-4	1	   0.00037561       -0.00358764
	-2	-4	1	   0.01308853        0.00061378
	-1	-4	1	  -0.00056870       -0.00468896
	0	-3	1	   0.06302625        0.03026971
	1	-3	1	   0.00028118       -0.00008720
	2	-3	1	   0.02839272        0.01303206
	3	-3	1	  -0.00015102       -0.00020878
	4	-3	1	   0.00484330        0.00221720
	5	-3	1	  -0.00002115       -0.00003635
	6	-3	1	   0.00045947        0.00021594
	-6	-3	1	   0.00045905        0.00021711
	-5	-3	1	  -0.00003857        0.00001143
	-4	-3	1	   0.00479165        0.00235887
	-3	-3	1	  -0.00024869        0.00005914
	-2	-3	1	   0.02807216        0.01391133
	-1	-3	1	   0.00006226        0.00051331
	0	-2	1	   0.12397045        0.04730830
	1	-2	1	  -0.02663207        0.00825863
	2	-2	1	   0.03332609        0.04607240
	3	-2	1	  -0.01008629        0.01227607
	4	-2	1	   0.00278462        0.00988221
	5	-2	1	  -0.00153290        0.00260305
	6	-2	1	   0.00012730        0.00121412
	-6	-2	1	   0.00087860       -0.00084668
	-5	-2	1	   0.00071188       -0.00355431
	-4	-2	1	   0.00848111       -0.00574303
	-3	-2	1	   0.00207438       -0.02108017
	-2	-2	1	   0.05488051       -0.01305056
	-1	-2	1	  -0.00589665       -0.04861782
	0	-1	1	   0.26860875        0.16504636
	1	-1	1	  -0.00000000        0.00000000
	2	-1	1	   0.05869185        0.03606315
	3	-1	1	  -0.00061967       -0.00038076
	4	-1	1	   0.00566056        0.00347812
	5	-1	1	  -0.00005399       -0.00003317
	6	-1	1	   0.00046026        0.00028281
	-6	-1	1	   0.00046026        0.00028281
	-5	-1	1	  -0.00005399       -0.00003317
	-4	-1	1	   0.00566056        0.00347812
	-3	-1	1	  -0.00061967       -0.00038076
	-2	-1	1	   0.05869185        0.03606315
	-1	-1	1	  -0.00000000       -0.00000000
	0	0	2	   0.00000000       -0.00000000
	1	0	2	  -0.04778669       -0.05665927
	2	0	2	  -0.00231335        0.00071737
	3	0	2	  -0.00825179       -0.00902813
	4	0	2	  -0.00032633        0.00004503
	5	0	2	  -0.00084297       -0.00092614
	6	0	2	  -0.00001850        0.00000482
	-6	0	2	  -0.00000456       -0.00003343
	-5	0	2	  -0.00078285       -0.00109105
	-4	0	2	  -0.00010045       -0.00057454
	-3	0	2	  -0.00764428       -0.01069452
	-2	0	2	  -0.00051220       -0.00422311
	-1	0	2	  -0.04646587       -0.06028223
	0	1	2	   0.04442371        0.05745899
	1	1	2	   0.05279519       -0.01255467
	2	1	2	   0.02768398       -0.00858483
	3	1	2	   0.01456791       -0.01371846
	4	1	2	   0.00514288       -0.00506781
	5	1	2	   0.00207686       -0.00273427
	6	1	2	   0.00058423       -0.00078353
	-6	1	2	  -0.00016707        0.00127728
	-5	1	2	  -0.00016792        0.00342308
	-4	1	2	  -0.00055360        0.01055743
	-3	1	2	   0.00240725        0.01963778
	-2	1	2	   0.00612956        0.05053813
	-1	1	2	   0.03205978        0.04432177
	0	2	2	  -0.00227262        0.00037317
	1	2	2	   0.02719652       -0.00446573
	2	2	2	  -0.00000000        0.00000000
	3	2	2	   0.00645963       -0.00106069
	4	2	2	   0.00010995       -0.00001805
	5	2	2	   0.00079732       -0.00013092
	6	2	2	   0.00000531       -0.00000087
	-6	2	2	   0.00000531       -0.00000087
	-5	2	2	   0.00079732       -0.00013092
	-4	2	2	   0.00010995       -0.00001805
	-3	2	2	   0.00645963       -0.00106069
	-2	2	2	  -0.00000000       -0.00000000
	-1	2	2	   0.02719652       -0.00446573
	0	3	2	   0.00670498        0.00939596
	1	3	2	   0.02726931        0.00376959
	2	3	2	   0.00657541       -0.00203904
	3	3	2	   0.00970560       -0.00230799
	4	3	2	   0.00195262       -0.00180603
	5	3	2	   0.00156900       -0.00080620
	6	3	2	   0.00023287       -0.00029993
	-6	3	2	  -0.00005808        0.00049815
	-5	3	2	   0.00067472        0.00164676
	-4	3	2	  -0.00011211        0.00385744
	-3	3	2	   0.00589371        0.00814789
	-2	3	2	   0.00145587        0.01200365
	-1	3	2	   0.02299833        0.01548473
	0	4	2	  -0.00024879        0.00009173
	1	4	2	   0.00950795        0.00158385
	2	4	2	   0.00011192       -0.00003471
	3	4	2	   0.00347119        0.00051625
	4	4	2	   0.00006933       -0.00001649
	5	4	2	   0.00051390        0.00007287
	-5	4	2	   0.00050264        0.00010374
	-4	4	2	   0.00004210        0.00005820
	-3	4	2	   0.00340570        0.00069587
	-2	4	2	   0.00002478        0.00020431
	-1	4	2	   0.00945030        0.00174200
	0	5	2	   0.00068990        0.00096254
	1	5	2	   0.00484493        0.00108827
	2	5	2	   0.00081161       -0.00025168
	3	5	2	   0.00210353       -0.00006713
	4	5	2	   0.00029370       -0.00026491
	-4	5	2	  -0.00001223        0.00057425
	-3	5	2	   0.00155541        0.00143634
	-2	5	2	   0.00017970        0.00148162
	-1	5	2	   0.00437116        0.00238779
	0	6	2	  -0.00001701        0.00000362
	1	6	2	   0.00134581        0.00032456
	2	6	2	   0.00000540       -0.00000168
	3	6	2	   0.00052133        0.00012058
	-3	6	2	   0.00051607        0.00013501
	-2	6	2	   0.00000120        0.00000987
	-1	6	2	   0.00133909        0.00034301
	0	-6	2	   0.00004007        0.00002499
	1	-6	2	  -0.00172874       -0.00082645
	2	-6	2	   0.00000540       -0.00000168
	3	-6	2	  -0.00066934       -0.00032517
	-3	-6	2	  -0.00067460       -0.00031075
	-2	-6	2	   0.00000120        0.00000987
	-1	-6	2	  -0.00173546       -0.00080801
	0	-5	2	   0.00093592        0.00105465
	1	-5	2	  -0.00434134       -0.00235078
	2	-5	2	   0.00081161       -0.00025168
	3	-5	2	  -0.00155609       -0.00143718
	4	-5	2	   0.00024764       -0.00028216
	-4	-5	2	  -0.00005829        0.00055700
	-3	-5	2	  -0.00210421        0.00006629
	-2	-5	2	   0.00017970        0.00148162
	-1	-5	2	  -0.00481510       -0.00105127
	0	-4	2	   0.00067556        0.00043778
	1	-4	2	  -0.01380363       -0.00714329
	2	-4	2	   0.00011192       -0.00003471
	3	-4	2	  -0.00497824       -0.00264696
	4	-4	2	  -0.00004210       -0.00005820
	5	-4	2	  -0.00073806       -0.00039583
	-5	-4	2	  -0.00074931       -0.00036495
	-4	-4	2	  -0.00006933        0.00001649
	-3	-4	2	  -0.00504373       -0.00246734
	-2	-4	2	   0.00002478        0.00020431
	-1	-4	2	  -0.01386128       -0.00698514
	0	-3	2	   0.00919109        0.01032669
	1	-3	2	  -0.02249546       -0.01486081
	2	-3	2	   0.00657541       -0.00203904
	3	-3	2	  -0.00589371       -0.00814789
	4	-3	2	   0.00168464       -0.00190635
	5	-3	2	  -0.00067404       -0.00164592
	6	-3	2	   0.00021135       -0.00030799
	-6	-3	2	  -0.00007960        0.00049010
	-5	-3	2	  -0.00156832        0.00080704
	-4	-3	2	  -0.00038009        0.00375712
	-3	-3	2	  -0.00970560        0.00230799
	-2	-3	2	   0.00145587        0.01200365
	-1	-3	2	  -0.02676644       -0.00314567
	0	-2	2	   0.00509817        0.00313257
	1	-2	2	  -0.06101007       -0.03748757
	2	-2	2	  -0.00000000        0.00000000
	3	-2	2	  -0.01449091       -0.00890393
	4	-2	2	  -0.00024665       -0.00015155
	5	-2	2	  -0.00178862       -0.00109902
	6	-2	2	  -0.00001191       -0.00000732
	-6	-2	2	  -0.00001191       -0.00000732
	-5	-2	2	  -0.00178862       -0.00109902
	-4	-2	2	  -0.00024665       -0.00015155
	-3	-2	2	  -0.01449091       -0.00890393
	-2	-2	2	  -0.00000000        0.00000000
	-1	-2	2	  -0.06101007       -0.03748757
	0	-1	2	   0.04982886        0.05948251
	1	-1	2	  -0.03205978       -0.04432178
	2	-1	2	   0.02768398       -0.00858483
	3	-1	2	  -0.00291012       -0.02026170
	4	-1	2	   0.00490693       -0.00515614
	5	-1	2	   0.00013809       -0.00346009
	6	-1	2	   0.00055672       -0.00079383
	-6	-1	2	  -0.00019459        0.00126698
	-5	-1	2	  -0.00210669        0.00269727
	-4	-1	2	  -0.00078955        0.01046910
	-3	-1	2	  -0.01507078        0.01309454
	-2	-1	2	   0.00612956        0.05053813
	-1	-1	2	  -0.05279519        0.01255467
	0	0	3	  -0.00000000       -0.00000000
	1	0	3	  -0.02611847       -0.01284169
	2	0	3	  -0.00554299        0.01330590
	3	0	3	  -0.00904865        0.00280599
	4	0	3	  -0.00187208        0.00459020
	5	0	3	  -0.00143168        0.00112356
	6	0	3	  -0.00024932        0.00064381
	-6	0	3	   0.00022921       -0.00066877
	-5	0	3	   0.00002420       -0.00286986
	-4	0	3	   0.00159854       -0.00492959
	-3	0	3	  -0.00200348       -0.01651864
	-2	0	3	   0.00458995       -0.01448836
	-1	0	3	  -0.01629634       -0.03978343
	0	1	3	   0.00110998        0.01878870
	1	1	3	  -0.00055742        0.00013255
	2	1	3	   0.00063924        0.00900271
	3	1	3	  -0.00012545        0.00003890
	4	1	3	   0.00014763        0.00154998
	5	1	3	  -0.00001573        0.00001183
	6	1	3	   0.00002184        0.00014427
	-6	1	3	   0.00002227        0.00014311
	-5	1	3	   0.00000168       -0.00003594
	-4	1	3	   0.00019928        0.00140831
	-3	1	3	  -0.00002778       -0.00022901
	-2	1	3	   0.00095980        0.00812344
	-1	1	3	  -0.00033849       -0.00046795
	0	2	3	  -0.02025686       -0.00717071
	1	2	3	  -0.01232992       -0.00622267
	2	2	3	  -0.01303504        0.00309973
	3	2	3	  -0.00489590        0.00151822
	4	2	3	  -0.00313480        0.00200015
	5	2	3	  -0.00087795        0.00069273
	6	2	3	  -0.00034951        0.00031908
	-6	2	3	  -0.00005856       -0.00047900
	-5	2	3	   0.00001633       -0.00176024
	-4	2	3	  -0.00107007       -0.00366332
	-3	2	3	  -0.00108401       -0.00893765
	-2	2	3	  -0.00791550       -0.01094297
	-1	2	3	  -0.00805894       -0.01793781
	0	3	3	  -0.00888932        0.00145965
	1	3	3	  -0.00012324        0.00002024
	2	3	3	  -0.00480970        0.00078976
	3	3	3	   0.00000000       -0.00000000
	4	3	3	  -0.00103713        0.00017030
	5	3	3	  -0.00000205        0.00000034
	-5	3	3	  -0.00000205        0.00000034
	-4	3	3	  -0.00103713        0.00017030
	-3	3	3	   0.00000000       -0.00000000
	-2	3	3	  -0.00480970        0.00078976
	-1	3	3	  -0.00012324        0.00002024
	0	4	3	  -0.00696460       -0.00248884
	1	4	3	  -0.00209454       -0.00108700
	2	4	3	  -0.00467456       -0.00014308
	3	4	3	  -0.00105571        0.00032738
	4	4	3	  -0.00125935        0.00029947
	5	4	3	  -0.00021406        0.00016041
	-5	4	3	  -0.00000556       -0.00041148
	-4	4	3	  -0.00076474       -0.00105723
	-3	4	3	  -0.00023375       -0.00192725
	-2	4	3	  -0.00367214       -0.00289267
	-1	4	3	  -0.00138154       -0.00304275
	0	5	3	  -0.00227519       -0.00024207
	1	5	3	  -0.00002382       -0.00000243
	2	5	3	  -0.00140010       -0.00015101
	3	5	3	  -0.00000209        0.00000065
	4	5	3	  -0.00033218       -0.00003052
	-4	5	3	  -0.00032614       -0.00004708
	-3	5	3	  -0.00000046       -0.00000382
	-2	5	3	  -0.00139967       -0.00015219
	-1	5	3	  -0.00002570        0.00000274
	0	6	3	  -0.00096907       -0.00035408
	1	6	3	  -0.00019000       -0.00010428
	2	6	3	  -0.00064006       -0.00008376
	-2	6	3	  -0.00054236       -0.00035175
	-1	6	3	  -0.00012438       -0.00028428
	0	-6	3	   0.00098919        0.00037903
	1	-6	3	  -0.00018826       -0.00010363
	2	-6	3	   0.00055061        0.00036199
	-2	-6	3	   0.00064831        0.00009400
	-1	-6	3	  -0.00012265       -0.00028363
	0	-5	3	   0.00368267        0.00198837
	1	-5	3	   0.00004746        0.00002426
	2	-5	3	   0.00225952        0.00121904
	3	-5	3	  -0.00000209        0.00000065
	4	-5	3	   0.00052104        0.00028890
	-4	-5	3	   0.00052708        0.00027234
	-3	-5	3	  -0.00000046       -0.00000382
	-2	-5	3	   0.00225996        0.00121786
	-1	-5	3	   0.00004558        0.00002942
	0	-4	3	   0.00723814        0.00282823
	1	-4	3	  -0.00188319       -0.00100788
	2	-4	3	   0.00377487        0.00302012
	3	-4	3	  -0.00105571        0.00032738
	4	-4	3	   0.00076474        0.00105723
	5	-4	3	  -0.00018934        0.00016966
	-5	-4	3	   0.00001915       -0.00040223
	-4	-4	3	   0.00125935       -0.00029947
	-3	-4	3	  -0.00023375       -0.00192725
	-2	-4	3	   0.00477729        0.00027054
	-1	-4	3	  -0.00117018       -0.00296363
	0	-3	3	   0.01994145        0.01225300
	1	-3	3	   0.00027647        0.00016987
	2	-3	3	   0.01078961        0.00662967
	3	-3	3	  -0.00000000        0.00000000
	4	-3	3	   0.00232659        0.00142957
	5	-3	3	   0.00000461        0.00000283
	-5	-3	3	   0.00000461        0.00000283
	-4	-3	3	   0.00232659        0.00142957
	-3	-3	3	   0.00000000        0.00000000
	-2	-3	3	   0.01078961        0.00662967
	-1	-3	3	   0.00027647        0.00016987
	0	-2	3	   0.02120990        0.00835317
	1	-2	3	  -0.01101813       -0.00573158
	2	-2	3	   0.00791550        0.01094297
	3	-2	3	  -0.00489590        0.00151822
	4	-2	3	   0.00096735        0.00353586
	5	-2	3	  -0.00087618        0.00069339
	6	-2	3	   0.00005031        0.00046877
	-6	-2	3	   0.00034126       -0.00032932
	-5	-2	3	   0.00001809       -0.00175957
	-4	-2	3	   0.00303207       -0.00212760
	-3	-2	3	  -0.00108401       -0.00893765
	-2	-2	3	   0.01303504       -0.00309973
	-1	-2	3	  -0.00674714       -0.01744672
	0	-1	3	   0.04130483        0.03383642
	1	-1	3	   0.00033849        0.00046795
	2	-1	3	   0.01811727        0.01554595
	3	-1	3	  -0.00012545        0.00003890
	4	-1	3	   0.00306545        0.00264232
	5	-1	3	  -0.00002344        0.00000895
	6	-1	3	   0.00029038        0.00024480
	-6	-1	3	   0.00029080        0.00024364
	-5	-1	3	  -0.00000603       -0.00003883
	-4	-1	3	   0.00311709        0.00250065
	-3	-1	3	  -0.00002778       -0.00022901
	-2	-1	3	   0.01843782        0.01466668
	-1	-1	3	   0.00055742       -0.00013255
	0	0	4	  -0.00000000        0.00000000
	1	0	4	  -0.00826961       -0.00993579
	2	0	4	  -0.00031320        0.00015329
	3	0	4	  -0.00280946       -0.00313845
	4	0	4	  -0.00010299        0.00003194
	5	0	4	  -0.00040875       -0.00044683
	-5	0	4	  -0.00037847       -0.00052989
	-4	0	4	  -0.00002280       -0.00018800
	-3	0	4	  -0.00263509       -0.00361673
	-2	0	4	  -0.00004115       -0.00059293
	-1	0	4	  -0.00810669       -0.01038268
	0	1	4	   0.00785479        0.01003444
	1	1	4	   0.00509185       -0.00121084
	2	1	4	   0.00573773        0.00169373
	3	1	4	   0.00245894       -0.00235828
	4	1	4	   0.00158696       -0.00049212
	5	1	4	   0.00049382       -0.00065075
	-5	1	4	  -0.00004306        0.00082189
	-4	1	4	   0.00035137        0.00289705
	-3	1	4	   0.00037785        0.00335009
	-2	1	4	   0.00296270        0.00930552
	-1	1	4	   0.00309202        0.00427463
	0	2	4	  -0.00037948        0.00001143
	1	2	4	   0.00118107       -0.00333901
	2	2	4	  -0.00022187        0.00005276
	3	2	4	   0.00039881       -0.00115171
	4	2	4	  -0.00003497        0.00001084
	5	2	4	   0.00006146       -0.00016734
	-5	2	4	   0.00007272       -0.00019822
	-4	2	4	  -0.00000774       -0.00006384
	-3	2	4	   0.00046429       -0.00133133
	-2	2	4	  -0.00013473       -0.00018626
	-1	2	4	   0.00123873       -0.00349716
	0	3	4	   0.00236550        0.00324403
	1	3	4	   0.00465523        0.00066653
	2	3	4	   0.00198674        0.00058443
	3	3	4	   0.00209284       -0.00049768
	4	3	4	   0.00063527       -0.00019700
	5	3	4	   0.00036320       -0.00018490
	-5	3	4	   0.00015470        0.00038699
	-4	3	4	   0.00014066        0.00115971
	-3	3	4	   0.00127087        0.00175695
	-2	3	4	   0.00098433        0.00333401
	-1	3	4	   0.00394222        0.00262228
	0	4	4	  -0.00010117        0.00001661
	1	4	4	   0.00155902       -0.00025599
	2	4	4	  -0.00003436        0.00000564
	3	4	4	   0.00062408       -0.00010248
	4	4	4	   0.00000000       -0.00000000
	-4	4	4	  -0.00000000        0.00000000
	-3	4	4	   0.00062408       -0.00010248
	-2	4	4	  -0.00003436        0.00000564
	-1	4	4	   0.00155902       -0.00025599
	0	5	4	   0.00033165        0.00046517
	1	5	4	   0.00115189        0.00025940
	2	5	4	   0.00029197        0.00008330
	3	5	4	   0.00048399       -0.00001656
	-3	5	4	   0.00035975        0.00032423
	-2	5	4	   0.00014190        0.00049492
	-1	5	4	   0.00104242        0.00055969
	0	-5	4	   0.00045557        0.00051156
	1	-5	4	  -0.00104517       -0.00056311
	2	-5	4	   0.00033803        0.00010054
	3	-5	4	  -0.00036922       -0.00033598
	-3	-5	4	  -0.00049347        0.00000481
	-2	-5	4	   0.00018796        0.00051217
	-1	-5	4	  -0.00115465       -0.00026282
	0	-4	4	   0.00022696        0.00013946
	1	-4	4	  -0.00349735       -0.00214894
	2	-4	4	   0.00007707        0.00004736
	3	-4	4	  -0.00140001       -0.00086024
	4	-4	4	  -0.00000000        0.00000000
	-4	-4	4	  -0.00000000       -0.00000000
	-3	-4	4	  -0.00140001       -0.00086024
	-2	-4	4	   0.00007707        0.00004736
	-1	-4	4	  -0.00349735       -0.00214894
	0	-3	4	   0.00307905        0.00351116
	1	-3	4	  -0.00386120       -0.00252175
	2	-3	4	   0.00225472        0.00068475
	3	-3	4	  -0.00127087       -0.00175695
	4	-3	4	   0.00063527       -0.00019700
	5	-3	4	  -0.00014523       -0.00037524
	-5	-3	4	  -0.00035372        0.00019665
	-4	-3	4	   0.00014066        0.00115971
	-3	-3	4	  -0.00209284        0.00049768
	-2	-3	4	   0.00125231        0.00343433
	-1	-3	4	  -0.00457420       -0.00056601
	0	-2	4	   0.00073382        0.00042822
	1	-2	4	  -0.01017510       -0.00759042
	2	-2	4	   0.00013473        0.00018626
	3	-2	4	  -0.00370334       -0.00268743
	4	-2	4	  -0.00003497        0.00001084
	5	-2	4	  -0.00055265       -0.00039725
	-5	-2	4	  -0.00054139       -0.00042812
	-4	-2	4	  -0.00000774       -0.00006384
	-3	-2	4	  -0.00363785       -0.00286705
	-2	-2	4	   0.00022187       -0.00005276
	-1	-2	4	  -0.01011745       -0.00774857
	0	-1	4	   0.00852150        0.01028404
	1	-1	4	  -0.00309202       -0.00427463
	2	-1	4	   0.00597368        0.00178206
	3	-1	4	  -0.00045887       -0.00345062
	4	-1	4	   0.00158696       -0.00049212
	5	-1	4	   0.00004581       -0.00081847
	-5	-1	4	  -0.00049107        0.00065417
	-4	-1	4	   0.00035137        0.00289705
	-3	-1	4	  -0.00253997        0.00225776
	-2	-1	4	   0.00319865        0.00939386
	-1	-1	4	  -0.00509185        0.00121084
	0	0	5	   0.00000000        0.00000000
	1	0	5	  -0.00334525       -0.00256153
	2	0	5	  -0.00056534        0.00136286
	3	0	5	  -0.00159056       -0.00018636
	4	0	5	  -0.00027466        0.00065876
	5	0	5	  -0.00026594        0.00008247
	-5	0	5	  -0.00005888       -0.00048549
	-4	0	5	   0.00022716       -0.00071770
	-3	0	5	  -0.00069336       -0.00264735
	-2	0	5	   0.00047103       -0.00147988
	-1	0	5	  -0.00254749       -0.00474975
	0	1	5	   0.00131405        0.00304455
	1	1	5	  -0.00004857        0.00001155
	2	1	5	   0.00078186        0.00184778
	3	1	5	  -0.00002445        0.00000063
	4	1	5	   0.00019799        0.00043622
	-4	1	5	   0.00019623        0.00044104
	-3	1	5	  -0.00001058       -0.00003742
	-2	1	5	   0.00080088        0.00179563
	-1	1	5	  -0.00002949       -0.00004077
	0	2	5	  -0.00207341       -0.00073537
	1	2	5	  -0.00203654       -0.00154942
	2	2	5	  -0.00160892        0.00038260
	3	2	5	  -0.00097462       -0.00011824
	4	2	5	  -0.00046885        0.00029367
	-4	2	5	  -0.00016292       -0.00054549
	-3	2	5	  -0.00042651       -0.00162170
	-2	2	5	  -0.00097702       -0.00135070
	-1	2	5	  -0.00156277       -0.00284893
	0	3	5	  -0.00069384        0.00072959
	1	3	5	  -0.00001566        0.00000891
	2	3	5	  -0.00041986        0.00044985
	3	3	5	   0.00000415       -0.00000099
	4	3	5	  -0.00008766        0.00009945
	-4	3	5	  -0.00009370        0.00011602
	-3	3	5	   0.00000252        0.00000348
	-2	3	5	  -0.00042029        0.00045103
	-1	3	5	  -0.00001378        0.00000374
	0	4	5	  -0.00100303       -0.00035493
	1	4	5	  -0.00047226       -0.00037100
	2	4	5	  -0.00069218       -0.00001758
	3	4	5	  -0.00021330       -0.00002789
	-3	4	5	  -0.00008906       -0.00036867
	-2	4	5	  -0.00054212       -0.00042921
	-1	4	5	  -0.00036278       -0.00067129
	0	5	5	  -0.00026126        0.00004290
	0	-5	5	   0.00058608        0.00036012
	0	-4	5	   0.00105053        0.00041386
	1	-4	5	  -0.00047945       -0.00037369
	2	-4	5	   0.00055977        0.00045111
	3	-4	5	  -0.00023802       -0.00003714
	-3	-4	5	  -0.00011377       -0.00037793
	-2	-4	5	   0.00070984        0.00003949
	-1	-4	5	  -0.00036997       -0.00067398
	0	-3	5	   0.00297775        0.00210412
	1	-3	5	   0.00004110        0.00003016
	2	-3	5	   0.00182318        0.00128958
	3	-3	5	  -0.00000252       -0.00000348
	4	-3	5	   0.00042077        0.00028979
	-4	-3	5	   0.00041473        0.00030636
	-3	-3	5	  -0.00000415        0.00000099
	-2	-3	5	   0.00182275        0.00129076
	-1	-3	5	   0.00004298        0.00002499
	0	-2	5	   0.00216772        0.00085238
	1	-2	5	  -0.00195873       -0.00152029
	2	-2	5	   0.00097702        0.00135070
	3	-2	5	  -0.00097639       -0.00011890
	4	-2	5	   0.00014526        0.00052358
	-4	-2	5	   0.00045119       -0.00031558
	-3	-2	5	  -0.00042827       -0.00162237
	-2	-2	5	   0.00160892       -0.00038260
	-1	-2	5	  -0.00148497       -0.00281980
	0	-1	5	   0.00457870        0.00426673
	1	-1	5	   0.00002949        0.00004077
	2	-1	5	   0.00272063        0.00257359
	3	-1	5	  -0.00001674        0.00000352
	4	-1	5	   0.00064600        0.00060394
	-4	-1	5	   0.00064424        0.00060876
	-3	-1	5	  -0.00000287       -0.00003453
	-2	-1	5	   0.00273964        0.00252144
	-1	-1	5	   0.00004857       -0.00001155
	0	0	6	  -0.00000000        0.00000000
	1	0	6	  -0.00095746       -0.00115540
	2	0	6	  -0.00001829        0.00000659
	3	0	6	  -0.00038175       -0.00044812
	-3	0	6	  -0.00036893       -0.00048328
	-2	0	6	  -0.00000359       -0.00003373
	-1	0	6	  -0.00094112       -0.00120022
	0	1	6	   0.00091586        0.00116529
	1	1	6	   0.00041402       -0.00009845
	2	1	6	   0.00069974        0.00038537
	3	1	6	   0.00023358       -0.00022348
	-3	1	6	   0.00003429        0.00032318
	-2	1	6	   0.00045136        0.00106667
	-1	1	6	   0.00025141        0.00034757
	0	2	6	  -0.00001914        0.00000231
	1	2	6	  -0.00008445       -0.00053168
	2	2	6	  -0.00001071        0.00000255
	3	2	6	  -0.00003094       -0.00020111
	-3	2	6	  -0.00002568       -0.00021553
	-2	2	6	  -0.00000651       -0.00000899
	-1	2	6	  -0.00007772       -0.00055013
	0	3	6	   0.00034911        0.00045588
	1	3	6	   0.00044093        0.00006308
	2	3	6	   0.00026631        0.00014513
	-2	3	6	   0.00016861        0.00041313
	-1	3	6	   0.00037531        0.00024307
	0	-3	6	   0.00040158        0.00047552
	1	-3	6	  -0.00037465       -0.00024225
	2	-3	6	   0.00028783        0.00015319
	-2	-3	6	   0.00019013        0.00042118
	-1	-3	6	  -0.00044026       -0.00006225
	0	-2	6	   0.00004102        0.00002483
	1	-2	6	  -0.00110089       -0.00091221
	2	-2	6	   0.00000651        0.00000899
	3	-2	6	  -0.00043076       -0.00035079
	-3	-2	6	  -0.00042550       -0.00036521
	-2	-2	6	   0.00001071       -0.00000255
	-1	-2	6	  -0.00109417       -0.00093065
	0	-1	6	   0.00098273        0.00119033
	1	-1	6	  -0.00025141       -0.00034757
	2	-1	6	   0.00072725        0.00039567
	3	-1	6	  -0.00003495       -0.00032401
	-3	-1	6	  -0.00023425        0.00022265
	-2	-1	6	   0.00047887        0.00107697
	-1	-1	6	  -0.00041402        0.00009845
	0	0	7	  -0.00000000        0.00000000
	1	0	7	  -0.00025905       -0.00023834
	-1	0	7	  -0.00021734       -0.00035273
	0	1	7	   0.00015286        0.00026359
	0	-1	7	   0.00032353        0.00032748
	0	0	-7	   0.00000000       -0.00000000
	1	0	-7	   0.00021734        0.00035273
	-1	0	-7	   0.00025905        0.00023834
	0	1	-7	  -0.00032353       -0.00032748
	0	-1	-7	  -0.00015286       -0.00026359
	0	0	-6	   0.00000000        0.00000000
	1	0	-6	   0.00094112        0.00120022
	2	0	-6	   0.00000359        0.00003373
	3	0	-6	   0.00036893        0.00048328
	-3	0	-6	   0.00038175        0.00044812
	-2	0	-6	   0.00001829       -0.00000659
	-1	0	-6	   0.00095746        0.00115540
	0	1	-6	  -0.00098273       -0.00119033
	1	1	-6	   0.00041402       -0.00009845
	2	1	-6	  -0.00047887       -0.00107697
	3	1	-6	   0.00023425       -0.00022265
	-3	1	-6	   0.00003495        0.00032401
	-2	1	-6	  -0.00072725       -0.00039567
	-1	1	-6	   0.00025141        0.00034757
	0	2	-6	  -0.00004102       -0.00002483
	1	2	-6	   0.00109417        0.00093065
	2	2	-6	  -0.00001071        0.00000255
	3	2	-6	   0.00042550        0.00036521
	-3	2	-6	   0.00043076        0.00035079
	-2	2	-6	  -0.00000651       -0.00000899
	-1	2	-6	   0.00110089        0.00091221
	0	3	-6	  -0.00040158       -0.00047552
	1	3	-6	   0.00044026        0.00006225
	2	3	-6	  -0.00019013       -0.00042118
	-2	3	-6	  -0.00028783       -0.00015319
	-1	3	-6	   0.00037465        0.00024225
	0	-3	-6	  -0.00034911       -0.00045588
	1	-3	-6	  -0.00037531       -0.00024307
	2	-3	-6	  -0.00016861       -0.00041313
	-2	-3	-6	  -0.00026631       -0.00014513
	-1	-3	-6	  -0.00044093       -0.00006308
	0	-2	-6	   0.00001914       -0.00000231
	1	-2	-6	   0.00007772        0.00055013
	2	-2	-6	   0.00000651        0.00000899
	3	-2	-6	   0.00002568        0.00021553
	-3	-2	-6	   0.00003094        0.00020111
	-2	-2	-6	   0.00001071       -0.00000255
	-1	-2	-6	   0.00008445        0.00053168
	0	-1	-6	  -0.00091586       -0.00116529
	1	-1	-6	  -0.00025141       -0.00034757
	2	-1	-6	  -0.00045136       -0.00106667
	3	-1	-6	  -0.00003429       -0.00032318
	-3	-1	-6	  -0.00023358        0.00022348
	-2	-1	-6	  -0.00069974       -0.00038537
	-1	-1	-6	  -0.00041402        0.00009845
	0	0	-5	  -0.00000000       -0.00000000
	1	0	-5	   0.00254749        0.00474975
	2	0	-5	  -0.00047103        0.00147988
	3	0	-5	   0.00069336        0.00264735
	4	0	-5	  -0.00022716        0.00071770
	5	0	-5	   0.00005888        0.00048549
	-5	0	-5	   0.00026594       -0.00008247
	-4	0	-5	   0.00027466       -0.00065876
	-3	0	-5	   0.00159056        0.00018636
	-2	0	-5	   0.00056534       -0.00136286
	-1	0	-5	   0.00334525        0.00256153
	0	1	-5	  -0.00457870       -0.00426673
	1	1	-5	  -0.00004857        0.00001155
	2	1	-5	  -0.00273964       -0.00252144
	3	1	-5	   0.00000287        0.00003453
	4	1	-5	  -0.00064424       -0.00060876
	-4	1	-5	  -0.00064600       -0.00060394
	-3	1	-5	   0.00001674       -0.00000352
	-2	1	-5	  -0.00272063       -0.00257359
	-1	1	-5	  -0.00002949       -0.00004077
	0	2	-5	  -0.00216772       -0.00085238
	1	2	-5	   0.00148497        0.00281980
	2	2	-5	  -0.00160892        0.00038260
	3	2	-5	   0.00042827        0.00162237
	4	2	-5	  -0.00045119        0.00031558
	-4	2	-5	  -0.00014526       -0.00052358
	-3	2	-5	   0.00097639        0.00011890
	-2	2	-5	  -0.00097702       -0.00135070
	-1	2	-5	   0.00195873        0.00152029
	0	3	-5	  -0.00297775       -0.00210412
	1	3	-5	  -0.00004298       -0.00002499
	2	3	-5	  -0.00182275       -0.00129076
	3	3	-5	   0.00000415       -0.00000099
	4	3	-5	  -0.00041473       -0.00030636
	-4	3	-5	  -0.00042077       -0.00028979
	-3	3	-5	   0.00000252        0.00000348
	-2	3	-5	  -0.00182318       -0.00128958
	-1	3	-5	  -0.00004110       -0.00003016
	0	4	-5	  -0.00105053       -0.00041386
	1	4	-5	   0.00036997        0.00067398
	2	4	-5	  -0.00070984       -0.00003949
	3	4	-5	   0.00011377        0.00037793
	-3	4	-5	   0.00023802        0.00003714
	-2	4	-5	  -0.00055977       -0.00045111
	-1	4	-5	   0.00047945        0.00037369
	0	5	-5	  -0.00058608       -0.00036012
	0	-5	-5	   0.00026126       -0.00004290
	0	-4	-5	   0.00100303        0.00035493
	1	-4	-5	   0.00036278        0.00067129
	2	-4	-5	   0.00054212        0.00042921
	3	-4	-5	   0.00008906        0.00036867
	-3	-4	-5	   0.00021330        0.00002789
	-2	-4	-5	   0.00069218        0.00001758
	-1	-4	-5	   0.00047226        0.00037100
	0	-3	-5	   0.00069384       -0.00072959
	1	-3	-5	   0.00001378       -0.00000374
	2	-3	-5	   0.00042029       -0.00045103
	3	-3	-5	  -0.00000252       -0.00000348
	4	-3	-5	   0.00009370       -0.00011602
	-4	-3	-5	   0.00008766       -0.00009945
	-3	-3	-5	  -0.00000415        0.00000099
	-2	-3	-5	   0.00041986       -0.00044985
	-1	-3	-5	   0.00001566       -0.00000891
	0	-2	-5	   0.00207341        0.00073537
	1	-2	-5	   0.00156277        0.00284893
	2	-2	-5	   0.00097702        0.00135070
	3	-2	-5	   0.00042651        0.00162170
	4	-2	-5	   0.00016292        0.00054549
	-4	-2	-5	   0.00046885       -0.00029367
	-3	-2	-5	   0.00097462        0.00011824
	-2	-2	-5	   0.00160892       -0.00038260
	-1	-2	-5	   0.00203654        0.00154942
	0	-1	-5	  -0.00131405       -0.00304455
	1	-1	-5	   0.00002949        0.00004077
	2	-1	-5	  -0.00080088       -0.00179563
	3	-1	-5	   0.00001058        0.00003742
	4	-1	-5	  -0.00019623       -0.00044104
	-4	-1	-5	  -0.00019799       -0.00043622
	-3	-1	-5	   0.00002445       -0.00000063
	-2	-1	-5	  -0.00078186       -0.00184778
	-1	-1	-5	   0.00004857       -0.00001155
	0	0	-4	   0.00000000       -0.00000000
	1	0	-4	   0.00810669        0.01038268
	2	0	-4	   0.00004115        0.00059293
	3	0	-4	   0.00263509        0.00361673
	4	0	-4	   0.00002280        0.00018800
	5	0	-4	   0.00037847        0.00052989
	-5	0	-4	   0.00040875        0.00044683
	-4	0	-4	   0.00010299       -0.00003194
	-3	0	-4	   0.00280946        0.00313845
	-2	0	-4	   0.00031320       -0.00015329
	-1	0	-4	   0.00826961        0.00993579
	0	1	-4	  -0.00852150       -0.01028404
	1	1	-4	   0.00509185       -0.00121084
	2	1	-4	  -0.00319865       -0.00939386
	3	1	-4	   0.00253997       -0.00225776
	4	1	-4	  -0.00035137       -0.00289705
	5	1	-4	   0.00049107       -0.00065417
	-5	1	-4	  -0.00004581        0.00081847
	-4	1	-4	  -0.00158696        0.00049212
	-3	1	-4	   0.00045887        0.00345062
	-2	1	-4	  -0.00597368       -0.00178206
	-1	1	-4	   0.00309202        0.00427463
	0	2	-4	  -0.00073382       -0.00042822
	1	2	-4	   0.01011745        0.00774857
	2	2	-4	  -0.00022187        0.00005276
	3	2	-4	   0.00363785        0.00286705
	4	2	-4	   0.00000774        0.00006384
	5	2	-4	   0.00054139        0.00042812
	-5	2	-4	   0.00055265        0.00039725
	-4	2	-4	   0.00003497       -0.00001084
	-3	2	-4	   0.00370334        0.00268743
	-2	2	-4	  -0.00013473       -0.00018626
	-1	2	-4	   0.01017510        0.00759042
	0	3	-4	  -0.00307905       -0.00351116
	1	3	-4	   0.00457420        0.00056601
	2	3	-4	  -0.00125231       -0.00343433
	3	3	-4	   0.00209284       -0.00049768
	4	3	-4	  -0.00014066       -0.00115971
	5	3	-4	   0.00035372       -0.00019665
	-5	3	-4	   0.00014523        0.00037524
	-4	3	-4	  -0.00063527        0.00019700
	-3	3	-4	   0.00127087        0.00175695
	-2	3	-4	  -0.00225472       -0.00068475
	-1	3	-4	   0.00386120        0.00252175
	0	4	-4	  -0.00022696       -0.00013946
	1	4	-4	   0.00349735        0.00214894
	2	4	-4	  -0.00007707       -0.00004736
	3	4	-4	   0.00140001        0.00086024
	4	4	-4	   0.00000000       -0.00000000
	-4	4	-4	  -0.00000000       -0.00000000
	-3	4	-4	   0.00140001        0.00086024
	-2	4	-4	  -0.00007707       -0.00004736
	-1	4	-4	   0.00349735        0.00214894
	0	5	-4	  -0.00045557       -0.00051156
	1	5	-4	   0.00115465        0.00026282
	2	5	-4	  -0.00018796       -0.00051217
	3	5	-4	   0.00049347       -0.00000481
	-3	5	-4	   0.00036922        0.00033598
	-2	5	-4	  -0.00033803       -0.00010054
	-1	5	-4	   0.00104517        0.00056311
	0	-5	-4	  -0.00033165       -0.00046517
	1	-5	-4	  -0.00104242       -0.00055969
	2	-5	-4	  -0.00014190       -0.00049492
	3	-5	-4	  -0.00035975       -0.00032423
	-3	-5	-4	  -0.00048399        0.00001656
	-2	-5	-4	  -0.00029197       -0.00008330
	-1	-5	-4	  -0.00115189       -0.00025940
	0	-4	-4	   0.00010117       -0.00001661
	1	-4	-4	  -0.00155902        0.00025599
	2	-4	-4	   0.00003436       -0.00000564
	3	-4	-4	  -0.00062408        0.00010248
	4	-4	-4	   0.00000000        0.00000000
	-4	-4	-4	  -0.00000000        0.00000000
	-3	-4	-4	  -0.00062408        0.00010248
	-2	-4	-4	   0.00003436       -0.00000564
	-1	-4	-4	  -0.00155902        0.00025599
	0	-3	-4	  -0.00236550       -0.00324403
	1	-3	-4	  -0.00394222       -0.00262228
	2	-3	-4	  -0.00098433       -0.00333401
	3	-3	-4	  -0.00127087       -0.00175695
	4	-3	-4	  -0.00014066       -0.00115971
	5	-3	-4	  -0.00015470       -0.00038699
	-5	-3	-4	  -0.00036320        0.00018490
	-4	-3	-4	  -0.00063527        0.00019700
	-3	-3	-4	  -0.00209284        0.00049768
	-2	-3	-4	  -0.00198674       -0.00058443
	-1	-3	-4	  -0.00465523       -0.00066653
	0	-2	-4	   0.00037948       -0.00001143
	1	-2	-4	  -0.00123873        0.00349716
	2	-2	-4	   0.00013473        0.00018626
	3	-2	-4	  -0.00046429        0.00133133
	4	-2	-4	   0.00000774        0.00006384
	5	-2	-4	  -0.00007272        0.00019822
	-5	-2	-4	  -0.00006146        0.00016734
	-4	-2	-4	   0.00003497       -0.00001084
	-3	-2	-4	  -0.00039881        0.00115171
	-2	-2	-4	   0.00022187       -0.00005276
	-1	-2	-4	  -0.00118107        0.00333901
	0	-1	-4	  -0.00785479       -0.01003444
	1	-1	-4	  -0.00309202       -0.00427463
	2	-1	-4	  -0.00296270       -0.00930552
	3	-1	-4	  -0.00037785       -0.00335009
	4	-1	-4	  -0.00035137       -0.00289705
	5	-1	-4	   0.00004306       -0.00082189
	-5	-1	-4	  -0.00049382        0.00065075
	-4	-1	-4	  -0.00158696        0.00049212
	-3	-1	-4	  -0.00245894        0.00235828
	-2	-1	-4	  -0.00573773       -0.00169373
	-1	-1	-4	  -0.00509185        0.00121084
	0	0	-3	   0.00000000        0.00000000
	1	0	-3	   0.01629634        0.03978343
	2	0	-3	  -0.00458995        0.01448836
	3	0	-3	   0.00200348        0.01651864
	4	0	-3	  -0.00159854        0.00492959
	5	0	-3	  -0.00002420        0.00286986
	6	0	-3	  -0.00022921        0.00066877
	-6	0	-3	   0.00024932       -0.00064381
	-5	0	-3	   0.00143168       -0.00112356
	-4	0	-3	   0.00187208       -0.00459020
	-3	0	-3	   0.00904865       -0.00280599
	-2	0	-3	   0.00554299       -0.01330590
	-1	0	-3	   0.02611847        0.01284169
	0	1	-3	  -0.04130483       -0.03383642
	1	1	-3	  -0.00055742        0.00013255
	2	1	-3	  -0.01843782       -0.01466668
	3	1	-3	   0.00002778        0.00022901
	4	1	-3	  -0.00311709       -0.00250065
	5	1	-3	   0.00000603        0.00003883
	6	1	-3	  -0.00029080       -0.00024364
	-6	1	-3	  -0.00029038       -0.00024480
	-5	1	-3	   0.00002344       -0.00000895
	-4	1	-3	  -0.00306545       -0.00264232
	-3	1	-3	   0.00012545       -0.00003890
	-2	1	-3	  -0.01811727       -0.01554595
	-1	1	-3	  -0.00033849       -0.00046795
	0	2	-3	  -0.02120990       -0.00835317
	1	2	-3	   0.00674714        0.01744672
	2	2	-3	  -0.01303504        0.00309973
	3	2	-3	   0.00108401        0.00893765
	4	2	-3	  -0.00303207        0.00212760
	5	2	-3	  -0.00001809        0.00175957
	6	2	-3	  -0.00034126        0.00032932
	-6	2	-3	  -0.00005031       -0.00046877
	-5	2	-3	   0.00087618       -0.00069339
	-4	2	-3	  -0.00096735       -0.00353586
	-3	2	-3	   0.00489590       -0.00151822
	-2	2	-3	  -0.00791550       -0.01094297
	-1	2	-3	   0.01101813        0.00573158
	0	3	-3	  -0.01994145       -0.01225300
	1	3	-3	  -0.00027647       -0.00016987
	2	3	-3	  -0.01078961       -0.00662967
	3	3	-3	  -0.00000000       -0.00000000
	4	3	-3	  -0.00232659       -0.00142957
	5	3	-3	  -0.00000461       -0.00000283
	-5	3	-3	  -0.00000461       -0.00000283
	-4	3	-3	  -0.00232659       -0.00142957
	-3	3	-3	   0.00000000       -0.00000000
	-2	3	-3	  -0.01078961       -0.00662967
	-1	3	-3	  -0.00027647       -0.00016987
	0	4	-3	  -0.00723814       -0.00282823
	1	4	-3	   0.00117018        0.00296363
	2	4	-3	  -0.00477729       -0.00027054
	3	4	-3	   0.00023375        0.00192725
	4	4	-3	  -0.00125935        0.00029947
	5	4	-3	  -0.00001915        0.00040223
	-5	4	-3	   0.00018934       -0.00016966
	-4	4	-3	  -0.00076474       -0.00105723
	-3	4	-3	   0.00105571       -0.00032738
	-2	4	-3	  -0.00377487       -0.00302012
	-1	4	-3	   0.00188319        0.00100788
	0	5	-3	  -0.00368267       -0.00198837
	1	5	-3	  -0.00004558       -0.00002942
	2	5	-3	  -0.00225996       -0.00121786
	3	5	-3	   0.00000046        0.00000382
	4	5	-3	  -0.00052708       -0.00027234
	-4	5	-3	  -0.00052104       -0.00028890
	-3	5	-3	   0.00000209       -0.00000065
	-2	5	-3	  -0.00225952       -0.00121904
	-1	5	-3	  -0.00004746       -0.00002426
	0	6	-3	  -0.00098919       -0.00037903
	1	6	-3	   0.00012265        0.00028363
	2	6	-3	  -0.00064831       -0.00009400
	-2	6	-3	  -0.00055061       -0.00036199
	-1	6	-3	   0.00018826        0.00010363
	0	-6	-3	   0.00096907        0.00035408
	1	-6	-3	   0.00012438        0.00028428
	2	-6	-3	   0.00054236        0.00035175
	-2	-6	-3	   0.00064006        0.00008376
	-1	-6	-3	   0.00019000        0.00010428
	0	-5	-3	   0.00227519        0.00024207
	1	-5	-3	   0.00002570       -0.00000274
	2	-5	-3	   0.00139967        0.00015219
	3	-5	-3	   0.00000046        0.00000382
	4	-5	-3	   0.00032614        0.00004708
	-4	-5	-3	   0.00033218        0.00003052
	-3	-5	-3	   0.00000209       -0.00000065
	-2	-5	-3	   0.00140010        0.00015101
	-1	-5	-3	   0.00002382        0.00000243
	0	-4	-3	   0.00696460        0.00248884
	1	-4	-3	   0.00138154        0.00304275
	2	-4	-3	   0.00367214        0.00289267
	3	-4	-3	   0.00023375        0.00192725
	4	-4	-3	   0.00076474        0.00105723
	5	-4	-3	   0.00000556        0.00041148
	-5	-4	-3	   0.00021406       -0.00016041
	-4	-4	-3	   0.00125935       -0.00029947
	-3	-4	-3	   0.00105571       -0.00032738
	-2	-4	-3	   0.00467456        0.00014308
	-1	-4	-3	   0.00209454        0.00108700
	0	-3	-3	   0.00888932       -0.00145965
	1	-3	-3	   0.00012324       -0.00002024
	2	-3	-3	   0.00480970       -0.00078976
	3	-3	-3	  -0.00000000        0.00000000
	4	-3	-3	   0.00103713       -0.00017030
	5	-3	-3	   0.00000205       -0.00000034
	-5	-3	-3	   0.00000205       -0.00000034
	-4	-3	-3	   0.00103713       -0.00017030
	-3	-3	-3	  -0.00000000        0.00000000
	-2	-3	-3	   0.00480970       -0.00078976
	-1	-3	-3	   0.00012324       -0.00002024
	0	-2	-3	   0.02025686        0.00717071
	1	-2	-3	   0.00805894        0.01793781
	2	-2	-3	   0.00791550        0.01094297
	3	-2	-3	   0.00108401        0.00893765
	4	-2	-3	   0.00107007        0.00366332
	5	-2	-3	  -0.00001633        0.00176024
	6	-2	-3	   0.00005856        0.00047900
	-6	-2	-3	   0.00034951       -0.00031908
	-5	-2	-3	   0.00087795       -0.00069273
	-4	-2	-3	   0.00313480       -0.00200015
	-3	-2	-3	   0.00489590       -0.00151822
	-2	-2	-3	   0.01303504       -0.00309973
	-1	-2	-3	   0.01232992        0.00622267
	0	-1	-3	  -0.00110998       -0.01878870
	1	-1	-3	   0.00033849        0.00046795
	2	-1	-3	  -0.00095980       -0.00812344
	3	-1	-3	   0.00002778        0.00022901
	4	-1	-3	  -0.00019928       -0.00140831
	5	-1	-3	  -0.00000168        0.00003594
	6	-1	-3	  -0.00002227       -0.00014311
	-6	-1	-3	  -0.00002184       -0.00014427
	-5	-1	-3	   0.00001573       -0.00001183
	-4	-1	-3	  -0.00014763       -0.00154998
	-3	-1	-3	   0.00012545       -0.00003890
	-2	-1	-3	  -0.00063924       -0.00900271
	-1	-1	-3	   0.00055742       -0.00013255
	0	0	-2	  -0.00000000        0.00000000
	1	0	-2	   0.04646587        0.06028223
	2	0	-2	   0.00051220        0.00422311
	3	0	-2	   0.00764428        0.01069452
	4	0	-2	   0.00010045        0.00057454
	5	0	-2	   0.00078285        0.00109105
	6	0	-2	   0.00000456        0.00003343
	-6	0	-2	   0.00001850       -0.00000482
	-5	0	-2	   0.00084297        0.00092614
	-4	0	-2	   0.00032633       -0.00004503
	-3	0	-2	   0.00825179        0.00902813
	-2	0	-2	   0.00231335       -0.00071737
	-1	0	-2	   0.04778669        0.05665927
	0	1	-2	  -0.04982886       -0.05948251
	1	1	-2	   0.05279519       -0.01255467
	2	1	-2	  -0.00612956       -0.05053813
	3	1	-2	   0.01507078       -0.01309454
	4	1	-2	   0.00078955       -0.01046910
	5	1	-2	   0.00210669       -0.00269727
	6	1	-2	   0.00019459       -0.00126698
	-6	1	-2	  -0.00055672        0.00079383
	-5	1	-2	  -0.00013809        0.00346009
	-4	1	-2	  -0.00490693        0.00515614
	-3	1	-2	   0.00291012        0.02026170
	-2	1	-2	  -0.02768398        0.00858483
	-1	1	-2	   0.03205978        0.04432178
	0	2	-2	  -0.00509817       -0.00313257
	1	2	-2	   0.06101007        0.03748757
	2	2	-2	   0.00000000        0.00000000
	3	2	-2	   0.01449091        0.00890393
	4	2	-2	   0.00024665        0.00015155
	5	2	-2	   0.00178862        0.00109902
	6	2	-2	   0.00001191        0.00000732
	-6	2	-2	   0.00001191        0.00000732
	-5	2	-2	   0.00178862        0.00109902
	-4	2	-2	   0.00024665        0.00015155
	-3	2	-2	   0.01449091        0.00890393
	-2	2	-2	   0.00000000       -0.00000000
	-1	2	-2	   0.06101007        0.03748757
	0	3	-2	  -0.00919109       -0.01032669
	1	3	-2	   0.02676644        0.00314567
	2	3	-2	  -0.00145587       -0.01200365
	3	3	-2	   0.00970560       -0.00230799
	4	3	-2	   0.00038009       -0.00375712
	5	3	-2	   0.00156832       -0.00080704
	6	3	-2	   0.00007960       -0.00049010
	-6	3	-2	  -0.00021135        0.00030799
	-5	3	-2	   0.00067404        0.00164592
	-4	3	-2	  -0.00168464        0.00190635
	-3	3	-2	   0.00589371        0.00814789
	-2	3	-2	  -0.00657541        0.00203904
	-1	3	-2	   0.02249546        0.01486081
	0	4	-2	  -0.00067556       -0.00043778
	1	4	-2	   0.01386129        0.00698514
	2	4	-2	  -0.00002478       -0.00020431
	3	4	-2	   0.00504373        0.00246734
	4	4	-2	   0.00006933       -0.00001649
	5	4	-2	   0.00074931        0.00036495
	-5	4	-2	   0.00073806        0.00039583
	-4	4	-2	   0.00004210        0.00005820
	-3	4	-2	   0.00497824        0.00264696
	-2	4	-2	  -0.00011192        0.00003471
	-1	4	-2	   0.01380363        0.00714329
	0	5	-2	  -0.00093592       -0.00105465
	1	5	-2	   0.00481510        0.00105127
	2	5	-2	  -0.00017970       -0.00148162
	3	5	-2	   0.00210421       -0.00006629
	4	5	-2	   0.00005829       -0.00055700
	-4	5	-2	  -0.00024764        0.00028216
	-3	5	-2	   0.00155609        0.00143718
	-2	5	-2	  -0.00081161        0.00025168
	-1	5	-2	   0.00434134        0.00235078
	0	6	-2	  -0.00004007       -0.00002499
	1	6	-2	   0.00173546        0.00080801
	2	6	-2	  -0.00000120       -0.00000987
	3	6	-2	   0.00067460        0.00031075
	-3	6	-2	   0.00066934        0.00032517
	-2	6	-2	  -0.00000540        0.00000168
	-1	6	-2	   0.00172874        0.00082645
	0	-6	-2	   0.00001701       -0.00000362
	1	-6	-2	  -0.00133909       -0.00034301
	2	-6	-2	  -0.00000120       -0.00000987
	3	-6	-2	  -0.00051607       -0.00013501
	-3	-6	-2	  -0.00052133       -0.00012058
	-2	-6	-2	  -0.00000540        0.00000168
	-1	-6	-2	  -0.00134581       -0.00032456
	0	-5	-2	  -0.00068990       -0.00096254
	1	-5	-2	  -0.00437116       -0.00238779
	2	-5	-2	  -0.00017970       -0.00148162
	3	-5	-2	  -0.00155541       -0.00143634
	4	-5	-2	   0.00001223       -0.00057425
	-4	-5	-2	  -0.00029370        0.00026491
	-3	-5	-2	  -0.00210353        0.00006713
	-2	-5	-2	  -0.00081161        0.00025168
	-1	-5	-2	  -0.00484493       -0.00108827
	0	-4	-2	   0.00024879       -0.00009173
	1	-4	-2	  -0.00945030       -0.00174200
	2	-4	-2	  -0.00002478       -0.00020431
	3	-4	-2	  -0.00340570       -0.00069587
	4	-4	-2	  -0.00004210       -0.00005820
	5	-4	-2	  -0.00050264       -0.00010374
	-5	-4	-2	  -0.00051390       -0.00007287
	-4	-4	-2	  -0.00006933        0.00001649
	-3	-4	-2	  -0.00347119       -0.00051625
	-2	-4	-2	  -0.00011192        0.00003471
	-1	-4	-2	  -0.00950795       -0.00158385
	0	-3	-2	  -0.00670498       -0.00939596
	1	-3	-2	  -0.02299833       -0.01548473
	2	-3	-2	  -0.00145587       -0.01200365
	3	-3	-2	  -0.00589371       -0.00814789
	4	-3	-2	   0.00011211       -0.00385744
	5	-3	-2	  -0.00067472       -0.00164676
	6	-3	-2	   0.00005808       -0.00049815
	-6	-3	-2	  -0.00023287        0.00029993
	-5	-3	-2	  -0.00156900        0.00080620
	-4	-3	-2	  -0.00195262        0.00180603
	-3	-3	-2	  -0.00970560        0.00230799
	-2	-3	-2	  -0.00657541        0.00203904
	-1	-3	-2	  -0.02726931       -0.00376959
	0	-2	-2	   0.00227262       -0.00037317
	1	-2	-2	  -0.02719652        0.00446573
	2	-2	-2	   0.00000000       -0.00000000
	3	-2	-2	  -0.00645963        0.00106069
	4	-2	-2	  -0.00010995        0.00001805
	5	-2	-2	  -0.00079732        0.00013092
	6	-2	-2	  -0.00000531        0.00000087
	-6	-2	-2	  -0.00000531        0.00000087
	-5	-2	-2	  -0.00079732        0.00013092
	-4	-2	-2	  -0.00010995        0.00001805
	-3	-2	-2	  -0.00645963        0.00106069
	-2	-2	-2	   0.00000000       -0.00000000
	-1	-2	-2	  -0.02719652        0.00446573
	0	-1	-2	  -0.04442371       -0.05745899
	1	-1	-2	  -0.03205978       -0.04432178
	2	-1	-2	  -0.00612956       -0.05053813
	3	-1	-2	  -0.00240725       -0.01963778
	4	-1	-2	   0.00055360       -0.01055743
	5	-1	-2	   0.00016792       -0.00342308
	6	-1	-2	   0.00016707       -0.00127728
	-6	-1	-2	  -0.00058423        0.00078353
	-5	-1	-2	  -0.00207686        0.00273427
	-4	-1	-2	  -0.00514288        0.00506781
	-3	-1	-2	  -0.01456791        0.01371846
	-2	-1	-2	  -0.02768398        0.00858483
	-1	-1	-2	  -0.05279519        0.01255467
	0	0	-1	  -0.00000000       -0.00000000
	1	0	-1	   0.02698659        0.22250400
	2	0	-1	  -0.02900460        0.08368569
	3	0	-1	  -0.00581440        0.04663999
	4	0	-1	  -0.00509174        0.01447552
	5	0	-1	  -0.00125242        0.00592810
	6	0	-1	  -0.00059231        0.00167574
	7	0	-1	  -0.00011913        0.00045707
	-7	0	-1	   0.00018455       -0.00037590
	-6	0	-1	   0.00061794       -0.00164393
	-5	0	-1	   0.00250391       -0.00437536
	-4	0	-1	   0.00534732       -0.01415841
	-3	0	-1	   0.02122289       -0.02752229
	-2	0	-1	   0.03107664       -0.08111487
	-1	0	-1	   0.12188414       -0.03779638
	0	1	-1	  -0.26860875       -0.16504636
	1	1	-1	   0.00000000       -0.00000000
	2	1	-1	  -0.05869185       -0.03606315
	3	1	-1	   0.00061967        0.00038076
	4	1	-1	  -0.00566056       -0.00347812
	5	1	-1	   0.00005399        0.00003317
	6	1	-1	  -0.00046026       -0.00028281
	-6	1	-1	  -0.00046026       -0.00028281
	-5	1	-1	   0.00005399        0.00003317
	-4	1	-1	  -0.00566056       -0.00347812
	-3	1	-1	   0.00061967        0.00038076
	-2	1	-1	  -0.05869185       -0.03606315
	-1	1	-1	   0.00000000       -0.00000000
	0	2	-1	  -0.12397045       -0.04730830
	1	2	-1	   0.00589665        0.04861782
	2	2	-1	  -0.05488051        0.01305056
	3	2	-1	  -0.00207438        0.02108017
	4	2	-1	  -0.00848111        0.00574303
	5	2	-1	  -0.00071188        0.00355431
	6	2	-1	  -0.00087860        0.00084668
	-6	2	-1	  -0.00012730       -0.00121412
	-5	2	-1	   0.00153290       -0.00260305
	-4	2	-1	  -0.00278462       -0.00988221
	-3	2	-1	   0.01008629       -0.01227607
	-2	2	-1	  -0.03332609       -0.04607240
	-1	2	-1	   0.02663207       -0.00825863
	0	3	-1	  -0.06302625       -0.03026971
	1	3	-1	  -0.00006226       -0.00051331
	2	3	-1	  -0.02807216       -0.01391133
	3	3	-1	   0.00024869       -0.00005914
	4	3	-1	  -0.00479165       -0.00235887
	5	3	-1	   0.00003857       -0.00001143
	6	3	-1	  -0.00045905       -0.00021711
	-6	3	-1	  -0.00045947       -0.00021594
	-5	3	-1	   0.00002115        0.00003635
	-4	3	-1	  -0.00484330       -0.00221720
	-3	3	-1	   0.00015102        0.00020878
	-2	3	-1	  -0.02839272       -0.01303206
	-1	3	-1	  -0.00028118        0.00008720
	0	4	-1	  -0.02148753       -0.00815498
	1	4	-1	   0.00056870        0.00468896
	2	4	-1	  -0.01308853       -0.00061378
	3	4	-1	  -0.00037561        0.00358764
	4	4	-1	  -0.00314598        0.00074811
	5	4	-1	  -0.00018616        0.00084152
	-5	4	-1	   0.00035072       -0.00063113
	-4	4	-1	  -0.00191039       -0.00264106
	-3	4	-1	   0.00170549       -0.00212073
	-2	4	-1	  -0.01031350       -0.00822558
	-1	4	-1	   0.00256854       -0.00079651
	0	5	-1	  -0.00831170       -0.00365376
	1	5	-1	  -0.00000542       -0.00004472
	2	5	-1	  -0.00495524       -0.00220667
	3	5	-1	   0.00004110       -0.00000751
	4	5	-1	  -0.00118528       -0.00051539
	-4	5	-1	  -0.00118353       -0.00052021
	-3	5	-1	   0.00002722        0.00003053
	-2	5	-1	  -0.00497425       -0.00215452
	-1	5	-1	  -0.00002450        0.00000760
	0	6	-1	  -0.00248916       -0.00094297
	1	6	-1	   0.00004624        0.00038126
	2	6	-1	  -0.00166674       -0.00024140
	3	6	-1	  -0.00004731        0.00033752
	-3	6	-1	   0.00015199       -0.00020915
	-2	6	-1	  -0.00141836       -0.00092270
	-1	6	-1	   0.00020885       -0.00006476
	0	7	-1	  -0.00065407       -0.00027320
	0	-7	-1	   0.00058865        0.00019203
	0	-6	-1	   0.00246352        0.00091116
	1	-6	-1	   0.00004624        0.00038126
	2	-6	-1	   0.00140781        0.00090962
	3	-6	-1	  -0.00004905        0.00033687
	-3	-6	-1	   0.00015025       -0.00020980
	-2	-6	-1	   0.00165619        0.00022832
	-1	-6	-1	   0.00020885       -0.00006476
	0	-5	-1	   0.00706021        0.00210101
	1	-5	-1	  -0.00000542       -0.00004472
	2	-5	-1	   0.00423103        0.00123239
	3	-5	-1	  -0.00003018       -0.00003420
	4	-5	-1	   0.00101178        0.00030712
	-4	-5	-1	   0.00101354        0.00030231
	-3	-5	-1	  -0.00004405        0.00000385
	-2	-5	-1	   0.00421202        0.00128454
	-1	-5	-1	  -0.00002450        0.00000760
	0	-4	-1	   0.02123195        0.00783788
	1	-4	-1	   0.00056870        0.00468896
	2	-4	-1	   0.01022305        0.00811336
	3	-4	-1	  -0.00058696        0.00350852
	4	-4	-1	   0.00191039        0.00264106
	5	-4	-1	  -0.00017898        0.00084421
	-5	-4	-1	   0.00035791       -0.00062843
	-4	-4	-1	   0.00314598       -0.00074811
	-3	-4	-1	   0.00149414       -0.00219986
	-2	-4	-1	   0.01299808        0.00050156
	-1	-4	-1	   0.00256854       -0.00079651
	0	-3	-1	   0.04761776        0.01115201
	1	-3	-1	  -0.00006226       -0.00051331
	2	-3	-1	   0.02169260        0.00471907
	3	-3	-1	  -0.00015102       -0.00020878
	4	-3	-1	   0.00372477        0.00082942
	5	-3	-1	  -0.00001820       -0.00003268
	6	-3	-1	   0.00035653        0.00008822
	-6	-3	-1	   0.00035611        0.00008938
	-5	-3	-1	  -0.00003561        0.00001509
	-4	-3	-1	   0.00367312        0.00097108
	-3	-3	-1	  -0.00024869        0.00005914
	-2	-3	-1	   0.02137205        0.00559834
	-1	-3	-1	  -0.00028118        0.00008719
	0	-2	-1	   0.12189841        0.04473747
	1	-2	-1	   0.00589665        0.04861782
	2	-2	-1	   0.03332609        0.04607240
	3	-2	-1	  -0.00338618        0.02058907
	4	-2	-1	   0.00287507        0.00999444
	5	-2	-1	  -0.00078969        0.00352518
	6	-2	-1	   0.00013784        0.00122721
	-6	-2	-1	   0.00088915       -0.00083360
	-5	-2	-1	   0.00145510       -0.00263218
	-4	-2	-1	   0.00857156       -0.00563081
	-3	-2	-1	   0.00877449       -0.01276717
	-2	-2	-1	   0.05488051       -0.01305056
	-1	-2	-1	   0.02663207       -0.00825863
	0	-1	-1	   0.11973801       -0.01966126
	1	-1	-1	   0.00000000       -0.00000000
	2	-1	-1	   0.02616313       -0.00429605
	3	-1	-1	  -0.00027623        0.00004536
	4	-1	-1	   0.00252331       -0.00041433
	5	-1	-1	  -0.00002407        0.00000395
	6	-1	-1	   0.00020517       -0.00003369
	-6	-1	-1	   0.00020517       -0.00003369
	-5	-1	-1	  -0.00002407        0.00000395
	-4	-1	-1	   0.00252331       -0.00041433
	-3	-1	-1	  -0.00027623        0.00004536
	-2	-1	-1	   0.02616313       -0.00429605
	-1	-1	-1	   0.00000000       -0.00000000

n_band : 14,	energy : -0.7285,	occupation : 1.0
	0	0	0	  -0.00000000       -0.00000000
	1	0	0	   0.08241550        0.02752684
	2	0	0	   0.11027958        0.03683347
	3	0	0	   0.01819521        0.00607721
	4	0	0	   0.01697875        0.00567091
	5	0	0	   0.00258735        0.00086418
	6	0	0	   0.00181159        0.00060507
	7	0	0	   0.00022181        0.00007409
	-7	0	0	  -0.00022181       -0.00007409
	-6	0	0	  -0.00181159       -0.00060507
	-5	0	0	  -0.00258735       -0.00086418
	-4	0	0	  -0.01697875       -0.00567091
	-3	0	0	  -0.01819521       -0.00607721
	-2	0	0	  -0.11027958       -0.03683347
	-1	0	0	  -0.08241550       -0.02752684
	0	1	0	  -0.01836820       -0.17959964
	1	1	0	  -0.02064165        0.04901115
	2	1	0	   0.00879059       -0.02140791
	3	1	0	  -0.00421444        0.00454891
	4	1	0	   0.00240937       -0.00131470
	5	1	0	  -0.00059465        0.00030902
	6	1	0	   0.00033009       -0.00007963
	7	1	0	  -0.00006450        0.00000300
	-7	1	0	   0.00006970        0.00004782
	-6	1	0	  -0.00037030       -0.00031356
	-5	1	0	   0.00070216        0.00074216
	-4	1	0	  -0.00285823       -0.00307409
	-3	1	0	   0.00547592        0.00778549
	-2	1	0	  -0.01394617       -0.02900201
	-1	1	0	   0.03248132        0.06675427
	0	2	0	  -0.02457835       -0.24032095
	1	2	0	   0.00903246       -0.02091079
	2	2	0	   0.02811790       -0.06676266
	3	2	0	   0.00715525       -0.00115471
	4	2	0	   0.00807732       -0.00632255
	5	2	0	   0.00147069        0.00000580
	6	2	0	   0.00103683       -0.00042124
	-6	2	0	  -0.00119938       -0.00116814
	-5	2	0	  -0.00157349       -0.00101096
	-4	2	0	  -0.00998766       -0.01235627
	-3	2	0	  -0.00790592       -0.00618515
	-2	2	0	  -0.04424583       -0.09093221
	-1	2	0	  -0.01409986       -0.02863701
	0	3	0	  -0.00405522       -0.03965094
	1	3	0	  -0.00175017        0.00961339
	2	3	0	   0.00000570       -0.01584815
	3	3	0	  -0.00122108        0.00289932
	4	3	0	   0.00056851       -0.00239210
	5	3	0	  -0.00025664        0.00042079
	6	3	0	   0.00010458       -0.00022810
	-6	3	0	  -0.00016029       -0.00031656
	-5	3	0	   0.00036391        0.00062805
	-4	3	0	  -0.00111532       -0.00295451
	-3	3	0	   0.00192147        0.00394893
	-2	3	0	  -0.00336243       -0.01697311
	-1	3	0	   0.00390989        0.01150386
	0	4	0	  -0.00378411       -0.03700005
	1	4	0	   0.00041997       -0.00540325
	2	4	0	   0.00227261       -0.01825216
	3	4	0	   0.00103910       -0.00142498
	4	4	0	   0.00145631       -0.00345784
	5	4	0	   0.00032481       -0.00019715
	-5	4	0	  -0.00038953       -0.00043574
	-4	4	0	  -0.00229163       -0.00470966
	-3	4	0	  -0.00141438       -0.00224444
	-2	4	0	  -0.00629881       -0.02111502
	-1	4	0	  -0.00159398       -0.00607591
	0	5	0	  -0.00057665       -0.00563833
	1	5	0	  -0.00009667        0.00133246
	2	5	0	  -0.00010861       -0.00323990
	3	5	0	  -0.00017149        0.00059578
	4	5	0	   0.00006561       -0.00072984
	5	5	0	  -0.00003939        0.00009353
	-5	5	0	   0.00006198        0.00012739
	-4	5	0	  -0.00022481       -0.00082684
	-3	5	0	   0.00030980        0.00075653
	-2	5	0	  -0.00056986       -0.00339396
	-1	5	0	   0.00038570        0.00149357
	0	6	0	  -0.00040375       -0.00394781
	1	6	0	   0.00001216       -0.00073302
	2	6	0	   0.00011548       -0.00231477
	3	6	0	   0.00009545       -0.00024686
	-3	6	0	  -0.00015449       -0.00033034
	-2	6	0	  -0.00061387       -0.00255837
	-1	6	0	  -0.00016826       -0.00079328
	0	7	0	  -0.00004944       -0.00048338
	1	7	0	   0.00000329        0.00014233
	-1	7	0	   0.00002662        0.00015012
	0	-7	0	   0.00004944        0.00048338
	1	-7	0	  -0.00002662       -0.00015012
	-1	-7	0	  -0.00000329       -0.00014233
	0	-6	0	   0.00040375        0.00394781
	1	-6	0	   0.00016826        0.00079328
	2	-6	0	   0.00061387        0.00255837
	3	-6	0	   0.00015449        0.00033034
	-3	-6	0	  -0.00009545        0.00024686
	-2	-6	0	  -0.00011548        0.00231477
	-1	-6	0	  -0.00001216        0.00073302
	0	-5	0	   0.00057665        0.00563833
	1	-5	0	  -0.00038570       -0.00149357
	2	-5	0	   0.00056986        0.00339396
	3	-5	0	  -0.00030980       -0.00075653
	4	-5	0	   0.00022481        0.00082684
	5	-5	0	  -0.00006198       -0.00012739
	-5	-5	0	   0.00003939       -0.00009353
	-4	-5	0	  -0.00006561        0.00072984
	-3	-5	0	   0.00017149       -0.00059578
	-2	-5	0	   0.00010861        0.00323990
	-1	-5	0	   0.00009667       -0.00133246
	0	-4	0	   0.00378411        0.03700005
	1	-4	0	   0.00159398        0.00607591
	2	-4	0	   0.00629881        0.02111502
	3	-4	0	   0.00141438        0.00224444
	4	-4	0	   0.00229163        0.00470966
	5	-4	0	   0.00038953        0.00043574
	-5	-4	0	  -0.00032481        0.00019715
	-4	-4	0	  -0.00145631        0.00345784
	-3	-4	0	  -0.00103910        0.00142498
	-2	-4	0	  -0.00227261        0.01825216
	-1	-4	0	  -0.00041997        0.00540325
	0	-3	0	   0.00405522        0.03965094
	1	-3	0	  -0.00390990       -0.01150386
	2	-3	0	   0.00336243        0.01697311
	3	-3	0	  -0.00192147       -0.00394893
	4	-3	0	   0.00111532        0.00295451
	5	-3	0	  -0.00036391       -0.00062805
	6	-3	0	   0.00016029        0.00031656
	-6	-3	0	  -0.00010458        0.00022810
	-5	-3	0	   0.00025664       -0.00042079
	-4	-3	0	  -0.00056851        0.00239211
	-3	-3	0	   0.00122108       -0.00289932
	-2	-3	0	  -0.00000570        0.01584815
	-1	-3	0	   0.00175018       -0.00961339
	0	-2	0	   0.02457835        0.24032095
	1	-2	0	   0.01409986        0.02863700
	2	-2	0	   0.04424582        0.09093220
	3	-2	0	   0.00790592        0.00618515
	4	-2	0	   0.00998766        0.01235627
	5	-2	0	   0.00157349        0.00101096
	6	-2	0	   0.00119938        0.00116814
	-6	-2	0	  -0.00103683        0.00042124
	-5	-2	0	  -0.00147069       -0.00000580
	-4	-2	0	  -0.00807732        0.00632256
	-3	-2	0	  -0.00715525        0.00115470
	-2	-2	0	  -0.02811789        0.06676268
	-1	-2	0	  -0.00903246        0.02091080
	0	-1	0	   0.01836820        0.17959964
	1	-1	0	  -0.03248132       -0.06675427
	2	-1	0	   0.01394616        0.02900200
	3	-1	0	  -0.00547593       -0.00778550
	4	-1	0	   0.00285823        0.00307409
	5	-1	0	  -0.00070216       -0.00074216
	6	-1	0	   0.00037030        0.00031356
	7	-1	0	  -0.00006970       -0.00004782
	-7	-1	0	   0.00006450       -0.00000300
	-6	-1	0	  -0.00033009        0.00007963
	-5	-1	0	   0.00059465       -0.00030902
	-4	-1	0	  -0.00240937        0.00131470
	-3	-1	0	   0.00421445       -0.00454890
	-2	-1	0	  -0.00879058        0.02140792
	-1	-1	0	   0.02064165       -0.04901116
	0	0	1	   0.08771817        0.08267484
	1	0	1	  -0.05483196       -0.03551662
	2	0	1	   0.02367872        0.01539961
	3	0	1	  -0.00785730       -0.00445724
	4	0	1	   0.00370556        0.00188983
	5	0	1	  -0.00090511       -0.00045851
	6	0	1	   0.00044621        0.00020746
	7	0	1	  -0.00007951       -0.00003411
	-7	0	1	   0.00005469        0.00001071
	-6	0	1	  -0.00025418       -0.00002647
	-5	0	1	   0.00039170       -0.00002538
	-4	0	1	  -0.00156204        0.00013045
	-3	0	1	   0.00183306       -0.00122065
	-2	0	1	   0.00094196        0.00780552
	-1	0	1	  -0.00170898       -0.01777351
	0	1	1	  -0.02235062        0.03123765
	1	1	1	  -0.15652013        0.07157212
	2	1	1	  -0.03022448        0.00015625
	3	1	1	  -0.03856991        0.00284923
	4	1	1	  -0.00506256       -0.00061665
	5	1	1	  -0.00496704       -0.00030193
	6	1	1	  -0.00062680       -0.00011754
	-6	1	1	   0.00052076        0.00026574
	-5	1	1	   0.00339965        0.00249255
	-4	1	1	   0.00382181        0.00235074
	-3	1	1	   0.02040009        0.02254525
	-2	1	1	   0.01838440        0.01639166
	-1	1	1	   0.01347485        0.12835059
	0	2	1	   0.00977662       -0.01317134
	1	2	1	  -0.00910662        0.04355682
	2	2	1	   0.00645864       -0.00249871
	3	2	1	  -0.00340339        0.00754767
	4	2	1	   0.00181366       -0.00006048
	5	2	1	  -0.00052766        0.00078859
	6	2	1	   0.00025595       -0.00001317
	-6	2	1	  -0.00016170       -0.00015266
	-5	2	1	   0.00042333        0.00110622
	-4	2	1	  -0.00087461       -0.00095836
	-3	2	1	   0.00244158        0.00949989
	-2	2	1	  -0.00020326       -0.00472380
	-1	2	1	   0.00496411        0.04825644
	0	3	1	  -0.00193226        0.00771968
	1	3	1	  -0.01571625        0.04981713
	2	3	1	  -0.00540448        0.00343513
	3	3	1	  -0.00918264        0.01174345
	4	3	1	  -0.00173820        0.00063717
	5	3	1	  -0.00176920        0.00132370
	6	3	1	  -0.00024958        0.00003681
	-6	3	1	   0.00022669        0.00019588
	-5	3	1	   0.00146549        0.00240408
	-4	3	1	   0.00146161        0.00170591
	-3	3	1	   0.00664433        0.01702967
	-2	3	1	   0.00371326        0.00648046
	-1	3	1	   0.00587676        0.05702921
	0	4	1	   0.00048476       -0.00472944
	1	4	1	  -0.00053189        0.00869458
	2	4	1	   0.00076112       -0.00222361
	3	4	1	  -0.00059021        0.00299645
	4	4	1	   0.00037249       -0.00043146
	5	4	1	  -0.00013712        0.00043212
	-5	4	1	   0.00015948        0.00053119
	-4	4	1	  -0.00023468       -0.00063425
	-3	4	1	   0.00073207        0.00343809
	-2	4	1	  -0.00020574       -0.00254654
	-1	4	1	   0.00094260        0.00918706
	0	5	1	  -0.00011219        0.00117107
	1	5	1	  -0.00099026        0.00787099
	2	5	1	  -0.00056508        0.00071168
	3	5	1	  -0.00103779        0.00282686
	4	5	1	  -0.00024834        0.00020355
	-4	5	1	   0.00023016        0.00036337
	-3	5	1	   0.00100068        0.00350771
	-2	5	1	   0.00044711        0.00104976
	-1	5	1	   0.00087243        0.00849313
	0	6	1	   0.00001797       -0.00067265
	1	6	1	  -0.00000219        0.00116611
	2	6	1	   0.00007966       -0.00037547
	3	6	1	  -0.00003733        0.00047303
	-3	6	1	   0.00009180        0.00051616
	-2	6	1	  -0.00004967       -0.00041867
	-1	6	1	   0.00012382        0.00120820
	0	7	1	   0.00000254        0.00013452
	0	-7	1	  -0.00002737       -0.00015792
	0	-6	1	   0.00017407        0.00085365
	1	-6	1	  -0.00025795       -0.00133462
	2	-6	1	   0.00017274        0.00053467
	3	-6	1	  -0.00014347       -0.00056486
	-3	-6	1	  -0.00001435       -0.00052173
	-2	-6	1	   0.00004341        0.00049147
	-1	-6	1	  -0.00013193       -0.00129253
	0	-5	1	  -0.00040122       -0.00165496
	1	-5	1	  -0.00285497       -0.01036168
	2	-5	1	  -0.00077703       -0.00136071
	3	-5	1	  -0.00175871       -0.00422216
	4	-5	1	  -0.00031445       -0.00044281
	-4	-5	1	   0.00016406       -0.00028299
	-3	-5	1	   0.00027976       -0.00354131
	-2	-5	1	   0.00023516       -0.00102264
	-1	-5	1	  -0.00099228       -0.00973954
	0	-4	1	   0.00165877        0.00674972
	1	-4	1	  -0.00251198       -0.01066620
	2	-4	1	   0.00136027        0.00363470
	3	-4	1	  -0.00130336       -0.00397654
	4	-4	1	   0.00050781        0.00089168
	5	-4	1	  -0.00024377       -0.00061063
	-5	-4	1	   0.00005284       -0.00051156
	-4	-4	1	  -0.00009936        0.00068888
	-3	-4	1	   0.00001892       -0.00353489
	-2	-4	1	   0.00039341        0.00331177
	-1	-4	1	  -0.00103747       -0.01017372
	0	-3	1	  -0.00409198       -0.01339757
	1	-3	1	  -0.02885909       -0.07869017
	2	-3	1	  -0.00670717       -0.00930224
	3	-3	1	  -0.01271004       -0.02274663
	4	-3	1	  -0.00203290       -0.00224435
	5	-3	1	  -0.00222352       -0.00311853
	6	-3	1	  -0.00027836       -0.00024458
	-6	-3	1	   0.00019791       -0.00008551
	-5	-3	1	   0.00101117       -0.00203814
	-4	-3	1	   0.00116691       -0.00117562
	-3	-3	1	   0.00311693       -0.01746042
	-2	-3	1	   0.00241057       -0.00625691
	-1	-3	1	  -0.00726607       -0.07147809
	0	-2	1	   0.01484406        0.03637647
	1	-2	1	  -0.01994020       -0.06237150
	2	-2	1	   0.00794341        0.01201892
	3	-2	1	  -0.00543549       -0.01232168
	4	-2	1	   0.00202915        0.00204652
	5	-2	1	  -0.00075324       -0.00141717
	6	-2	1	   0.00028477        0.00026866
	-6	-2	1	  -0.00013287        0.00012916
	-5	-2	1	   0.00019774       -0.00109954
	-4	-2	1	  -0.00065912        0.00114864
	-3	-2	1	   0.00040948       -0.01036945
	-2	-2	1	   0.00128150        0.00979384
	-1	-2	1	  -0.00586945       -0.05767185
	0	-1	1	  -0.03419031       -0.08452778
	1	-1	1	  -0.19440745       -0.29888049
	2	-1	1	  -0.03336045       -0.03050671
	3	-1	1	  -0.04338241       -0.04420620
	4	-1	1	  -0.00539119       -0.00382988
	5	-1	1	  -0.00538218       -0.00436110
	6	-1	1	  -0.00065488       -0.00039216
	-6	-1	1	   0.00049267       -0.00000888
	-5	-1	1	   0.00298450       -0.00156662
	-4	-1	1	   0.00349319       -0.00086249
	-3	-1	1	   0.01558759       -0.02451019
	-2	-1	1	   0.01524839       -0.01427129
	-1	-1	1	  -0.02441245       -0.24210203
	0	0	2	   0.11737505        0.11062659
	1	0	2	   0.02366598        0.01526722
	2	0	2	   0.07469171        0.04838049
	3	0	2	   0.00932301        0.00420460
	4	0	2	   0.01359395        0.00731606
	5	0	2	   0.00176756        0.00073973
	6	0	2	   0.00150624        0.00073927
	-6	0	2	  -0.00072997       -0.00000763
	-5	0	2	  -0.00127663       -0.00027703
	-4	0	2	  -0.00447103        0.00128234
	-3	0	2	  -0.00573816       -0.00082585
	-2	0	2	   0.00232797        0.02421096
	-1	0	2	   0.00053365        0.00754103
	0	1	2	   0.00952200       -0.01380083
	1	1	2	  -0.03133558       -0.01139926
	2	1	2	   0.00606583       -0.00346985
	3	1	2	  -0.00746121       -0.00248437
	4	1	2	   0.00173780       -0.00024803
	5	1	2	  -0.00097960       -0.00032875
	6	1	2	   0.00026476        0.00000862
	-6	1	2	  -0.00015289       -0.00013087
	-5	1	2	  -0.00002862       -0.00001112
	-4	1	2	  -0.00095048       -0.00114592
	-3	1	2	  -0.00161624       -0.00053214
	-2	1	2	  -0.00059606       -0.00569492
	-1	1	2	  -0.01726485       -0.00669962
	0	2	2	   0.03044586       -0.04255171
	1	2	2	   0.00643902       -0.00270291
	2	2	2	   0.02898675       -0.01325480
	3	2	2	   0.00434034        0.00026679
	4	2	2	   0.00720413       -0.00118078
	5	2	2	   0.00103940        0.00013604
	6	2	2	   0.00088339       -0.00004198
	-6	2	2	  -0.00049412       -0.00050207
	-5	2	2	  -0.00079556       -0.00047684
	-4	2	2	  -0.00306122       -0.00460942
	-3	2	2	  -0.00297411       -0.00217625
	-2	2	2	  -0.00249547       -0.02376989
	-1	2	2	  -0.00083323       -0.00513185
	0	3	2	   0.00011407       -0.01472126
	1	3	2	  -0.00560731        0.00132571
	2	3	2	   0.00086075       -0.00688431
	3	3	2	  -0.00229452        0.00045811
	4	3	2	   0.00053277       -0.00122744
	5	3	2	  -0.00038910        0.00007751
	6	3	2	   0.00009531       -0.00011037
	-6	3	2	  -0.00006252       -0.00016308
	-5	3	2	   0.00004320        0.00022190
	-4	3	2	  -0.00044861       -0.00155523
	-3	3	2	  -0.00026111        0.00113727
	-2	3	2	  -0.00076285       -0.00742659
	-1	3	2	  -0.00279439        0.00226523
	0	4	2	   0.00254836       -0.01538439
	1	4	2	   0.00075734       -0.00226304
	2	4	2	   0.00393788       -0.00789344
	3	4	2	   0.00082139       -0.00063428
	4	4	2	   0.00151248       -0.00157362
	5	4	2	   0.00024653       -0.00008662
	-5	4	2	  -0.00019134       -0.00023287
	-4	4	2	  -0.00081456       -0.00235085
	-3	4	2	  -0.00063203       -0.00111972
	-2	4	2	  -0.00098555       -0.00953787
	-1	4	2	  -0.00032741       -0.00262535
	0	5	2	  -0.00009377       -0.00308558
	1	5	2	  -0.00058767        0.00047674
	2	5	2	   0.00009463       -0.00180562
	3	5	2	  -0.00031897        0.00022164
	4	5	2	   0.00009416       -0.00039976
	-4	5	2	  -0.00009451       -0.00046278
	-3	5	2	  -0.00000136        0.00032772
	-2	5	2	  -0.00019516       -0.00190241
	-1	5	2	  -0.00027769        0.00058028
	0	6	2	   0.00013894       -0.00207075
	1	6	2	   0.00008010       -0.00037089
	2	6	2	   0.00032399       -0.00119165
	3	6	2	   0.00009331       -0.00011448
	-3	6	2	  -0.00006125       -0.00016610
	-2	6	2	  -0.00013862       -0.00134616
	-1	6	2	  -0.00003553       -0.00040951
	0	-6	2	   0.00063733        0.00280239
	1	-6	2	   0.00017318        0.00053925
	2	-6	2	   0.00063100        0.00181022
	3	-6	2	   0.00012849        0.00022948
	-3	-6	2	  -0.00002607        0.00017785
	-2	-6	2	   0.00016839        0.00165571
	-1	-6	2	   0.00005755        0.00050063
	0	-5	2	   0.00058470        0.00354828
	1	-5	2	  -0.00079962       -0.00159565
	2	-5	2	   0.00050359        0.00219311
	3	-5	2	  -0.00041532       -0.00072045
	4	-5	2	   0.00019174        0.00055442
	-4	-5	2	   0.00000308        0.00049141
	-3	-5	2	  -0.00009771       -0.00061436
	-2	-5	2	   0.00021380        0.00209632
	-1	-5	2	  -0.00048964       -0.00149212
	0	-4	2	   0.00657456        0.02398279
	1	-4	2	   0.00135649        0.00359527
	2	-4	2	   0.00622576        0.01447680
	3	-4	2	   0.00104012        0.00150435
	4	-4	2	   0.00203111        0.00349745
	5	-4	2	   0.00028857        0.00032452
	-5	-4	2	  -0.00014929        0.00017827
	-4	-4	2	  -0.00029593        0.00272022
	-3	-4	2	  -0.00041331        0.00101890
	-2	-4	2	   0.00130233        0.01283237
	-1	-4	2	   0.00027174        0.00323296
	0	-3	2	   0.00347079        0.01810000
	1	-3	2	  -0.00690999       -0.01141166
	2	-3	2	   0.00249095        0.00905533
	3	-3	2	  -0.00274772       -0.00397311
	4	-3	2	   0.00085669        0.00193985
	5	-3	2	  -0.00045989       -0.00061463
	6	-3	2	   0.00012976        0.00022646
	-6	-3	2	  -0.00002807        0.00017374
	-5	-3	2	  -0.00002758       -0.00047024
	-4	-3	2	  -0.00012468        0.00161207
	-3	-3	2	  -0.00071431       -0.00329395
	-2	-3	2	   0.00086733        0.00851304
	-1	-3	2	  -0.00409707       -0.01047214
	0	-2	2	   0.04657381        0.11514316
	1	-2	2	   0.00792378        0.01181473
	2	-2	2	   0.03600329        0.05535118
	3	-2	2	   0.00470221        0.00380499
	4	-2	2	   0.00830143        0.00954835
	5	-2	2	   0.00110399        0.00076754
	6	-2	2	   0.00098649        0.00096613
	-6	-2	2	  -0.00039102        0.00050604
	-5	-2	2	  -0.00073097        0.00015466
	-4	-2	2	  -0.00196392        0.00611971
	-3	-2	2	  -0.00261225        0.00136195
	-2	-2	2	   0.00452107        0.04483610
	-1	-2	2	   0.00065154        0.00938580
	0	-1	2	   0.01467762        0.03660909
	1	-1	2	  -0.03447155       -0.04206220
	2	-1	2	   0.00768662        0.01237781
	3	-1	2	  -0.00808814       -0.00861429
	4	-1	2	   0.00197956        0.00211584
	5	-1	2	  -0.00104869       -0.00100425
	6	-1	2	   0.00029053        0.00026061
	-6	-1	2	  -0.00012711        0.00012111
	-5	-1	2	  -0.00009771       -0.00068662
	-4	-1	2	  -0.00070872        0.00121795
	-3	-1	2	  -0.00224316       -0.00666206
	-2	-1	2	   0.00102472        0.01015273
	-1	-1	2	  -0.02040082       -0.03736257
	0	0	3	   0.01936590        0.01825245
	1	0	3	  -0.00798696       -0.00580568
	2	0	3	   0.00969917        0.00811676
	3	0	3	  -0.00324365       -0.00210103
	4	0	3	   0.00214758        0.00151180
	5	0	3	  -0.00056641       -0.00034504
	6	0	3	   0.00026544        0.00016959
	-6	0	3	   0.00000058        0.00008113
	-5	0	3	   0.00005414       -0.00013777
	-4	0	3	   0.00046375        0.00094940
	-3	0	3	  -0.00010110       -0.00105142
	-2	0	3	   0.00633104        0.00699180
	-1	0	3	  -0.00232690       -0.00391520
	0	1	3	  -0.00452619        0.00130676
	1	1	3	  -0.03977235       -0.00965611
	2	1	3	  -0.00735593       -0.00138939
	3	1	3	  -0.01570105       -0.00437184
	4	1	3	  -0.00224377       -0.00061274
	5	1	3	  -0.00262279       -0.00078661
	6	1	3	  -0.00030144       -0.00009140
	-6	1	3	   0.00017483        0.00006767
	-5	1	3	   0.00061189        0.00029377
	-4	1	3	   0.00095603        0.00045599
	-3	1	3	   0.00012592        0.00091438
	-2	1	3	   0.00176181        0.00165594
	-1	1	3	  -0.01817933       -0.00244403
	0	2	3	   0.00763977        0.00388435
	1	2	3	  -0.00350094        0.00653322
	2	2	3	   0.00452341        0.00217078
	3	2	3	  -0.00178381        0.00172074
	4	2	3	   0.00122143        0.00047512
	5	2	3	  -0.00034155        0.00019507
	6	2	3	   0.00015413        0.00003505
	-6	2	3	  -0.00000370       -0.00001767
	-5	2	3	   0.00009076        0.00033946
	-4	2	3	   0.00024005        0.00014734
	-3	2	3	   0.00024960        0.00239990
	-2	2	3	   0.00289980        0.00162849
	-1	2	3	  -0.00068802        0.00747274
	0	3	3	  -0.00132218        0.00184790
	1	3	3	  -0.00950846        0.00835492
	2	3	3	  -0.00226900        0.00072360
	3	3	3	  -0.00502393        0.00229730
	4	3	3	  -0.00085552        0.00010812
	5	3	3	  -0.00097790        0.00025617
	-5	3	3	   0.00030478        0.00068459
	-4	3	3	   0.00040061        0.00052767
	-3	3	3	   0.00043251        0.00411975
	-2	3	3	   0.00055795        0.00166780
	-1	3	3	  -0.00380943        0.01025840
	0	4	3	   0.00111803       -0.00060411
	1	4	3	  -0.00061549        0.00273363
	2	4	3	   0.00085581       -0.00027628
	3	4	3	  -0.00041802        0.00100724
	4	4	3	   0.00029352       -0.00005772
	5	4	3	  -0.00008223        0.00012832
	-5	4	3	   0.00003834        0.00016859
	-4	4	3	   0.00003409       -0.00014437
	-3	4	3	   0.00012259        0.00118781
	-2	4	3	   0.00047240       -0.00040434
	-1	4	3	  -0.00007873        0.00291290
	0	5	3	  -0.00018698        0.00043475
	1	5	3	  -0.00108046        0.00238313
	2	5	3	  -0.00031660        0.00024635
	3	5	3	  -0.00068273        0.00086280
	4	5	3	  -0.00011355        0.00006395
	-4	5	3	   0.00005824        0.00012133
	-3	5	3	   0.00011720        0.00112998
	-2	5	3	   0.00007490        0.00037712
	-1	5	3	  -0.00036825        0.00262101
	0	6	3	   0.00010349       -0.00016324
	1	6	3	  -0.00003992        0.00044607
	2	6	3	   0.00009625       -0.00008390
	-2	6	3	   0.00003308       -0.00010500
	-1	6	3	   0.00000863        0.00046229
	0	-6	3	   0.00016253        0.00041396
	1	-6	3	  -0.00014607       -0.00059182
	2	-6	3	   0.00013143        0.00026005
	-2	-6	3	   0.00006825        0.00023895
	-1	-6	3	  -0.00009752       -0.00057560
	0	-5	3	  -0.00032528       -0.00091756
	1	-5	3	  -0.00180138       -0.00466589
	2	-5	3	  -0.00041295       -0.00069573
	3	-5	3	  -0.00096861       -0.00193243
	4	-5	3	  -0.00014042       -0.00019879
	-4	-5	3	   0.00003137       -0.00014141
	-3	-5	3	  -0.00016867       -0.00166525
	-2	-5	3	  -0.00002145       -0.00056497
	-1	-5	3	  -0.00108917       -0.00442801
	0	-4	3	   0.00149331        0.00306531
	1	-4	3	  -0.00132863       -0.00423935
	2	-4	3	   0.00107454        0.00186234
	3	-4	3	  -0.00069798       -0.00173012
	4	-4	3	   0.00035134        0.00050764
	5	-4	3	  -0.00012052       -0.00024605
	-5	-4	3	   0.00000005       -0.00020578
	-4	-4	3	   0.00009191        0.00042099
	-3	-4	3	  -0.00015737       -0.00154955
	-2	-4	3	   0.00069112        0.00173428
	-1	-4	3	  -0.00079188       -0.00406007
	0	-3	3	  -0.00202257       -0.00500035
	1	-3	3	  -0.01303586       -0.02613517
	2	-3	3	  -0.00272220       -0.00370762
	3	-3	3	  -0.00624003       -0.00959337
	4	-3	3	  -0.00097601       -0.00106998
	5	-3	3	  -0.00115619       -0.00148704
	-5	-3	3	   0.00012650       -0.00105862
	-4	-3	3	   0.00028013       -0.00065043
	-3	-3	3	  -0.00078358       -0.00777091
	-2	-3	3	   0.00010475       -0.00276342
	-1	-3	3	  -0.00733683       -0.02423169
	0	-2	3	   0.00839044        0.01122421
	1	-2	3	  -0.00553304       -0.01333612
	2	-2	3	   0.00488527        0.00570898
	3	-2	3	  -0.00241385       -0.00443972
	4	-2	3	   0.00130688        0.00131066
	5	-2	3	  -0.00042880       -0.00065807
	6	-2	3	   0.00016821        0.00017272
	-6	-2	3	   0.00001038        0.00012000
	-5	-2	3	   0.00000350       -0.00051368
	-4	-2	3	   0.00032551        0.00098288
	-3	-2	3	  -0.00038044       -0.00376056
	-2	-2	3	   0.00326166        0.00516669
	-1	-2	3	  -0.00272011       -0.01239660
	0	-1	3	  -0.00578767       -0.01102764
	1	-1	3	  -0.04458486       -0.05671155
	2	-1	3	  -0.00798286       -0.00751932
	3	-1	3	  -0.01697121       -0.01679115
	4	-1	3	  -0.00236340       -0.00178244
	5	-1	3	  -0.00278152       -0.00233866
	6	-1	3	  -0.00031226       -0.00019720
	-6	-1	3	   0.00016401       -0.00003813
	-5	-1	3	   0.00045316       -0.00125827
	-4	-1	3	   0.00083641       -0.00071371
	-3	-1	3	  -0.00114424       -0.01150493
	-2	-1	3	   0.00113488       -0.00447398
	-1	-1	3	  -0.02299183       -0.04949947
	0	0	4	   0.01807117        0.01703218
	1	0	4	   0.00381024        0.00297842
	2	0	4	   0.01389936        0.01049235
	3	0	4	   0.00212283        0.00125430
	4	0	4	   0.00386851        0.00250577
	5	0	4	   0.00051172        0.00026496
	-5	0	4	  -0.00020262        0.00002637
	-4	0	4	   0.00012057        0.00125396
	-3	0	4	  -0.00033065        0.00043484
	-2	0	4	   0.00532794        0.00762949
	-1	0	4	   0.00179629        0.00230576
	0	1	4	   0.00257884        0.00044770
	1	1	4	  -0.00530093       -0.00309579
	2	1	4	   0.00179318        0.00032791
	3	1	4	  -0.00230416       -0.00124091
	4	1	4	   0.00059810        0.00012633
	5	1	4	  -0.00039412       -0.00020325
	-5	1	4	  -0.00009752       -0.00010418
	-4	1	4	  -0.00000906       -0.00007646
	-3	1	4	  -0.00098188       -0.00079926
	-2	1	4	   0.00082632        0.00000497
	-1	1	4	  -0.00382643       -0.00260330
	0	2	4	   0.00865848       -0.00027850
	1	2	4	   0.00186525        0.00047603
	2	2	4	   0.00737598        0.00060648
	3	2	4	   0.00120625        0.00031719
	4	2	4	   0.00227453        0.00031038
	5	2	4	   0.00030915        0.00006821
	-5	2	4	  -0.00012871       -0.00007804
	-4	2	4	  -0.00005251       -0.00046685
	-3	2	4	  -0.00024718       -0.00016826
	-2	2	4	   0.00245255       -0.00103795
	-1	2	4	   0.00078051        0.00011372
	0	3	4	   0.00062268       -0.00182874
	1	3	4	  -0.00182386       -0.00025381
	2	3	4	   0.00055200       -0.00102738
	3	3	4	  -0.00087854       -0.00013128
	4	3	4	   0.00022743       -0.00022113
	5	3	4	  -0.00014310       -0.00002217
	-5	3	4	  -0.00002254        0.00001810
	-4	3	4	  -0.00003201       -0.00030778
	-3	3	4	  -0.00033793        0.00004929
	-2	3	4	   0.00016859       -0.00115544
	-1	3	4	  -0.00128711       -0.00007453
	0	4	4	   0.00157689       -0.00220388
	1	4	4	   0.00038376       -0.00031417
	2	4	4	   0.00155057       -0.00117747
	3	4	4	   0.00029022       -0.00009208
	4	4	4	   0.00052697       -0.00024097
	-4	4	4	  -0.00004537       -0.00043212
	-3	4	4	  -0.00007191       -0.00021303
	-2	4	4	   0.00040756       -0.00155924
	-1	4	4	   0.00012715       -0.00039988
	0	5	4	   0.00007495       -0.00063267
	1	5	4	  -0.00026119        0.00006995
	2	5	4	   0.00009729       -0.00036721
	3	5	4	  -0.00011660        0.00003231
	-3	5	4	  -0.00003938        0.00005810
	-2	5	4	   0.00000593       -0.00039772
	-1	5	4	  -0.00018200        0.00009640
	0	-5	4	   0.00023416        0.00092401
	1	-5	4	  -0.00032729       -0.00057641
	2	-5	4	   0.00019487        0.00058698
	3	-5	4	  -0.00014347       -0.00023043
	-3	-5	4	  -0.00006625       -0.00020464
	-2	-5	4	   0.00010352        0.00055647
	-1	-5	4	  -0.00024810       -0.00054996
	0	-4	4	   0.00241220        0.00596362
	1	-4	4	   0.00051909        0.00100897
	2	-4	4	   0.00206920        0.00389360
	3	-4	4	   0.00034804        0.00047328
	4	-4	4	   0.00065452        0.00100626
	-4	-4	4	   0.00008219        0.00081510
	-3	-4	4	  -0.00001409        0.00035233
	-2	-4	4	   0.00092619        0.00351183
	-1	-4	4	   0.00026247        0.00092325
	0	-3	4	   0.00116950        0.00351787
	1	-3	4	  -0.00211856       -0.00313533
	2	-3	4	   0.00087593        0.00213991
	3	-3	4	  -0.00099903       -0.00130937
	4	-3	4	   0.00030813        0.00056803
	5	-3	4	  -0.00016031       -0.00019043
	-5	-3	4	  -0.00003975       -0.00015017
	-4	-3	4	   0.00004870        0.00048138
	-3	-3	4	  -0.00045842       -0.00112881
	-2	-3	4	   0.00049252        0.00201185
	-1	-3	4	  -0.00158181       -0.00295606
	0	-2	4	   0.01056882        0.01840033
	1	-2	4	   0.00208075        0.00258303
	2	-2	4	   0.00847329        0.01133561
	3	-2	4	   0.00129170        0.00115273
	4	-2	4	   0.00252927        0.00280121
	5	-2	4	   0.00032951        0.00026730
	-5	-2	4	  -0.00010835        0.00012105
	-4	-2	4	   0.00020223        0.00202398
	-3	-2	4	  -0.00016173        0.00066728
	-2	-2	4	   0.00354986        0.00969119
	-1	-2	4	   0.00099600        0.00222072
	0	-1	4	   0.00302769        0.00483649
	1	-1	4	  -0.00562956       -0.00630901
	2	-1	4	   0.00203494        0.00269178
	3	-1	4	  -0.00242379       -0.00241060
	4	-1	4	   0.00065530        0.00068555
	5	-1	4	  -0.00041177       -0.00037582
	-5	-1	4	  -0.00011517       -0.00027675
	-4	-1	4	   0.00004813        0.00048275
	-3	-1	4	  -0.00110151       -0.00196896
	-2	-1	4	   0.00106808        0.00236884
	-1	-1	4	  -0.00415506       -0.00581653
	0	0	5	   0.00275382        0.00259548
	1	0	5	  -0.00093132       -0.00073101
	2	0	5	   0.00185065        0.00160391
	3	0	5	  -0.00057089       -0.00039163
	4	0	5	   0.00052536        0.00040679
	5	0	5	  -0.00010464       -0.00006778
	-5	0	5	  -0.00000326       -0.00003392
	-4	0	5	   0.00023494        0.00030979
	-3	0	5	  -0.00008960       -0.00023088
	-2	0	5	   0.00138940        0.00144985
	-1	0	5	  -0.00044895       -0.00056990
	0	1	5	  -0.00063638       -0.00012486
	1	1	5	  -0.00517628       -0.00247800
	2	1	5	  -0.00097764       -0.00030828
	3	1	5	  -0.00266127       -0.00118684
	4	1	5	  -0.00038827       -0.00014239
	-4	1	5	   0.00009023        0.00001743
	-3	1	5	  -0.00062280       -0.00050599
	-2	1	5	   0.00003455        0.00002979
	-1	1	5	  -0.00331359       -0.00185586
	0	2	5	   0.00156862        0.00102430
	1	2	5	  -0.00054828        0.00057412
	2	2	5	   0.00108911        0.00065301
	3	2	5	  -0.00034524        0.00015670
	4	2	5	   0.00031717        0.00015158
	-4	2	5	   0.00012850        0.00008857
	-3	2	5	  -0.00002763        0.00026278
	-2	2	5	   0.00079932        0.00055622
	-1	2	5	  -0.00023831        0.00067765
	0	3	5	  -0.00027661        0.00021316
	1	3	5	  -0.00185035        0.00047974
	2	3	5	  -0.00039042        0.00006386
	3	3	5	  -0.00099343        0.00009466
	4	3	5	  -0.00014146       -0.00000503
	-4	3	5	   0.00003034        0.00005235
	-3	3	5	  -0.00019350        0.00036184
	-2	3	5	   0.00000108        0.00019462
	-1	3	5	  -0.00113814        0.00071762
	0	4	5	   0.00034779        0.00004185
	1	4	5	  -0.00014412        0.00035938
	2	4	5	   0.00025767        0.00002931
	3	4	5	  -0.00008363        0.00011382
	-3	4	5	  -0.00000641        0.00013961
	-2	4	5	   0.00016631       -0.00000121
	-1	4	5	  -0.00006493        0.00038583
	0	5	5	  -0.00004265        0.00005961
	0	-5	5	  -0.00006525       -0.00016131
	0	-4	5	   0.00041251        0.00067473
	1	-4	5	  -0.00025076       -0.00068337
	2	-4	5	   0.00029972        0.00044045
	3	-4	5	  -0.00012191       -0.00026056
	-3	-4	5	  -0.00004470       -0.00023477
	-2	-4	5	   0.00020836        0.00040993
	-1	-4	5	  -0.00017157       -0.00065692
	0	-3	5	  -0.00038388       -0.00083567
	1	-3	5	  -0.00230467       -0.00396248
	2	-3	5	  -0.00046120       -0.00062828
	3	-3	5	  -0.00117172       -0.00164856
	4	-3	5	  -0.00015867       -0.00017330
	-4	-3	5	   0.00001313       -0.00011592
	-3	-3	5	  -0.00037178       -0.00138138
	-2	-3	5	  -0.00006971       -0.00049752
	-1	-3	5	  -0.00159246       -0.00372461
	0	-2	5	   0.00167142        0.00202946
	1	-2	5	  -0.00077387       -0.00163163
	2	-2	5	   0.00115369        0.00128451
	3	-2	5	  -0.00043249       -0.00069645
	4	-2	5	   0.00033753        0.00035067
	-4	-2	5	   0.00014887        0.00028766
	-3	-2	5	  -0.00011488       -0.00059037
	-2	-2	5	   0.00086391        0.00118772
	-1	-2	5	  -0.00046389       -0.00152810
	0	-1	5	  -0.00074389       -0.00117604
	1	-1	5	  -0.00559142       -0.00653716
	2	-1	5	  -0.00104673       -0.00098378
	3	-1	5	  -0.00282000       -0.00273888
	4	-1	5	  -0.00040592       -0.00031497
	-4	-1	5	   0.00007258       -0.00015514
	-3	-1	5	  -0.00078153       -0.00205803
	-2	-1	5	  -0.00003453       -0.00064570
	-1	-1	5	  -0.00372873       -0.00591502
	0	0	6	   0.00192815        0.00181729
	1	0	6	   0.00046294        0.00038143
	2	0	6	   0.00155472        0.00124343
	3	0	6	   0.00026592        0.00017459
	-3	0	6	   0.00001599        0.00009111
	-2	0	6	   0.00082537        0.00099982
	-1	0	6	   0.00028252        0.00032117
	0	1	6	   0.00035262        0.00015471
	1	1	6	  -0.00065966       -0.00045931
	2	1	6	   0.00027404        0.00010509
	3	1	6	  -0.00031261       -0.00020755
	-3	1	6	  -0.00018348       -0.00016442
	-2	1	6	   0.00014471        0.00006189
	-1	1	6	  -0.00053364       -0.00041722
	0	2	6	   0.00110877        0.00032693
	1	2	6	   0.00026567        0.00008788
	2	2	6	   0.00091282        0.00026412
	3	2	6	   0.00015424        0.00003614
	-3	2	6	  -0.00000033       -0.00001548
	-2	2	6	   0.00045022        0.00010961
	-1	2	6	   0.00015003        0.00004926
	0	3	6	   0.00011310       -0.00013948
	1	3	6	  -0.00026334       -0.00010630
	2	3	6	   0.00009836       -0.00007870
	-2	3	6	   0.00003518       -0.00009980
	-1	3	6	  -0.00021479       -0.00009008
	0	-3	6	   0.00016881        0.00040518
	1	-3	6	  -0.00029212       -0.00038769
	2	-3	6	   0.00013281        0.00025813
	-2	-3	6	   0.00006963        0.00023703
	-1	-3	6	  -0.00024357       -0.00037147
	0	-2	6	   0.00127132        0.00191632
	1	-2	6	   0.00029449        0.00036971
	2	-2	6	   0.00101593        0.00127224
	3	-2	6	   0.00016832        0.00017381
	-3	-2	6	   0.00001375        0.00012219
	-2	-2	6	   0.00055332        0.00111772
	-1	-2	6	   0.00017886        0.00033108
	0	-1	6	   0.00039284        0.00054789
	1	-1	6	  -0.00068774       -0.00073394
	2	-1	6	   0.00029981        0.00035707
	3	-1	6	  -0.00032343       -0.00031335
	-3	-1	6	  -0.00019430       -0.00027022
	-2	-1	6	   0.00017048        0.00031388
	-1	-1	6	  -0.00056172       -0.00069184
	0	0	7	   0.00023609        0.00022251
	1	0	7	  -0.00008308       -0.00007120
	-1	0	7	  -0.00005975       -0.00006341
	0	1	7	  -0.00006882       -0.00004190
	0	-1	7	  -0.00007401       -0.00009272
	0	0	-7	  -0.00023609       -0.00022251
	1	0	-7	   0.00005975        0.00006342
	-1	0	-7	   0.00008308        0.00007120
	0	1	-7	   0.00007401        0.00009272
	0	-1	-7	   0.00006882        0.00004190
	0	0	-6	  -0.00192815       -0.00181729
	1	0	-6	  -0.00028252       -0.00032117
	2	0	-6	  -0.00082537       -0.00099982
	3	0	-6	  -0.00001599       -0.00009111
	-3	0	-6	  -0.00026592       -0.00017459
	-2	0	-6	  -0.00155472       -0.00124343
	-1	0	-6	  -0.00046294       -0.00038143
	0	1	-6	  -0.00039284       -0.00054789
	1	1	-6	   0.00056172        0.00069184
	2	1	-6	  -0.00017048       -0.00031388
	3	1	-6	   0.00019430        0.00027022
	-3	1	-6	   0.00032343        0.00031335
	-2	1	-6	  -0.00029981       -0.00035707
	-1	1	-6	   0.00068774        0.00073394
	0	2	-6	  -0.00127132       -0.00191632
	1	2	-6	  -0.00017886       -0.00033108
	2	2	-6	  -0.00055332       -0.00111773
	3	2	-6	  -0.00001375       -0.00012219
	-3	2	-6	  -0.00016832       -0.00017381
	-2	2	-6	  -0.00101593       -0.00127224
	-1	2	-6	  -0.00029449       -0.00036971
	0	3	-6	  -0.00016881       -0.00040518
	1	3	-6	   0.00024357        0.00037147
	2	3	-6	  -0.00006963       -0.00023703
	-2	3	-6	  -0.00013281       -0.00025813
	-1	3	-6	   0.00029212        0.00038769
	0	-3	-6	  -0.00011310        0.00013948
	1	-3	-6	   0.00021479        0.00009008
	2	-3	-6	  -0.00003518        0.00009980
	-2	-3	-6	  -0.00009836        0.00007870
	-1	-3	-6	   0.00026334        0.00010630
	0	-2	-6	  -0.00110877       -0.00032693
	1	-2	-6	  -0.00015003       -0.00004926
	2	-2	-6	  -0.00045021       -0.00010961
	3	-2	-6	   0.00000033        0.00001548
	-3	-2	-6	  -0.00015424       -0.00003614
	-2	-2	-6	  -0.00091282       -0.00026412
	-1	-2	-6	  -0.00026566       -0.00008788
	0	-1	-6	  -0.00035262       -0.00015471
	1	-1	-6	   0.00053364        0.00041722
	2	-1	-6	  -0.00014471       -0.00006189
	3	-1	-6	   0.00018348        0.00016442
	-3	-1	-6	   0.00031261        0.00020755
	-2	-1	-6	  -0.00027404       -0.00010509
	-1	-1	-6	   0.00065966        0.00045931
	0	0	-5	  -0.00275382       -0.00259548
	1	0	-5	   0.00044895        0.00056990
	2	0	-5	  -0.00138940       -0.00144985
	3	0	-5	   0.00008959        0.00023088
	4	0	-5	  -0.00023494       -0.00030979
	5	0	-5	   0.00000326        0.00003392
	-5	0	-5	   0.00010464        0.00006778
	-4	0	-5	  -0.00052536       -0.00040679
	-3	0	-5	   0.00057089        0.00039163
	-2	0	-5	  -0.00185065       -0.00160391
	-1	0	-5	   0.00093132        0.00073101
	0	1	-5	   0.00074389        0.00117604
	1	1	-5	   0.00372873        0.00591502
	2	1	-5	   0.00003453        0.00064570
	3	1	-5	   0.00078153        0.00205803
	4	1	-5	  -0.00007258        0.00015514
	-4	1	-5	   0.00040592        0.00031497
	-3	1	-5	   0.00282000        0.00273888
	-2	1	-5	   0.00104673        0.00098378
	-1	1	-5	   0.00559142        0.00653716
	0	2	-5	  -0.00167142       -0.00202946
	1	2	-5	   0.00046389        0.00152810
	2	2	-5	  -0.00086391       -0.00118772
	3	2	-5	   0.00011488        0.00059037
	4	2	-5	  -0.00014887       -0.00028766
	-4	2	-5	  -0.00033753       -0.00035067
	-3	2	-5	   0.00043249        0.00069645
	-2	2	-5	  -0.00115369       -0.00128451
	-1	2	-5	   0.00077387        0.00163163
	0	3	-5	   0.00038388        0.00083567
	1	3	-5	   0.00159246        0.00372461
	2	3	-5	   0.00006971        0.00049752
	3	3	-5	   0.00037178        0.00138138
	4	3	-5	  -0.00001313        0.00011592
	-4	3	-5	   0.00015867        0.00017330
	-3	3	-5	   0.00117172        0.00164856
	-2	3	-5	   0.00046120        0.00062828
	-1	3	-5	   0.00230467        0.00396248
	0	4	-5	  -0.00041251       -0.00067473
	1	4	-5	   0.00017157        0.00065692
	2	4	-5	  -0.00020836       -0.00040993
	3	4	-5	   0.00004470        0.00023477
	-3	4	-5	   0.00012191        0.00026056
	-2	4	-5	  -0.00029972       -0.00044045
	-1	4	-5	   0.00025076        0.00068337
	0	5	-5	   0.00006525        0.00016131
	0	-5	-5	   0.00004265       -0.00005961
	0	-4	-5	  -0.00034778       -0.00004185
	1	-4	-5	   0.00006493       -0.00038583
	2	-4	-5	  -0.00016631        0.00000121
	3	-4	-5	   0.00000641       -0.00013961
	-3	-4	-5	   0.00008362       -0.00011382
	-2	-4	-5	  -0.00025767       -0.00002931
	-1	-4	-5	   0.00014412       -0.00035938
	0	-3	-5	   0.00027661       -0.00021316
	1	-3	-5	   0.00113814       -0.00071762
	2	-3	-5	  -0.00000108       -0.00019462
	3	-3	-5	   0.00019350       -0.00036184
	4	-3	-5	  -0.00003034       -0.00005235
	-4	-3	-5	   0.00014146        0.00000503
	-3	-3	-5	   0.00099343       -0.00009466
	-2	-3	-5	   0.00039042       -0.00006386
	-1	-3	-5	   0.00185035       -0.00047974
	0	-2	-5	  -0.00156862       -0.00102430
	1	-2	-5	   0.00023831       -0.00067765
	2	-2	-5	  -0.00079932       -0.00055622
	3	-2	-5	   0.00002763       -0.00026278
	4	-2	-5	  -0.00012850       -0.00008857
	-4	-2	-5	  -0.00031717       -0.00015158
	-3	-2	-5	   0.00034524       -0.00015670
	-2	-2	-5	  -0.00108911       -0.00065301
	-1	-2	-5	   0.00054828       -0.00057412
	0	-1	-5	   0.00063638        0.00012486
	1	-1	-5	   0.00331359        0.00185586
	2	-1	-5	  -0.00003455       -0.00002979
	3	-1	-5	   0.00062280        0.00050599
	4	-1	-5	  -0.00009023       -0.00001743
	-4	-1	-5	   0.00038827        0.00014239
	-3	-1	-5	   0.00266127        0.00118684
	-2	-1	-5	   0.00097764        0.00030828
	-1	-1	-5	   0.00517628        0.00247799
	0	0	-4	  -0.01807117       -0.01703218
	1	0	-4	  -0.00179629       -0.00230576
	2	0	-4	  -0.00532794       -0.00762949
	3	0	-4	   0.00033065       -0.00043484
	4	0	-4	  -0.00012057       -0.00125396
	5	0	-4	   0.00020262       -0.00002637
	-5	0	-4	  -0.00051172       -0.00026496
	-4	0	-4	  -0.00386851       -0.00250577
	-3	0	-4	  -0.00212283       -0.00125430
	-2	0	-4	  -0.01389936       -0.01049235
	-1	0	-4	  -0.00381024       -0.00297842
	0	1	-4	  -0.00302769       -0.00483649
	1	1	-4	   0.00415506        0.00581653
	2	1	-4	  -0.00106808       -0.00236884
	3	1	-4	   0.00110151        0.00196896
	4	1	-4	  -0.00004813       -0.00048275
	5	1	-4	   0.00011517        0.00027675
	-5	1	-4	   0.00041177        0.00037582
	-4	1	-4	  -0.00065530       -0.00068555
	-3	1	-4	   0.00242379        0.00241060
	-2	1	-4	  -0.00203494       -0.00269178
	-1	1	-4	   0.00562956        0.00630901
	0	2	-4	  -0.01056882       -0.01840033
	1	2	-4	  -0.00099600       -0.00222072
	2	2	-4	  -0.00354986       -0.00969118
	3	2	-4	   0.00016173       -0.00066728
	4	2	-4	  -0.00020223       -0.00202398
	5	2	-4	   0.00010835       -0.00012105
	-5	2	-4	  -0.00032951       -0.00026730
	-4	2	-4	  -0.00252927       -0.00280121
	-3	2	-4	  -0.00129170       -0.00115273
	-2	2	-4	  -0.00847329       -0.01133561
	-1	2	-4	  -0.00208074       -0.00258303
	0	3	-4	  -0.00116949       -0.00351787
	1	3	-4	   0.00158181        0.00295606
	2	3	-4	  -0.00049252       -0.00201185
	3	3	-4	   0.00045842        0.00112881
	4	3	-4	  -0.00004870       -0.00048138
	5	3	-4	   0.00003975        0.00015017
	-5	3	-4	   0.00016031        0.00019043
	-4	3	-4	  -0.00030813       -0.00056803
	-3	3	-4	   0.00099902        0.00130937
	-2	3	-4	  -0.00087593       -0.00213991
	-1	3	-4	   0.00211857        0.00313533
	0	4	-4	  -0.00241220       -0.00596362
	1	4	-4	  -0.00026247       -0.00092325
	2	4	-4	  -0.00092619       -0.00351184
	3	4	-4	   0.00001409       -0.00035233
	4	4	-4	  -0.00008219       -0.00081510
	-4	4	-4	  -0.00065452       -0.00100626
	-3	4	-4	  -0.00034804       -0.00047328
	-2	4	-4	  -0.00206920       -0.00389360
	-1	4	-4	  -0.00051909       -0.00100897
	0	5	-4	  -0.00023416       -0.00092401
	1	5	-4	   0.00024810        0.00054996
	2	5	-4	  -0.00010352       -0.00055647
	3	5	-4	   0.00006625        0.00020464
	-3	5	-4	   0.00014347        0.00023043
	-2	5	-4	  -0.00019487       -0.00058698
	-1	5	-4	   0.00032729        0.00057641
	0	-5	-4	  -0.00007495        0.00063267
	1	-5	-4	   0.00018200       -0.00009640
	2	-5	-4	  -0.00000593        0.00039772
	3	-5	-4	   0.00003938       -0.00005810
	-3	-5	-4	   0.00011660       -0.00003231
	-2	-5	-4	  -0.00009729        0.00036721
	-1	-5	-4	   0.00026119       -0.00006995
	0	-4	-4	  -0.00157688        0.00220388
	1	-4	-4	  -0.00012715        0.00039988
	2	-4	-4	  -0.00040756        0.00155924
	3	-4	-4	   0.00007191        0.00021303
	4	-4	-4	   0.00004537        0.00043213
	-4	-4	-4	  -0.00052697        0.00024097
	-3	-4	-4	  -0.00029022        0.00009208
	-2	-4	-4	  -0.00155057        0.00117747
	-1	-4	-4	  -0.00038376        0.00031417
	0	-3	-4	  -0.00062268        0.00182874
	1	-3	-4	   0.00128711        0.00007453
	2	-3	-4	  -0.00016859        0.00115544
	3	-3	-4	   0.00033793       -0.00004929
	4	-3	-4	   0.00003201        0.00030778
	5	-3	-4	   0.00002254       -0.00001810
	-5	-3	-4	   0.00014310        0.00002217
	-4	-3	-4	  -0.00022743        0.00022113
	-3	-3	-4	   0.00087854        0.00013127
	-2	-3	-4	  -0.00055201        0.00102738
	-1	-3	-4	   0.00182386        0.00025381
	0	-2	-4	  -0.00865848        0.00027849
	1	-2	-4	  -0.00078051       -0.00011372
	2	-2	-4	  -0.00245255        0.00103795
	3	-2	-4	   0.00024718        0.00016826
	4	-2	-4	   0.00005251        0.00046685
	5	-2	-4	   0.00012871        0.00007804
	-5	-2	-4	  -0.00030915       -0.00006821
	-4	-2	-4	  -0.00227453       -0.00031038
	-3	-2	-4	  -0.00120625       -0.00031719
	-2	-2	-4	  -0.00737598       -0.00060648
	-1	-2	-4	  -0.00186526       -0.00047603
	0	-1	-4	  -0.00257884       -0.00044770
	1	-1	-4	   0.00382643        0.00260330
	2	-1	-4	  -0.00082632       -0.00000497
	3	-1	-4	   0.00098188        0.00079926
	4	-1	-4	   0.00000906        0.00007646
	5	-1	-4	   0.00009752        0.00010418
	-5	-1	-4	   0.00039412        0.00020325
	-4	-1	-4	  -0.00059810       -0.00012633
	-3	-1	-4	   0.00230416        0.00124090
	-2	-1	-4	  -0.00179318       -0.00032791
	-1	-1	-4	   0.00530093        0.00309578
	0	0	-3	  -0.01936590       -0.01825245
	1	0	-3	   0.00232690        0.00391521
	2	0	-3	  -0.00633104       -0.00699180
	3	0	-3	   0.00010110        0.00105142
	4	0	-3	  -0.00046375       -0.00094940
	5	0	-3	  -0.00005414        0.00013777
	6	0	-3	  -0.00000058       -0.00008113
	-6	0	-3	  -0.00026544       -0.00016960
	-5	0	-3	   0.00056641        0.00034504
	-4	0	-3	  -0.00214758       -0.00151180
	-3	0	-3	   0.00324365        0.00210103
	-2	0	-3	  -0.00969917       -0.00811676
	-1	0	-3	   0.00798697        0.00580567
	0	1	-3	   0.00578768        0.01102764
	1	1	-3	   0.02299184        0.04949946
	2	1	-3	  -0.00113488        0.00447399
	3	1	-3	   0.00114424        0.01150493
	4	1	-3	  -0.00083641        0.00071371
	5	1	-3	  -0.00045316        0.00125827
	6	1	-3	  -0.00016401        0.00003813
	-6	1	-3	   0.00031226        0.00019720
	-5	1	-3	   0.00278152        0.00233866
	-4	1	-3	   0.00236340        0.00178244
	-3	1	-3	   0.01697121        0.01679115
	-2	1	-3	   0.00798286        0.00751931
	-1	1	-3	   0.04458484        0.05671155
	0	2	-3	  -0.00839044       -0.01122421
	1	2	-3	   0.00272012        0.01239660
	2	2	-3	  -0.00326166       -0.00516670
	3	2	-3	   0.00038044        0.00376056
	4	2	-3	  -0.00032551       -0.00098288
	5	2	-3	  -0.00000350        0.00051368
	6	2	-3	  -0.00001038       -0.00012000
	-6	2	-3	  -0.00016821       -0.00017272
	-5	2	-3	   0.00042880        0.00065807
	-4	2	-3	  -0.00130688       -0.00131066
	-3	2	-3	   0.00241385        0.00443972
	-2	2	-3	  -0.00488527       -0.00570898
	-1	2	-3	   0.00553304        0.01333612
	0	3	-3	   0.00202257        0.00500035
	1	3	-3	   0.00733683        0.02423169
	2	3	-3	  -0.00010475        0.00276342
	3	3	-3	   0.00078358        0.00777092
	4	3	-3	  -0.00028013        0.00065043
	5	3	-3	  -0.00012650        0.00105863
	-5	3	-3	   0.00115619        0.00148704
	-4	3	-3	   0.00097601        0.00106998
	-3	3	-3	   0.00624003        0.00959337
	-2	3	-3	   0.00272220        0.00370762
	-1	3	-3	   0.01303586        0.02613517
	0	4	-3	  -0.00149331       -0.00306531
	1	4	-3	   0.00079188        0.00406008
	2	4	-3	  -0.00069112       -0.00173428
	3	4	-3	   0.00015737        0.00154955
	4	4	-3	  -0.00009191       -0.00042099
	5	4	-3	  -0.00000005        0.00020578
	-5	4	-3	   0.00012052        0.00024605
	-4	4	-3	  -0.00035134       -0.00050764
	-3	4	-3	   0.00069798        0.00173012
	-2	4	-3	  -0.00107454       -0.00186234
	-1	4	-3	   0.00132863        0.00423935
	0	5	-3	   0.00032528        0.00091756
	1	5	-3	   0.00108917        0.00442801
	2	5	-3	   0.00002145        0.00056497
	3	5	-3	   0.00016867        0.00166525
	4	5	-3	  -0.00003137        0.00014141
	-4	5	-3	   0.00014042        0.00019879
	-3	5	-3	   0.00096861        0.00193243
	-2	5	-3	   0.00041295        0.00069573
	-1	5	-3	   0.00180138        0.00466589
	0	6	-3	  -0.00016253       -0.00041396
	1	6	-3	   0.00009751        0.00057560
	2	6	-3	  -0.00006826       -0.00023895
	-2	6	-3	  -0.00013143       -0.00026005
	-1	6	-3	   0.00014607        0.00059182
	0	-6	-3	  -0.00010349        0.00016324
	1	-6	-3	  -0.00000863       -0.00046229
	2	-6	-3	  -0.00003308        0.00010500
	-2	-6	-3	  -0.00009625        0.00008390
	-1	-6	-3	   0.00003992       -0.00044607
	0	-5	-3	   0.00018698       -0.00043475
	1	-5	-3	   0.00036825       -0.00262101
	2	-5	-3	  -0.00007490       -0.00037712
	3	-5	-3	  -0.00011720       -0.00112998
	4	-5	-3	  -0.00005824       -0.00012133
	-4	-5	-3	   0.00011355       -0.00006395
	-3	-5	-3	   0.00068273       -0.00086280
	-2	-5	-3	   0.00031660       -0.00024636
	-1	-5	-3	   0.00108046       -0.00238313
	0	-4	-3	  -0.00111803        0.00060411
	1	-4	-3	   0.00007873       -0.00291291
	2	-4	-3	  -0.00047240        0.00040434
	3	-4	-3	  -0.00012259       -0.00118781
	4	-4	-3	  -0.00003409        0.00014437
	5	-4	-3	  -0.00003834       -0.00016859
	-5	-4	-3	   0.00008223       -0.00012833
	-4	-4	-3	  -0.00029352        0.00005772
	-3	-4	-3	   0.00041802       -0.00100724
	-2	-4	-3	  -0.00085581        0.00027628
	-1	-4	-3	   0.00061549       -0.00273363
	0	-3	-3	   0.00132218       -0.00184790
	1	-3	-3	   0.00380943       -0.01025840
	2	-3	-3	  -0.00055795       -0.00166780
	3	-3	-3	  -0.00043251       -0.00411976
	4	-3	-3	  -0.00040062       -0.00052767
	5	-3	-3	  -0.00030478       -0.00068459
	-5	-3	-3	   0.00097790       -0.00025617
	-4	-3	-3	   0.00085552       -0.00010812
	-3	-3	-3	   0.00502393       -0.00229730
	-2	-3	-3	   0.00226900       -0.00072360
	-1	-3	-3	   0.00950845       -0.00835492
	0	-2	-3	  -0.00763977       -0.00388435
	1	-2	-3	   0.00068801       -0.00747274
	2	-2	-3	  -0.00289980       -0.00162849
	3	-2	-3	  -0.00024961       -0.00239990
	4	-2	-3	  -0.00024005       -0.00014734
	5	-2	-3	  -0.00009075       -0.00033946
	6	-2	-3	   0.00000370        0.00001767
	-6	-2	-3	  -0.00015413       -0.00003505
	-5	-2	-3	   0.00034155       -0.00019507
	-4	-2	-3	  -0.00122143       -0.00047512
	-3	-2	-3	   0.00178381       -0.00172074
	-2	-2	-3	  -0.00452341       -0.00217078
	-1	-2	-3	   0.00350094       -0.00653323
	0	-1	-3	   0.00452619       -0.00130676
	1	-1	-3	   0.01817934        0.00244403
	2	-1	-3	  -0.00176181       -0.00165594
	3	-1	-3	  -0.00012592       -0.00091438
	4	-1	-3	  -0.00095604       -0.00045599
	5	-1	-3	  -0.00061190       -0.00029377
	6	-1	-3	  -0.00017483       -0.00006767
	-6	-1	-3	   0.00030144        0.00009140
	-5	-1	-3	   0.00262279        0.00078661
	-4	-1	-3	   0.00224377        0.00061274
	-3	-1	-3	   0.01570104        0.00437184
	-2	-1	-3	   0.00735594        0.00138939
	-1	-1	-3	   0.03977235        0.00965612
	0	0	-2	  -0.11737505       -0.11062659
	1	0	-2	  -0.00053366       -0.00754102
	2	0	-2	  -0.00232799       -0.02421095
	3	0	-2	   0.00573816        0.00082585
	4	0	-2	   0.00447103       -0.00128234
	5	0	-2	   0.00127663        0.00027703
	6	0	-2	   0.00072997        0.00000763
	-6	0	-2	  -0.00150624       -0.00073927
	-5	0	-2	  -0.00176756       -0.00073973
	-4	0	-2	  -0.01359395       -0.00731606
	-3	0	-2	  -0.00932301       -0.00420459
	-2	0	-2	  -0.07469169       -0.04838050
	-1	0	-2	  -0.02366597       -0.01526724
	0	1	-2	  -0.01467758       -0.03660909
	1	1	-2	   0.02040084        0.03736259
	2	1	-2	  -0.00102472       -0.01015273
	3	1	-2	   0.00224317        0.00666207
	4	1	-2	   0.00070872       -0.00121795
	5	1	-2	   0.00009771        0.00068662
	6	1	-2	   0.00012711       -0.00012111
	-6	1	-2	  -0.00029053       -0.00026061
	-5	1	-2	   0.00104869        0.00100425
	-4	1	-2	  -0.00197956       -0.00211584
	-3	1	-2	   0.00808814        0.00861429
	-2	1	-2	  -0.00768663       -0.01237781
	-1	1	-2	   0.03447158        0.04206220
	0	2	-2	  -0.04657379       -0.11514316
	1	2	-2	  -0.00065154       -0.00938580
	2	2	-2	  -0.00452107       -0.04483609
	3	2	-2	   0.00261225       -0.00136196
	4	2	-2	   0.00196392       -0.00611971
	5	2	-2	   0.00073097       -0.00015466
	6	2	-2	   0.00039102       -0.00050605
	-6	2	-2	  -0.00098649       -0.00096613
	-5	2	-2	  -0.00110399       -0.00076754
	-4	2	-2	  -0.00830144       -0.00954835
	-3	2	-2	  -0.00470220       -0.00380499
	-2	2	-2	  -0.03600328       -0.05535118
	-1	2	-2	  -0.00792378       -0.01181473
	0	3	-2	  -0.00347079       -0.01810000
	1	3	-2	   0.00409707        0.01047214
	2	3	-2	  -0.00086734       -0.00851305
	3	3	-2	   0.00071431        0.00329395
	4	3	-2	   0.00012468       -0.00161207
	5	3	-2	   0.00002758        0.00047024
	6	3	-2	   0.00002807       -0.00017374
	-6	3	-2	  -0.00012976       -0.00022646
	-5	3	-2	   0.00045989        0.00061463
	-4	3	-2	  -0.00085669       -0.00193985
	-3	3	-2	   0.00274772        0.00397311
	-2	3	-2	  -0.00249095       -0.00905533
	-1	3	-2	   0.00691000        0.01141166
	0	4	-2	  -0.00657456       -0.02398279
	1	4	-2	  -0.00027174       -0.00323296
	2	4	-2	  -0.00130233       -0.01283237
	3	4	-2	   0.00041331       -0.00101890
	4	4	-2	   0.00029593       -0.00272022
	5	4	-2	   0.00014929       -0.00017827
	-5	4	-2	  -0.00028857       -0.00032452
	-4	4	-2	  -0.00203111       -0.00349745
	-3	4	-2	  -0.00104012       -0.00150435
	-2	4	-2	  -0.00622576       -0.01447680
	-1	4	-2	  -0.00135649       -0.00359527
	0	5	-2	  -0.00058470       -0.00354828
	1	5	-2	   0.00048964        0.00149212
	2	5	-2	  -0.00021380       -0.00209632
	3	5	-2	   0.00009771        0.00061436
	4	5	-2	  -0.00000308       -0.00049141
	-4	5	-2	  -0.00019174       -0.00055442
	-3	5	-2	   0.00041532        0.00072045
	-2	5	-2	  -0.00050359       -0.00219311
	-1	5	-2	   0.00079962        0.00159565
	0	6	-2	  -0.00063733       -0.00280239
	1	6	-2	  -0.00005755       -0.00050063
	2	6	-2	  -0.00016839       -0.00165571
	3	6	-2	   0.00002607       -0.00017785
	-3	6	-2	  -0.00012849       -0.00022948
	-2	6	-2	  -0.00063100       -0.00181022
	-1	6	-2	  -0.00017318       -0.00053925
	0	-6	-2	  -0.00013894        0.00207075
	1	-6	-2	   0.00003553        0.00040951
	2	-6	-2	   0.00013862        0.00134616
	3	-6	-2	   0.00006125        0.00016610
	-3	-6	-2	  -0.00009331        0.00011448
	-2	-6	-2	  -0.00032399        0.00119165
	-1	-6	-2	  -0.00008010        0.00037089
	0	-5	-2	   0.00009377        0.00308558
	1	-5	-2	   0.00027769       -0.00058028
	2	-5	-2	   0.00019516        0.00190241
	3	-5	-2	   0.00000136       -0.00032772
	4	-5	-2	   0.00009451        0.00046278
	-4	-5	-2	  -0.00009416        0.00039976
	-3	-5	-2	   0.00031897       -0.00022164
	-2	-5	-2	  -0.00009463        0.00180562
	-1	-5	-2	   0.00058767       -0.00047674
	0	-4	-2	  -0.00254836        0.01538439
	1	-4	-2	   0.00032741        0.00262535
	2	-4	-2	   0.00098555        0.00953787
	3	-4	-2	   0.00063203        0.00111972
	4	-4	-2	   0.00081456        0.00235085
	5	-4	-2	   0.00019134        0.00023287
	-5	-4	-2	  -0.00024653        0.00008662
	-4	-4	-2	  -0.00151248        0.00157362
	-3	-4	-2	  -0.00082139        0.00063428
	-2	-4	-2	  -0.00393788        0.00789344
	-1	-4	-2	  -0.00075734        0.00226304
	0	-3	-2	  -0.00011406        0.01472125
	1	-3	-2	   0.00279438       -0.00226523
	2	-3	-2	   0.00076286        0.00742659
	3	-3	-2	   0.00026111       -0.00113727
	4	-3	-2	   0.00044861        0.00155522
	5	-3	-2	  -0.00004320       -0.00022190
	6	-3	-2	   0.00006252        0.00016308
	-6	-3	-2	  -0.00009531        0.00011037
	-5	-3	-2	   0.00038910       -0.00007751
	-4	-3	-2	  -0.00053277        0.00122744
	-3	-3	-2	   0.00229452       -0.00045811
	-2	-3	-2	  -0.00086076        0.00688431
	-1	-3	-2	   0.00560731       -0.00132571
	0	-2	-2	  -0.03044588        0.04255170
	1	-2	-2	   0.00083323        0.00513184
	2	-2	-2	   0.00249546        0.02376988
	3	-2	-2	   0.00297412        0.00217625
	4	-2	-2	   0.00306122        0.00460942
	5	-2	-2	   0.00079556        0.00047684
	6	-2	-2	   0.00049412        0.00050207
	-6	-2	-2	  -0.00088339        0.00004198
	-5	-2	-2	  -0.00103940       -0.00013604
	-4	-2	-2	  -0.00720413        0.00118078
	-3	-2	-2	  -0.00434035       -0.00026678
	-2	-2	-2	  -0.02898674        0.01325480
	-1	-2	-2	  -0.00643902        0.00270290
	0	-1	-2	  -0.00952204        0.01380083
	1	-1	-2	   0.01726482        0.00669962
	2	-1	-2	   0.00059607        0.00569492
	3	-1	-2	   0.00161623        0.00053214
	4	-1	-2	   0.00095048        0.00114592
	5	-1	-2	   0.00002862        0.00001112
	6	-1	-2	   0.00015288        0.00013087
	-6	-1	-2	  -0.00026476       -0.00000862
	-5	-1	-2	   0.00097960        0.00032875
	-4	-1	-2	  -0.00173780        0.00024803
	-3	-1	-2	   0.00746121        0.00248436
	-2	-1	-2	  -0.00606583        0.00346984
	-1	-1	-2	   0.03133557        0.01139924
	0	0	-1	  -0.08771817       -0.08267484
	1	0	-1	   0.00170898        0.01777350
	2	0	-1	  -0.00094197       -0.00780551
	3	0	-1	  -0.00183307        0.00122065
	4	0	-1	   0.00156204       -0.00013045
	5	0	-1	  -0.00039170        0.00002538
	6	0	-1	   0.00025418        0.00002647
	7	0	-1	  -0.00005469       -0.00001071
	-7	0	-1	   0.00007951        0.00003411
	-6	0	-1	  -0.00044621       -0.00020746
	-5	0	-1	   0.00090511        0.00045851
	-4	0	-1	  -0.00370556       -0.00188983
	-3	0	-1	   0.00785730        0.00445724
	-2	0	-1	  -0.02367871       -0.01539962
	-1	0	-1	   0.05483195        0.03551662
	0	1	-1	   0.03419030        0.08452777
	1	1	-1	   0.02441245        0.24210203
	2	1	-1	  -0.01524840        0.01427130
	3	1	-1	  -0.01558758        0.02451019
	4	1	-1	  -0.00349319        0.00086249
	5	1	-1	  -0.00298450        0.00156662
	6	1	-1	  -0.00049267        0.00000888
	-6	1	-1	   0.00065488        0.00039216
	-5	1	-1	   0.00538218        0.00436110
	-4	1	-1	   0.00539119        0.00382988
	-3	1	-1	   0.04338240        0.04420621
	-2	1	-1	   0.03336047        0.03050669
	-1	1	-1	   0.19440745        0.29888049
	0	2	-1	  -0.01484403       -0.03637646
	1	2	-1	   0.00586949        0.05767186
	2	2	-1	  -0.00128150       -0.00979384
	3	2	-1	  -0.00040948        0.01036945
	4	2	-1	   0.00065912       -0.00114864
	5	2	-1	  -0.00019774        0.00109954
	6	2	-1	   0.00013287       -0.00012916
	-6	2	-1	  -0.00028477       -0.00026866
	-5	2	-1	   0.00075324        0.00141717
	-4	2	-1	  -0.00202915       -0.00204652
	-3	2	-1	   0.00543549        0.01232167
	-2	2	-1	  -0.00794341       -0.01201892
	-1	2	-1	   0.01994023        0.06237149
	0	3	-1	   0.00409198        0.01339757
	1	3	-1	   0.00726606        0.07147808
	2	3	-1	  -0.00241057        0.00625691
	3	3	-1	  -0.00311693        0.01746041
	4	3	-1	  -0.00116690        0.00117562
	5	3	-1	  -0.00101117        0.00203815
	6	3	-1	  -0.00019791        0.00008551
	-6	3	-1	   0.00027836        0.00024458
	-5	3	-1	   0.00222352        0.00311853
	-4	3	-1	   0.00203290        0.00224435
	-3	3	-1	   0.01271004        0.02274663
	-2	3	-1	   0.00670717        0.00930224
	-1	3	-1	   0.02885908        0.07869017
	0	4	-1	  -0.00165877       -0.00674972
	1	4	-1	   0.00103748        0.01017372
	2	4	-1	  -0.00039341       -0.00331177
	3	4	-1	  -0.00001892        0.00353489
	4	4	-1	   0.00009936       -0.00068888
	5	4	-1	  -0.00005284        0.00051156
	-5	4	-1	   0.00024377        0.00061063
	-4	4	-1	  -0.00050781       -0.00089168
	-3	4	-1	   0.00130336        0.00397654
	-2	4	-1	  -0.00136027       -0.00363470
	-1	4	-1	   0.00251198        0.01066620
	0	5	-1	   0.00040122        0.00165496
	1	5	-1	   0.00099228        0.00973954
	2	5	-1	  -0.00023516        0.00102264
	3	5	-1	  -0.00027976        0.00354131
	4	5	-1	  -0.00016406        0.00028299
	-4	5	-1	   0.00031445        0.00044281
	-3	5	-1	   0.00175871        0.00422216
	-2	5	-1	   0.00077703        0.00136071
	-1	5	-1	   0.00285497        0.01036168
	0	6	-1	  -0.00017407       -0.00085365
	1	6	-1	   0.00013193        0.00129253
	2	6	-1	  -0.00004341       -0.00049147
	3	6	-1	   0.00001435        0.00052173
	-3	6	-1	   0.00014347        0.00056486
	-2	6	-1	  -0.00017274       -0.00053466
	-1	6	-1	   0.00025795        0.00133462
	0	7	-1	   0.00002737        0.00015792
	0	-7	-1	  -0.00000254       -0.00013452
	0	-6	-1	  -0.00001797        0.00067265
	1	-6	-1	  -0.00012382       -0.00120820
	2	-6	-1	   0.00004967        0.00041867
	3	-6	-1	  -0.00009180       -0.00051616
	-3	-6	-1	   0.00003733       -0.00047303
	-2	-6	-1	  -0.00007966        0.00037547
	-1	-6	-1	   0.00000220       -0.00116611
	0	-5	-1	   0.00011219       -0.00117107
	1	-5	-1	  -0.00087243       -0.00849313
	2	-5	-1	  -0.00044711       -0.00104976
	3	-5	-1	  -0.00100068       -0.00350771
	4	-5	-1	  -0.00023016       -0.00036337
	-4	-5	-1	   0.00024834       -0.00020355
	-3	-5	-1	   0.00103779       -0.00282686
	-2	-5	-1	   0.00056508       -0.00071168
	-1	-5	-1	   0.00099026       -0.00787099
	0	-4	-1	  -0.00048476        0.00472944
	1	-4	-1	  -0.00094261       -0.00918706
	2	-4	-1	   0.00020574        0.00254654
	3	-4	-1	  -0.00073207       -0.00343809
	4	-4	-1	   0.00023468        0.00063425
	5	-4	-1	  -0.00015948       -0.00053119
	-5	-4	-1	   0.00013712       -0.00043212
	-4	-4	-1	  -0.00037248        0.00043146
	-3	-4	-1	   0.00059021       -0.00299644
	-2	-4	-1	  -0.00076113        0.00222361
	-1	-4	-1	   0.00053189       -0.00869458
	0	-3	-1	   0.00193226       -0.00771968
	1	-3	-1	  -0.00587675       -0.05702921
	2	-3	-1	  -0.00371326       -0.00648046
	3	-3	-1	  -0.00664433       -0.01702967
	4	-3	-1	  -0.00146161       -0.00170591
	5	-3	-1	  -0.00146549       -0.00240408
	6	-3	-1	  -0.00022669       -0.00019588
	-6	-3	-1	   0.00024958       -0.00003681
	-5	-3	-1	   0.00176920       -0.00132369
	-4	-3	-1	   0.00173820       -0.00063717
	-3	-3	-1	   0.00918263       -0.01174345
	-2	-3	-1	   0.00540448       -0.00343513
	-1	-3	-1	   0.01571626       -0.04981713
	0	-2	-1	  -0.00977666        0.01317133
	1	-2	-1	  -0.00496415       -0.04825644
	2	-2	-1	   0.00020326        0.00472380
	3	-2	-1	  -0.00244158       -0.00949989
	4	-2	-1	   0.00087461        0.00095836
	5	-2	-1	  -0.00042333       -0.00110622
	6	-2	-1	   0.00016170        0.00015266
	-6	-2	-1	  -0.00025595        0.00001317
	-5	-2	-1	   0.00052766       -0.00078859
	-4	-2	-1	  -0.00181366        0.00006048
	-3	-2	-1	   0.00340339       -0.00754767
	-2	-2	-1	  -0.00645864        0.00249872
	-1	-2	-1	   0.00910659       -0.04355682
	0	-1	-1	   0.02235064       -0.03123765
	1	-1	-1	  -0.01347485       -0.12835059
	2	-1	-1	  -0.01838440       -0.01639166
	3	-1	-1	  -0.02040008       -0.02254524
	4	-1	-1	  -0.00382182       -0.00235074
	5	-1	-1	  -0.00339965       -0.00249255
	6	-1	-1	  -0.00052076       -0.00026574
	-6	-1	-1	   0.00062680        0.00011754
	-5	-1	-1	   0.00496704        0.00030193
	-4	-1	-1	   0.00506256        0.00061665
	-3	-1	-1	   0.03856991       -0.00284923
	-2	-1	-1	   0.03022447       -0.00015625
	-1	-1	-1	   0.15652014       -0.07157212

n_band : 15,	energy : -0.7285,	occupation : 1.0
	0	0	0	   0.00000000        0.00000000
	1	0	0	  -0.14062478        0.10359918
	2	0	0	  -0.18816903        0.13862534
	3	0	0	  -0.03104634        0.02287200
	4	0	0	  -0.02897068        0.02134288
	5	0	0	  -0.00441479        0.00325239
	6	0	0	  -0.00309109        0.00227723
	7	0	0	  -0.00037849        0.00027883
	-7	0	0	   0.00037849       -0.00027883
	-6	0	0	   0.00309109       -0.00227723
	-5	0	0	   0.00441479       -0.00325239
	-4	0	0	   0.02897068       -0.02134288
	-3	0	0	   0.03104634       -0.02287200
	-2	0	0	   0.18816903       -0.13862534
	-1	0	0	   0.14062478       -0.10359918
	0	1	0	  -0.11474052       -0.07139172
	1	1	0	   0.08230105       -0.01038007
	2	1	0	  -0.03550041        0.00427136
	3	1	0	   0.01220730       -0.00363907
	4	1	0	  -0.00589594        0.00243849
	5	1	0	   0.00144214       -0.00060614
	6	1	0	  -0.00072312        0.00036206
	7	1	0	   0.00013072       -0.00007424
	-7	1	0	  -0.00009825        0.00009445
	-6	1	0	   0.00047193       -0.00051835
	-5	1	0	  -0.00077057        0.00102399
	-4	1	0	   0.00309208       -0.00418306
	-3	1	0	  -0.00432723        0.00854206
	-2	1	0	   0.00329511       -0.02430955
	-1	1	0	  -0.00834219        0.05639738
	0	2	0	  -0.15353346       -0.09552874
	1	2	0	  -0.03556248        0.00469134
	2	2	0	  -0.11210987        0.01413965
	3	2	0	  -0.01519398        0.00800740
	4	2	0	  -0.02137870        0.00764169
	5	2	0	  -0.00291823        0.00171355
	6	2	0	  -0.00241552        0.00108960
	-6	2	0	   0.00140011       -0.00172139
	-5	2	0	   0.00227608       -0.00211311
	-4	2	0	   0.00944539       -0.01506662
	-3	2	0	   0.01050479       -0.01092503
	-2	2	0	   0.01136363       -0.07682411
	-1	2	0	   0.00390795       -0.02438683
	0	3	0	  -0.02533170       -0.01576142
	1	3	0	   0.01157442        0.00063966
	2	3	0	  -0.01335771       -0.00440638
	3	3	0	   0.00486860       -0.00061403
	4	3	0	  -0.00314442       -0.00000434
	5	3	0	   0.00086444       -0.00018157
	6	3	0	  -0.00039995        0.00005822
	-6	3	0	   0.00005198       -0.00027473
	-5	3	0	  -0.00019438        0.00059848
	-4	3	0	  -0.00027137       -0.00212096
	-3	3	0	  -0.00049347        0.00333625
	-2	3	0	  -0.00761075       -0.00864022
	-1	3	0	   0.00191673        0.00775457
	0	4	0	  -0.02363815       -0.01470770
	1	4	0	  -0.00538502       -0.00101571
	2	4	0	  -0.01988787       -0.00243703
	3	4	0	  -0.00326532        0.00081276
	4	4	0	  -0.00580651        0.00073233
	5	4	0	  -0.00081160        0.00032319
	-5	4	0	   0.00040727       -0.00057476
	-4	4	0	   0.00058856       -0.00397896
	-3	4	0	   0.00092107       -0.00227137
	-2	4	0	  -0.00526256       -0.01321161
	-1	4	0	  -0.00194864       -0.00354732
	0	5	0	  -0.00360216       -0.00224126
	1	5	0	   0.00131426        0.00025850
	2	5	0	  -0.00251259       -0.00102860
	3	5	0	   0.00084258       -0.00003372
	4	5	0	  -0.00074503       -0.00012686
	5	5	0	   0.00015705       -0.00001981
	-5	5	0	  -0.00001592        0.00010762
	-4	5	0	  -0.00024949       -0.00049193
	-3	5	0	   0.00002136        0.00057128
	-2	5	0	  -0.00172559       -0.00160839
	-1	5	0	   0.00049120        0.00086486
	0	6	0	  -0.00252213       -0.00156927
	1	6	0	  -0.00064148       -0.00018995
	2	6	0	  -0.00217889       -0.00051014
	3	6	0	  -0.00039761        0.00004237
	-3	6	0	   0.00002886       -0.00027181
	-2	6	0	  -0.00093441       -0.00142696
	-1	6	0	  -0.00033362       -0.00041676
	0	7	0	  -0.00030882       -0.00019214
	1	7	0	   0.00011331        0.00004346
	-1	7	0	   0.00007352        0.00007278
	0	-7	0	   0.00030882        0.00019214
	1	-7	0	  -0.00007352       -0.00007278
	-1	-7	0	  -0.00011331       -0.00004346
	0	-6	0	   0.00252213        0.00156927
	1	-6	0	   0.00033362        0.00041676
	2	-6	0	   0.00093441        0.00142696
	3	-6	0	  -0.00002886        0.00027181
	-3	-6	0	   0.00039761       -0.00004237
	-2	-6	0	   0.00217889        0.00051014
	-1	-6	0	   0.00064148        0.00018995
	0	-5	0	   0.00360216        0.00224126
	1	-5	0	  -0.00049120       -0.00086486
	2	-5	0	   0.00172559        0.00160839
	3	-5	0	  -0.00002136       -0.00057128
	4	-5	0	   0.00024949        0.00049193
	5	-5	0	   0.00001592       -0.00010762
	-5	-5	0	  -0.00015705        0.00001981
	-4	-5	0	   0.00074503        0.00012686
	-3	-5	0	  -0.00084258        0.00003372
	-2	-5	0	   0.00251259        0.00102860
	-1	-5	0	  -0.00131426       -0.00025850
	0	-4	0	   0.02363815        0.01470770
	1	-4	0	   0.00194864        0.00354732
	2	-4	0	   0.00526255        0.01321161
	3	-4	0	  -0.00092107        0.00227137
	4	-4	0	  -0.00058855        0.00397896
	5	-4	0	  -0.00040727        0.00057476
	-5	-4	0	   0.00081160       -0.00032319
	-4	-4	0	   0.00580651       -0.00073233
	-3	-4	0	   0.00326532       -0.00081276
	-2	-4	0	   0.01988788        0.00243703
	-1	-4	0	   0.00538502        0.00101572
	0	-3	0	   0.02533170        0.01576142
	1	-3	0	  -0.00191672       -0.00775457
	2	-3	0	   0.00761075        0.00864022
	3	-3	0	   0.00049347       -0.00333626
	4	-3	0	   0.00027137        0.00212096
	5	-3	0	   0.00019438       -0.00059849
	6	-3	0	  -0.00005198        0.00027473
	-6	-3	0	   0.00039995       -0.00005822
	-5	-3	0	  -0.00086444        0.00018157
	-4	-3	0	   0.00314442        0.00000434
	-3	-3	0	  -0.00486860        0.00061403
	-2	-3	0	   0.01335771        0.00440638
	-1	-3	0	  -0.01157442       -0.00063966
	0	-2	0	   0.15353346        0.09552874
	1	-2	0	  -0.00390797        0.02438679
	2	-2	0	  -0.01136365        0.07682408
	3	-2	0	  -0.01050479        0.01092504
	4	-2	0	  -0.00944539        0.01506662
	5	-2	0	  -0.00227608        0.00211311
	6	-2	0	  -0.00140011        0.00172139
	-6	-2	0	   0.00241551       -0.00108960
	-5	-2	0	   0.00291823       -0.00171355
	-4	-2	0	   0.02137870       -0.00764169
	-3	-2	0	   0.01519398       -0.00800740
	-2	-2	0	   0.11210989       -0.01413963
	-1	-2	0	   0.03556249       -0.00469131
	0	-1	0	   0.11474052        0.07139172
	1	-1	0	   0.00834219       -0.05639737
	2	-1	0	  -0.00329515        0.02430954
	3	-1	0	   0.00432724       -0.00854207
	4	-1	0	  -0.00309208        0.00418306
	5	-1	0	   0.00077057       -0.00102399
	6	-1	0	  -0.00047193        0.00051835
	7	-1	0	   0.00009825       -0.00009445
	-7	-1	0	  -0.00013072        0.00007424
	-6	-1	0	   0.00072312       -0.00036206
	-5	-1	0	  -0.00144214        0.00060614
	-4	-1	0	   0.00589594       -0.00243850
	-3	-1	0	  -0.01220730        0.00363907
	-2	-1	0	   0.03550044       -0.00427135
	-1	-1	0	  -0.08230106        0.01038007
	0	0	1	  -0.07656696        0.00634672
	1	0	1	   0.06999818       -0.03543419
	2	0	1	  -0.03014317        0.01518114
	3	0	1	   0.01089649       -0.00630850
	4	0	1	  -0.00542953        0.00338832
	5	0	1	   0.00133043       -0.00083364
	6	0	1	  -0.00068134        0.00044715
	7	0	1	   0.00012532       -0.00008524
	-7	0	1	  -0.00010365        0.00008345
	-6	0	1	   0.00051371       -0.00043326
	-5	0	1	  -0.00088229        0.00079650
	-4	0	1	   0.00355849       -0.00323323
	-3	0	1	  -0.00563806        0.00587264
	-2	0	1	   0.00865239       -0.01339974
	-1	0	1	  -0.02064506        0.03134325
	0	1	1	   0.06165599        0.02096318
	1	1	1	   0.34233138       -0.03976205
	2	1	1	   0.05780134       -0.02499898
	3	1	1	   0.07537142       -0.02854272
	4	1	1	   0.00929104       -0.00500213
	5	1	1	   0.00929988       -0.00452356
	6	1	1	   0.00112530       -0.00067153
	-6	1	1	  -0.00083278        0.00077099
	-5	1	1	  -0.00497611        0.00599365
	-4	1	1	  -0.00586835        0.00616586
	-3	1	1	  -0.02524850        0.04558463
	-2	1	1	  -0.02513950        0.03610406
	-1	1	1	   0.05227051        0.17392763
	0	2	1	  -0.02657267       -0.00895705
	1	2	1	   0.05237765        0.01166803
	2	2	1	  -0.01369905        0.00158171
	3	2	1	   0.01264021        0.00016711
	4	2	1	  -0.00347039        0.00131262
	5	2	1	   0.00165990       -0.00017124
	6	2	1	  -0.00050005        0.00021093
	-6	2	1	   0.00021257       -0.00031406
	-5	2	1	   0.00003728        0.00102417
	-4	2	1	   0.00111654       -0.00206663
	-3	2	1	   0.00266701        0.00751444
	-2	2	1	  -0.00233199       -0.00679253
	-1	2	1	   0.02836882        0.02935543
	0	3	1	   0.00937479        0.00397918
	1	3	1	   0.06950194        0.01113811
	2	3	1	   0.01315419       -0.00330738
	3	3	1	   0.02716732       -0.00331198
	4	3	1	   0.00389971       -0.00145910
	5	3	1	   0.00450949       -0.00117758
	6	3	1	   0.00051877       -0.00024529
	-6	3	1	  -0.00029390        0.00035340
	-5	3	1	  -0.00100982        0.00288854
	-4	3	1	  -0.00156014        0.00256318
	-3	3	1	   0.00016190        0.01658308
	-2	3	1	  -0.00240337        0.00815394
	-1	3	1	   0.03265797        0.03828130
	0	4	1	  -0.00460235       -0.00220397
	1	4	1	   0.00812740        0.00286447
	2	4	1	  -0.00320007       -0.00051490
	3	4	1	   0.00360484        0.00053415
	4	4	1	  -0.00105985        0.00012851
	5	4	1	   0.00062292        0.00001778
	-5	4	1	   0.00011683        0.00039062
	-4	4	1	  -0.00002387       -0.00063471
	-3	4	1	   0.00134866        0.00219630
	-2	4	1	  -0.00155037       -0.00173027
	-1	4	1	   0.00561147        0.00471797
	0	5	1	   0.00112680        0.00054311
	1	5	1	   0.00827853        0.00238133
	2	5	1	   0.00166953       -0.00023623
	3	5	1	   0.00432164        0.00009237
	4	5	1	   0.00065149       -0.00017533
	-4	5	1	  -0.00016498        0.00042616
	-3	5	1	   0.00084342        0.00265480
	-2	5	1	  -0.00005758        0.00103614
	-1	5	1	   0.00510023        0.00472280
	0	6	1	  -0.00057136       -0.00029641
	1	6	1	   0.00096487        0.00041297
	2	6	1	  -0.00045477       -0.00009516
	3	6	1	   0.00046425        0.00012326
	-3	6	1	   0.00024393        0.00028557
	-2	6	1	  -0.00023411       -0.00025772
	-1	6	1	   0.00074985        0.00057138
	0	7	1	   0.00010425        0.00005723
	0	-7	1	  -0.00008258       -0.00005902
	0	-6	1	   0.00040374        0.00031030
	1	-6	1	  -0.00063277       -0.00058108
	2	-6	1	   0.00012668        0.00026663
	3	-6	1	  -0.00019882       -0.00028931
	-3	-6	1	  -0.00041915       -0.00012700
	-2	-6	1	   0.00034735        0.00010406
	-1	-6	1	  -0.00084780       -0.00042267
	0	-5	1	  -0.00067866       -0.00058026
	1	-5	1	  -0.00336973       -0.00486624
	2	-5	1	   0.00034556       -0.00106001
	3	-5	1	  -0.00018175       -0.00270965
	4	-5	1	   0.00023855       -0.00043226
	-4	-5	1	  -0.00057792        0.00016923
	-3	-5	1	  -0.00365997       -0.00014722
	-2	-5	1	  -0.00138155        0.00021236
	-1	-5	1	  -0.00654803       -0.00252477
	0	-4	1	   0.00273131        0.00235906
	1	-4	1	  -0.00424161       -0.00483151
	2	-4	1	   0.00054260        0.00181381
	3	-4	1	  -0.00085000       -0.00223764
	4	-4	1	  -0.00021454        0.00065447
	5	-4	1	  -0.00004326       -0.00039672
	-5	-4	1	  -0.00054935       -0.00002388
	-4	-4	1	   0.00082144       -0.00010875
	-3	-4	1	  -0.00310617       -0.00057549
	-2	-4	1	   0.00219231        0.00059844
	-1	-4	1	  -0.00675752       -0.00297802
	0	-3	1	  -0.00411636       -0.00441504
	1	-3	1	  -0.01259729       -0.03994415
	2	-3	1	   0.00501669       -0.00837056
	3	-3	1	   0.00513269       -0.01702195
	4	-3	1	   0.00205880       -0.00260452
	5	-3	1	   0.00167149       -0.00294338
	6	-3	1	   0.00033900       -0.00035714
	-6	-3	1	  -0.00047366        0.00024155
	-5	-3	1	  -0.00384782        0.00112273
	-4	-3	1	  -0.00340104        0.00141777
	-3	-3	1	  -0.02187272        0.00287310
	-2	-3	1	  -0.01054087        0.00309078
	-1	-3	1	  -0.04944126       -0.01280097
	0	-2	1	   0.00508188        0.01073844
	1	-2	1	  -0.01529664       -0.03043901
	2	-2	1	  -0.00442422        0.00735255
	3	-2	1	  -0.00005370       -0.00773105
	4	-2	1	  -0.00212430        0.00215017
	5	-2	1	   0.00025070       -0.00104804
	6	-2	1	  -0.00032000        0.00032296
	-6	-2	1	   0.00039262       -0.00020203
	-5	-2	1	  -0.00137192        0.00014737
	-4	-2	1	   0.00246263       -0.00122908
	-3	-2	1	  -0.01002689       -0.00038372
	-2	-2	1	   0.00694289       -0.00102169
	-1	-2	1	  -0.03930535       -0.01275160
	0	-1	1	  -0.01230287       -0.02505413
	1	-1	1	   0.10566093       -0.18701877
	2	-1	1	   0.03821174       -0.03718769
	3	-1	1	   0.04530918       -0.04724748
	4	-1	1	   0.00723821       -0.00627940
	5	-1	1	   0.00670661       -0.00613710
	6	-1	1	   0.00094986       -0.00078069
	-6	-1	1	  -0.00100823        0.00066183
	-5	-1	1	  -0.00756938        0.00438012
	-4	-1	1	  -0.00792117        0.00488858
	-3	-1	1	  -0.05531073        0.02687985
	-2	-1	1	  -0.04472909        0.02391544
	-1	-1	1	  -0.18439993        0.02667094
	0	0	2	  -0.10245369        0.00849250
	1	0	2	  -0.03029681        0.01541454
	2	0	2	  -0.09535100        0.04826818
	3	0	2	  -0.01441396        0.00959589
	4	0	2	  -0.01939363        0.01168419
	5	0	2	  -0.00281142        0.00193109
	6	0	2	  -0.00224661        0.00143358
	-6	0	2	   0.00156902       -0.00137742
	-5	0	2	   0.00238289       -0.00189558
	-4	0	2	   0.01143046       -0.01102412
	-3	0	2	   0.01128481       -0.00933654
	-2	0	2	   0.02812251       -0.04269554
	-1	0	2	   0.00917362       -0.01366358
	0	1	2	  -0.02666425       -0.00914361
	1	1	2	   0.04437885       -0.00462102
	2	1	2	  -0.01384044        0.00129385
	3	1	2	   0.01118005       -0.00280641
	4	1	2	  -0.00349770        0.00125701
	5	1	2	   0.00149727       -0.00050243
	6	1	2	  -0.00049688        0.00021739
	-6	1	2	   0.00021574       -0.00030760
	-5	1	2	  -0.00012536        0.00069298
	-4	1	2	   0.00108923       -0.00212223
	-3	1	2	   0.00120686        0.00454092
	-2	1	2	  -0.00247333       -0.00708038
	-1	1	2	   0.02037011        0.01306640
	0	2	2	  -0.08398736       -0.02855591
	1	2	2	  -0.01393631        0.00194181
	2	2	2	  -0.06339803        0.00736371
	3	2	2	  -0.00812473        0.00395654
	4	2	2	  -0.01447211        0.00450908
	5	2	2	  -0.00190183        0.00103895
	6	2	2	  -0.00171214        0.00068324
	-6	2	2	   0.00063830       -0.00104834
	-5	2	2	   0.00122917       -0.00126767
	-4	2	2	   0.00304356       -0.00839483
	-3	2	2	   0.00435588       -0.00523799
	-2	2	2	  -0.00968026       -0.03221053
	-1	2	2	  -0.00152777       -0.00719965
	0	3	2	  -0.01204880       -0.00639362
	1	3	2	   0.01070392        0.00041253
	2	3	2	  -0.00723103       -0.00208507
	3	3	2	   0.00446342       -0.00050617
	4	3	2	  -0.00202710        0.00000206
	5	3	2	   0.00077176       -0.00014922
	6	3	2	  -0.00027160        0.00003469
	-6	3	2	  -0.00000229       -0.00016371
	-5	3	2	   0.00003414        0.00039420
	-4	3	2	  -0.00035261       -0.00123156
	-3	3	2	   0.00099386        0.00204989
	-2	3	2	  -0.00446072       -0.00412600
	-1	3	2	   0.00590427        0.00394847
	0	4	2	  -0.01655680       -0.00749429
	1	4	2	  -0.00324592       -0.00044536
	2	4	2	  -0.01363324       -0.00116211
	3	4	2	  -0.00210125        0.00050321
	4	4	2	  -0.00413613        0.00049870
	5	4	2	  -0.00054733        0.00019701
	-5	4	2	   0.00019980       -0.00035340
	-4	4	2	  -0.00016552       -0.00242646
	-3	4	2	   0.00037874       -0.00132381
	-2	4	2	  -0.00523244       -0.00735103
	-1	4	2	  -0.00139503       -0.00180892
	0	5	2	  -0.00233335       -0.00130074
	1	5	2	   0.00139662        0.00017809
	2	5	2	  -0.00165917       -0.00060147
	3	5	2	   0.00075375       -0.00002746
	4	5	2	  -0.00050820       -0.00006755
	-4	5	2	  -0.00018629       -0.00030471
	-3	5	2	   0.00021182        0.00037179
	-2	5	2	  -0.00116473       -0.00096573
	-1	5	2	   0.00086771        0.00056774
	0	6	2	  -0.00189544       -0.00094047
	1	6	2	  -0.00044946       -0.00010324
	2	6	2	  -0.00156846       -0.00028806
	3	6	2	  -0.00027109        0.00003122
	-3	6	2	  -0.00000735       -0.00016308
	-2	6	2	  -0.00077912       -0.00086958
	-1	6	2	  -0.00025215       -0.00024859
	0	-6	2	   0.00121785        0.00099663
	1	-6	2	   0.00013200        0.00025855
	2	-6	2	   0.00034934        0.00090520
	3	-6	2	  -0.00005135        0.00016794
	-3	-6	2	   0.00021239       -0.00002635
	-2	-6	2	   0.00113868        0.00032368
	-1	-6	2	   0.00032930        0.00011319
	0	-5	2	   0.00190483        0.00133625
	1	-5	2	   0.00007264       -0.00064570
	2	-5	2	   0.00089550        0.00098804
	3	-5	2	   0.00015189       -0.00040194
	4	-5	2	   0.00010141        0.00031174
	-4	-5	2	   0.00042332        0.00007459
	-3	-5	2	  -0.00039004       -0.00000269
	-2	-5	2	   0.00138995        0.00062378
	-1	-5	2	  -0.00045626       -0.00025605
	0	-4	2	   0.00859363        0.00815435
	1	-4	2	   0.00049675        0.00188336
	2	-4	2	   0.00065839        0.00773017
	3	-4	2	  -0.00073496        0.00135332
	4	-4	2	  -0.00089637        0.00251448
	5	-4	2	  -0.00028467        0.00036044
	-5	-4	2	   0.00046246       -0.00018997
	-4	-4	2	   0.00307423       -0.00041069
	-3	-4	2	   0.00174504       -0.00047369
	-2	-4	2	   0.00905919        0.00154125
	-1	-4	2	   0.00234765        0.00051979
	0	-3	2	   0.00891966        0.00665297
	1	-3	2	   0.00256642       -0.00465064
	2	-3	2	   0.00295230        0.00425100
	3	-3	2	   0.00163246       -0.00226761
	4	-3	2	  -0.00000360        0.00126107
	5	-3	2	   0.00032958       -0.00042435
	6	-3	2	  -0.00005641        0.00016858
	-6	-3	2	   0.00021290       -0.00002982
	-5	-3	2	  -0.00040805        0.00011907
	-4	-3	2	   0.00167088        0.00002746
	-3	-3	2	  -0.00183710        0.00028846
	-2	-3	2	   0.00572260        0.00221008
	-1	-3	2	  -0.00223323       -0.00111470
	0	-2	2	   0.01675889        0.03412855
	1	-2	2	  -0.00466144        0.00771265
	2	-2	2	  -0.01956786        0.03463492
	3	-2	2	  -0.00586431        0.00536300
	4	-2	2	  -0.00761761        0.00877397
	5	-2	2	  -0.00149839        0.00128998
	6	-2	2	  -0.00106808        0.00108397
	-6	-2	2	   0.00128235       -0.00064761
	-5	-2	2	   0.00163261       -0.00101664
	-4	-2	2	   0.00989806       -0.00412994
	-3	-2	2	   0.00661631       -0.00383154
	-2	-2	2	   0.03414992       -0.00493931
	-1	-2	2	   0.00774712       -0.00142882
	0	-1	2	   0.00554106        0.01089457
	1	-1	2	   0.02478931       -0.01680969
	2	-1	2	  -0.00371586        0.00759337
	3	-1	2	   0.00726384       -0.00524309
	4	-1	2	  -0.00198750        0.00219666
	5	-1	2	   0.00106571       -0.00077094
	6	-1	2	  -0.00033589        0.00031756
	-6	-1	2	   0.00037672       -0.00020744
	-5	-1	2	  -0.00055691        0.00042447
	-4	-1	2	   0.00259943       -0.00118258
	-3	-1	2	  -0.00270936        0.00210425
	-2	-1	2	   0.00765122       -0.00078086
	-1	-1	2	   0.00078052        0.00087774
	0	0	3	  -0.01690394        0.00140121
	1	0	3	   0.00933023       -0.00393056
	2	0	3	  -0.00986966        0.00269685
	3	0	3	   0.00414082       -0.00209613
	4	0	3	  -0.00257621        0.00115278
	5	0	3	   0.00075298       -0.00040855
	6	0	3	  -0.00034207        0.00017610
	-6	0	3	   0.00010987       -0.00015685
	-5	0	3	  -0.00030584        0.00037150
	-4	0	3	   0.00029685       -0.00096383
	-3	0	3	  -0.00122125        0.00185415
	-2	0	3	  -0.00412269       -0.00153699
	-1	0	3	  -0.00032748        0.00318435
	0	1	3	   0.00844141        0.00207839
	1	1	3	   0.06084573       -0.00648981
	2	1	3	   0.01245199       -0.00473737
	3	1	3	   0.02482176       -0.00808857
	4	1	3	   0.00371779       -0.00182957
	5	1	3	   0.00420234       -0.00180307
	6	1	3	   0.00050011       -0.00028329
	-6	1	3	  -0.00031256        0.00031540
	-5	1	3	  -0.00131697        0.00226304
	-4	1	3	  -0.00174206        0.00219271
	-3	1	3	  -0.00218365        0.01180649
	-2	1	3	  -0.00310556        0.00672395
	-1	1	3	   0.02400176        0.02065337
	0	2	3	  -0.00934077       -0.00087888
	1	2	3	   0.01146189        0.00195606
	2	2	3	  -0.00591304        0.00059888
	3	2	3	   0.00464722       -0.00013191
	4	2	3	  -0.00177928        0.00050671
	5	2	3	   0.00078887       -0.00011437
	6	2	3	  -0.00025043        0.00007779
	-6	2	3	   0.00001888       -0.00012061
	-5	2	3	   0.00005125        0.00042905
	-4	2	3	  -0.00010480       -0.00072691
	-3	2	3	   0.00117765        0.00242415
	-2	2	3	  -0.00314275       -0.00144204
	-1	2	3	   0.00666223        0.00549200
	0	3	3	   0.00364735        0.00124012
	1	3	3	   0.02323132        0.00266364
	2	3	3	   0.00477186       -0.00097436
	3	3	3	   0.01098804       -0.00127627
	4	3	3	   0.00169912       -0.00057617
	5	3	3	   0.00202275       -0.00049052
	-5	3	3	  -0.00016589        0.00112186
	-4	3	3	  -0.00044423        0.00100284
	-3	3	3	   0.00167776        0.00558267
	-2	3	3	  -0.00005178        0.00257922
	-1	3	3	   0.01350712        0.00982752
	0	4	3	  -0.00231181       -0.00063483
	1	4	3	   0.00329957        0.00099762
	2	4	3	  -0.00168538       -0.00012811
	3	4	3	   0.00158674        0.00018346
	4	4	3	  -0.00057014        0.00006463
	5	4	3	   0.00025832       -0.00000434
	-5	4	3	   0.00005260        0.00014721
	-4	4	3	  -0.00012748       -0.00026148
	-3	4	3	   0.00066432        0.00086302
	-2	4	3	  -0.00103119       -0.00061007
	-1	4	3	   0.00238371        0.00167235
	0	5	3	   0.00065554        0.00025025
	1	5	3	   0.00380622        0.00087488
	2	5	3	   0.00078247       -0.00007105
	3	5	3	   0.00194694        0.00002198
	4	5	3	   0.00026636       -0.00005873
	-4	5	3	  -0.00002677        0.00015723
	-3	5	3	   0.00058201        0.00102753
	-2	5	3	   0.00011446        0.00042108
	-1	5	3	   0.00259098        0.00177016
	0	6	3	  -0.00030048       -0.00010510
	1	6	3	   0.00043294        0.00017080
	2	6	3	  -0.00023557       -0.00002270
	-2	6	3	  -0.00012777       -0.00010212
	-1	6	3	   0.00035010        0.00023183
	0	-6	3	   0.00006827        0.00012434
	1	-6	3	  -0.00023014       -0.00024177
	2	-6	3	  -0.00001583        0.00011402
	-2	-6	3	   0.00009197        0.00003461
	-1	-6	3	  -0.00031298       -0.00018074
	0	-5	3	  -0.00020840       -0.00028731
	1	-5	3	  -0.00069717       -0.00192714
	2	-5	3	   0.00018061       -0.00044553
	3	-5	3	   0.00016115       -0.00108913
	4	-5	3	   0.00009851       -0.00016317
	-4	-5	3	  -0.00019463        0.00005278
	-3	-5	3	  -0.00120377       -0.00008359
	-2	-5	3	  -0.00048740        0.00004659
	-1	-5	3	  -0.00191241       -0.00103186
	0	-4	3	   0.00003245        0.00082378
	1	-4	3	  -0.00115526       -0.00177416
	2	-4	3	  -0.00031910        0.00072201
	3	-4	3	  -0.00016207       -0.00090465
	4	-4	3	  -0.00020895        0.00028937
	5	-4	3	   0.00001914       -0.00015316
	-5	-4	3	  -0.00018658       -0.00000160
	-4	-4	3	   0.00023371       -0.00003675
	-3	-4	3	  -0.00108450       -0.00022509
	-2	-4	3	   0.00033511        0.00024004
	-1	-4	3	  -0.00207112       -0.00109944
	0	-3	3	  -0.00072778       -0.00148210
	1	-3	3	   0.00119670       -0.01104634
	2	-3	3	   0.00194090       -0.00273580
	3	-3	3	   0.00339147       -0.00600287
	4	-3	3	   0.00094648       -0.00104447
	5	-3	3	   0.00090906       -0.00118346
	-5	-3	3	  -0.00127958        0.00042892
	-4	-3	3	  -0.00119687        0.00053454
	-3	-3	3	  -0.00591881        0.00085608
	-2	-3	3	  -0.00288273        0.00081779
	-1	-3	3	  -0.00852751       -0.00388246
	0	-2	3	  -0.00465158        0.00203874
	1	-2	3	  -0.00123202       -0.00594210
	2	-2	3	  -0.00365262        0.00200533
	3	-2	3	   0.00071148       -0.00258073
	4	-2	3	  -0.00124548        0.00083884
	5	-2	3	   0.00024382       -0.00045350
	6	-2	3	  -0.00016247        0.00013252
	-6	-2	3	   0.00010683       -0.00006589
	-5	-2	3	  -0.00049380        0.00008992
	-4	-2	3	   0.00042900       -0.00039477
	-3	-2	3	  -0.00275808       -0.00002466
	-2	-2	3	  -0.00088232       -0.00003559
	-1	-2	3	  -0.00603167       -0.00240616
	0	-1	3	   0.00056134       -0.00282460
	1	-1	3	   0.03078350       -0.02519457
	2	-1	3	   0.00853578       -0.00717405
	3	-1	3	   0.01688746       -0.01302531
	4	-1	3	   0.00297051       -0.00229453
	5	-1	3	   0.00321078       -0.00242002
	6	-1	3	   0.00043252       -0.00032535
	-6	-1	3	  -0.00038015        0.00027335
	-5	-1	3	  -0.00230852        0.00164609
	-4	-1	3	  -0.00248934        0.00172775
	-3	-1	3	  -0.01011795        0.00686975
	-2	-1	3	  -0.00702178        0.00428728
	-1	-1	3	  -0.00606047        0.00194861
	0	0	4	  -0.01577386        0.00130751
	1	0	4	  -0.00416510        0.00146861
	2	0	4	  -0.01570417        0.00608286
	3	0	4	  -0.00287537        0.00160689
	4	0	4	  -0.00493852        0.00249996
	5	0	4	  -0.00074435        0.00046016
	-5	0	4	   0.00047453       -0.00043779
	-4	0	4	   0.00145655       -0.00221134
	-3	0	4	   0.00131102       -0.00147724
	-2	0	4	  -0.00107885       -0.00469171
	-1	0	4	  -0.00072872       -0.00106299
	0	1	4	  -0.00384884       -0.00066947
	1	1	4	   0.00641130       -0.00063022
	2	1	4	  -0.00282872        0.00024135
	3	1	4	   0.00298808       -0.00072181
	4	1	4	  -0.00097867        0.00029384
	5	1	4	   0.00053044       -0.00017055
	-5	1	4	   0.00002435        0.00020229
	-4	1	4	   0.00005731       -0.00046938
	-3	1	4	   0.00073191        0.00094034
	-2	1	4	  -0.00117902       -0.00097401
	-1	1	4	   0.00389538        0.00122328
	0	2	4	  -0.01435816       -0.00301688
	1	2	4	  -0.00284726        0.00036650
	2	2	4	  -0.01239609        0.00135728
	3	2	4	  -0.00196277        0.00078522
	4	2	4	  -0.00386191        0.00105712
	5	2	4	  -0.00052480        0.00024290
	-5	2	4	   0.00022233       -0.00030751
	-4	2	4	   0.00010869       -0.00186805
	-3	2	4	   0.00051722       -0.00104180
	-2	2	4	  -0.00399530       -0.00483165
	-1	2	4	  -0.00099636       -0.00099706
	0	3	4	  -0.00249007       -0.00099783
	1	3	4	   0.00286473        0.00011213
	2	3	4	  -0.00179472       -0.00035075
	3	3	4	   0.00142103       -0.00015400
	4	3	4	  -0.00059393        0.00001620
	5	3	4	   0.00023641       -0.00004895
	-5	3	4	   0.00003069        0.00010261
	-4	3	4	  -0.00015127       -0.00030992
	-3	3	4	   0.00049860        0.00052556
	-2	3	4	  -0.00114052       -0.00083271
	-1	3	4	   0.00194888        0.00078685
	0	4	4	  -0.00434997       -0.00147900
	1	4	4	  -0.00092363       -0.00007832
	2	4	4	  -0.00367598       -0.00019989
	3	4	4	  -0.00061006        0.00012523
	4	4	4	  -0.00115255        0.00013387
	-4	4	4	  -0.00017598       -0.00058557
	-3	4	4	   0.00000785       -0.00032999
	-2	4	4	  -0.00172567       -0.00163669
	-1	4	4	  -0.00048577       -0.00040089
	0	5	4	  -0.00063217       -0.00029821
	1	5	4	   0.00049630        0.00006027
	2	5	4	  -0.00047038       -0.00012496
	3	5	4	   0.00022960       -0.00000292
	-3	5	4	   0.00009786        0.00009413
	-2	5	4	  -0.00031450       -0.00023980
	-1	5	4	   0.00036118        0.00015981
	0	-5	4	   0.00036235        0.00032057
	1	-5	4	   0.00008336       -0.00019666
	2	-5	4	   0.00013922        0.00025433
	3	-5	4	   0.00006175       -0.00010737
	-3	-5	4	  -0.00007000       -0.00001031
	-2	-5	4	   0.00029510        0.00013949
	-1	-5	4	  -0.00005176       -0.00009712
	0	-4	4	   0.00086799        0.00176762
	1	-4	4	  -0.00007832        0.00044764
	2	-4	4	  -0.00043623        0.00181589
	3	-4	4	  -0.00024887        0.00034996
	4	-4	4	  -0.00035574        0.00062965
	-4	-4	4	   0.00062083       -0.00008980
	-3	-4	4	   0.00036903       -0.00010525
	-2	-4	4	   0.00151407        0.00037909
	-1	-4	4	   0.00035954        0.00012506
	0	-3	4	   0.00092572        0.00112748
	1	-3	4	   0.00102383       -0.00103329
	2	-3	4	   0.00022877        0.00090827
	3	-3	4	   0.00066838       -0.00062230
	4	-3	4	  -0.00008976        0.00032989
	5	-3	4	   0.00012891       -0.00011584
	-5	-3	4	  -0.00007681        0.00003572
	-4	-3	4	   0.00035290        0.00000378
	-3	-3	4	  -0.00025404        0.00005726
	-2	-3	4	   0.00088297        0.00042631
	-1	-3	4	   0.00010798       -0.00035857
	0	-2	4	  -0.00242485        0.00440804
	1	-2	4	  -0.00150117        0.00120405
	2	-2	4	  -0.00554159        0.00562216
	3	-2	4	  -0.00142897        0.00111735
	4	-2	4	  -0.00227059        0.00204725
	5	-2	4	  -0.00039761        0.00032204
	-5	-2	4	   0.00034952       -0.00022837
	-4	-2	4	   0.00170001       -0.00087792
	-3	-2	4	   0.00105102       -0.00070966
	-2	-2	4	   0.00285921       -0.00056676
	-1	-2	4	   0.00034973       -0.00015951
	0	-1	4	  -0.00104498        0.00107509
	1	-1	4	   0.00435848       -0.00190749
	2	-1	4	  -0.00131852        0.00118100
	3	-1	4	   0.00224080       -0.00118678
	4	-1	4	  -0.00062140        0.00051613
	5	-1	4	   0.00042019       -0.00023914
	-5	-1	4	  -0.00008589        0.00013369
	-4	-1	4	   0.00041458       -0.00024709
	-3	-1	4	  -0.00001537        0.00047538
	-2	-1	4	   0.00033119       -0.00003436
	-1	-1	4	   0.00184256       -0.00005400
	0	0	5	  -0.00240373        0.00019926
	1	0	5	   0.00101394       -0.00035310
	2	0	5	  -0.00180757        0.00040712
	3	0	5	   0.00069887       -0.00032639
	4	0	5	  -0.00057959        0.00021004
	5	0	5	   0.00013358       -0.00006762
	-5	0	5	  -0.00003939        0.00005981
	-4	0	5	  -0.00008406       -0.00015503
	-3	0	5	  -0.00012235        0.00027861
	-2	0	5	  -0.00102057       -0.00017267
	-1	0	5	   0.00019087        0.00025325
	0	1	5	   0.00093819        0.00015900
	1	1	5	   0.00677226       -0.00068612
	2	1	5	   0.00152109       -0.00053854
	3	1	5	   0.00373746       -0.00109729
	4	1	5	   0.00060114       -0.00027787
	-4	1	5	  -0.00021533        0.00032363
	-3	1	5	   0.00025923        0.00146514
	-2	1	5	  -0.00020603        0.00073383
	-1	1	5	   0.00359396        0.00165535
	0	2	5	  -0.00173515       -0.00008255
	1	2	5	   0.00141080        0.00020696
	2	2	5	  -0.00130131        0.00012728
	3	2	5	   0.00074430       -0.00004670
	4	2	5	  -0.00042795        0.00009587
	-4	2	5	  -0.00010603       -0.00014129
	-3	2	5	   0.00020238        0.00035254
	-2	2	5	  -0.00080687       -0.00023698
	-1	2	5	   0.00088190        0.00059661
	0	3	5	   0.00062329        0.00018457
	1	3	5	   0.00352919        0.00031072
	2	3	5	   0.00075591       -0.00012514
	3	3	5	   0.00183514       -0.00020570
	4	3	5	   0.00025632       -0.00007918
	-4	3	5	  -0.00003681        0.00013678
	-3	3	5	   0.00047021        0.00079985
	-2	3	5	   0.00008790        0.00036699
	-1	3	5	   0.00231395        0.00120599
	0	4	5	  -0.00053399       -0.00009828
	1	4	5	   0.00053843        0.00014606
	2	4	5	  -0.00041267       -0.00000743
	3	4	5	   0.00024147        0.00002124
	-3	4	5	   0.00010972        0.00011830
	-2	4	5	  -0.00025678       -0.00012227
	-1	4	5	   0.00040331        0.00024560
	0	5	5	   0.00011766        0.00004001
	0	-5	5	  -0.00002348       -0.00004781
	0	-4	5	  -0.00012966        0.00015330
	1	-4	5	  -0.00012775       -0.00026844
	2	-4	5	  -0.00015001        0.00015600
	3	-4	5	   0.00000229       -0.00012758
	-3	-4	5	  -0.00012946       -0.00003052
	-2	-4	5	   0.00000588        0.00004116
	-1	-4	5	  -0.00026287       -0.00016890
	0	-3	5	  -0.00004677       -0.00023235
	1	-3	5	   0.00069119       -0.00145509
	2	-3	5	   0.00031373       -0.00040027
	3	-3	5	   0.00072145       -0.00089863
	4	-3	5	   0.00014883       -0.00014606
	-4	-3	5	  -0.00014431        0.00006989
	-3	-3	5	  -0.00064347        0.00010692
	-2	-3	5	  -0.00035428        0.00009186
	-1	-3	5	  -0.00052405       -0.00055982
	0	-2	5	  -0.00109299        0.00031700
	1	-2	5	   0.00000161       -0.00066983
	2	-2	5	  -0.00089787        0.00037831
	3	-2	5	   0.00019925       -0.00038583
	4	-2	5	  -0.00030076        0.00017501
	-4	-2	5	   0.00002116       -0.00006215
	-3	-2	5	  -0.00034267        0.00001342
	-2	-2	5	  -0.00040343        0.00001404
	-1	-2	5	  -0.00052730       -0.00028019
	0	-1	5	   0.00026662       -0.00025885
	1	-1	5	   0.00417899       -0.00229966
	2	-1	5	   0.00108953       -0.00080705
	3	-1	5	   0.00274591       -0.00171424
	4	-1	5	   0.00049089       -0.00034647
	-4	-1	5	  -0.00032558        0.00025503
	-3	-1	5	  -0.00073232        0.00084819
	-2	-1	5	  -0.00063758        0.00046532
	-1	-1	5	   0.00100069        0.00004181
	0	0	6	  -0.00168303        0.00013951
	1	0	6	  -0.00047928        0.00014037
	2	0	6	  -0.00166100        0.00054451
	3	0	6	  -0.00033627        0.00016729
	-3	0	6	   0.00009020       -0.00014690
	-2	0	6	  -0.00041653       -0.00037230
	-1	0	6	  -0.00017142       -0.00008644
	0	1	6	  -0.00045095       -0.00005118
	1	1	6	   0.00072829       -0.00006882
	2	1	6	  -0.00038483        0.00004728
	3	1	6	   0.00036519       -0.00007847
	-3	1	6	   0.00014487        0.00008384
	-2	1	6	  -0.00016417       -0.00011529
	-1	1	6	   0.00051326        0.00008959
	0	2	6	  -0.00154647       -0.00022979
	1	2	6	  -0.00038268        0.00003274
	2	2	6	  -0.00135658        0.00014343
	3	2	6	  -0.00024916        0.00007586
	-3	2	6	   0.00001457       -0.00011844
	-2	2	6	  -0.00056723       -0.00043808
	-1	2	6	  -0.00018538       -0.00011261
	0	3	6	  -0.00029702       -0.00009806
	1	3	6	   0.00035254        0.00000707
	2	3	6	  -0.00023481       -0.00002116
	-2	3	6	  -0.00012702       -0.00010058
	-1	3	6	   0.00026970        0.00006810
	0	-3	6	   0.00005095        0.00011845
	1	-3	6	   0.00017277       -0.00010478
	2	-3	6	  -0.00001962        0.00011273
	-2	-3	6	   0.00008818        0.00003331
	-1	-3	6	   0.00008993       -0.00004375
	0	-2	6	  -0.00053106        0.00040200
	1	-2	6	  -0.00020263        0.00014477
	2	-2	6	  -0.00071253        0.00054416
	3	-2	6	  -0.00016121        0.00013059
	-3	-2	6	   0.00010253       -0.00006371
	-2	-2	6	   0.00007682       -0.00003735
	-1	-2	6	  -0.00000533       -0.00000058
	0	-1	6	  -0.00019975        0.00010511
	1	-1	6	   0.00055284       -0.00017798
	2	-1	6	  -0.00022385        0.00014744
	3	-1	6	   0.00029760       -0.00012052
	-3	-1	6	   0.00007728        0.00004179
	-2	-1	6	  -0.00000318       -0.00001512
	-1	-1	6	   0.00033782       -0.00001957
	0	0	7	  -0.00020607        0.00001708
	1	0	7	   0.00008223       -0.00001982
	-1	0	7	   0.00004244        0.00000949
	0	1	7	   0.00007857        0.00000494
	0	-1	7	   0.00004610       -0.00001527
	0	0	-7	   0.00020607       -0.00001708
	1	0	-7	  -0.00004244       -0.00000949
	-1	0	-7	  -0.00008223        0.00001983
	0	1	-7	  -0.00004610        0.00001527
	0	-1	-7	  -0.00007857       -0.00000494
	0	0	-6	   0.00168303       -0.00013951
	1	0	-6	   0.00017142        0.00008644
	2	0	-6	   0.00041653        0.00037230
	3	0	-6	  -0.00009020        0.00014690
	-3	0	-6	   0.00033627       -0.00016729
	-2	0	-6	   0.00166100       -0.00054451
	-1	0	-6	   0.00047928       -0.00014037
	0	1	-6	   0.00019975       -0.00010511
	1	1	-6	  -0.00033782        0.00001957
	2	1	-6	   0.00000318        0.00001512
	3	1	-6	  -0.00007728       -0.00004179
	-3	1	-6	  -0.00029760        0.00012052
	-2	1	-6	   0.00022385       -0.00014744
	-1	1	-6	  -0.00055284        0.00017798
	0	2	-6	   0.00053106       -0.00040200
	1	2	-6	   0.00000533        0.00000058
	2	2	-6	  -0.00007682        0.00003735
	3	2	-6	  -0.00010253        0.00006371
	-3	2	-6	   0.00016121       -0.00013059
	-2	2	-6	   0.00071252       -0.00054416
	-1	2	-6	   0.00020263       -0.00014477
	0	3	-6	  -0.00005095       -0.00011845
	1	3	-6	  -0.00008993        0.00004375
	2	3	-6	  -0.00008818       -0.00003331
	-2	3	-6	   0.00001962       -0.00011273
	-1	3	-6	  -0.00017277        0.00010478
	0	-3	-6	   0.00029702        0.00009806
	1	-3	-6	  -0.00026970       -0.00006810
	2	-3	-6	   0.00012702        0.00010058
	-2	-3	-6	   0.00023481        0.00002116
	-1	-3	-6	  -0.00035254       -0.00000707
	0	-2	-6	   0.00154647        0.00022979
	1	-2	-6	   0.00018538        0.00011261
	2	-2	-6	   0.00056724        0.00043808
	3	-2	-6	  -0.00001457        0.00011844
	-3	-2	-6	   0.00024916       -0.00007586
	-2	-2	-6	   0.00135658       -0.00014343
	-1	-2	-6	   0.00038269       -0.00003274
	0	-1	-6	   0.00045095        0.00005118
	1	-1	-6	  -0.00051326       -0.00008959
	2	-1	-6	   0.00016417        0.00011529
	3	-1	-6	  -0.00014487       -0.00008384
	-3	-1	-6	  -0.00036519        0.00007847
	-2	-1	-6	   0.00038483       -0.00004728
	-1	-1	-6	  -0.00072829        0.00006881
	0	0	-5	   0.00240373       -0.00019926
	1	0	-5	  -0.00019087       -0.00025325
	2	0	-5	   0.00102057        0.00017268
	3	0	-5	   0.00012235       -0.00027861
	4	0	-5	   0.00008406        0.00015503
	5	0	-5	   0.00003939       -0.00005981
	-5	0	-5	  -0.00013358        0.00006762
	-4	0	-5	   0.00057959       -0.00021004
	-3	0	-5	  -0.00069887        0.00032639
	-2	0	-5	   0.00180757       -0.00040712
	-1	0	-5	  -0.00101394        0.00035310
	0	1	-5	  -0.00026662        0.00025885
	1	1	-5	  -0.00100069       -0.00004181
	2	1	-5	   0.00063758       -0.00046532
	3	1	-5	   0.00073232       -0.00084819
	4	1	-5	   0.00032558       -0.00025503
	-4	1	-5	  -0.00049089        0.00034647
	-3	1	-5	  -0.00274591        0.00171424
	-2	1	-5	  -0.00108953        0.00080705
	-1	1	-5	  -0.00417899        0.00229965
	0	2	-5	   0.00109299       -0.00031700
	1	2	-5	   0.00052730        0.00028019
	2	2	-5	   0.00040343       -0.00001404
	3	2	-5	   0.00034267       -0.00001342
	4	2	-5	  -0.00002116        0.00006215
	-4	2	-5	   0.00030076       -0.00017501
	-3	2	-5	  -0.00019925        0.00038583
	-2	2	-5	   0.00089787       -0.00037831
	-1	2	-5	  -0.00000161        0.00066983
	0	3	-5	   0.00004677        0.00023235
	1	3	-5	   0.00052405        0.00055982
	2	3	-5	   0.00035428       -0.00009186
	3	3	-5	   0.00064347       -0.00010692
	4	3	-5	   0.00014431       -0.00006989
	-4	3	-5	  -0.00014883        0.00014606
	-3	3	-5	  -0.00072145        0.00089863
	-2	3	-5	  -0.00031373        0.00040027
	-1	3	-5	  -0.00069119        0.00145509
	0	4	-5	   0.00012966       -0.00015329
	1	4	-5	   0.00026287        0.00016890
	2	4	-5	  -0.00000588       -0.00004116
	3	4	-5	   0.00012946        0.00003052
	-3	4	-5	  -0.00000229        0.00012758
	-2	4	-5	   0.00015001       -0.00015600
	-1	4	-5	   0.00012775        0.00026844
	0	5	-5	   0.00002348        0.00004781
	0	-5	-5	  -0.00011766       -0.00004001
	0	-4	-5	   0.00053399        0.00009828
	1	-4	-5	  -0.00040331       -0.00024560
	2	-4	-5	   0.00025679        0.00012227
	3	-4	-5	  -0.00010972       -0.00011830
	-3	-4	-5	  -0.00024147       -0.00002124
	-2	-4	-5	   0.00041267        0.00000743
	-1	-4	-5	  -0.00053843       -0.00014606
	0	-3	-5	  -0.00062330       -0.00018457
	1	-3	-5	  -0.00231395       -0.00120599
	2	-3	-5	  -0.00008790       -0.00036699
	3	-3	-5	  -0.00047021       -0.00079985
	4	-3	-5	   0.00003681       -0.00013678
	-4	-3	-5	  -0.00025632        0.00007918
	-3	-3	-5	  -0.00183514        0.00020569
	-2	-3	-5	  -0.00075591        0.00012514
	-1	-3	-5	  -0.00352919       -0.00031072
	0	-2	-5	   0.00173515        0.00008255
	1	-2	-5	  -0.00088190       -0.00059661
	2	-2	-5	   0.00080687        0.00023698
	3	-2	-5	  -0.00020238       -0.00035254
	4	-2	-5	   0.00010604        0.00014129
	-4	-2	-5	   0.00042795       -0.00009587
	-3	-2	-5	  -0.00074430        0.00004670
	-2	-2	-5	   0.00130131       -0.00012728
	-1	-2	-5	  -0.00141080       -0.00020696
	0	-1	-5	  -0.00093819       -0.00015900
	1	-1	-5	  -0.00359396       -0.00165535
	2	-1	-5	   0.00020603       -0.00073383
	3	-1	-5	  -0.00025924       -0.00146514
	4	-1	-5	   0.00021533       -0.00032363
	-4	-1	-5	  -0.00060114        0.00027787
	-3	-1	-5	  -0.00373746        0.00109729
	-2	-1	-5	  -0.00152109        0.00053854
	-1	-1	-5	  -0.00677226        0.00068612
	0	0	-4	   0.01577386       -0.00130751
	1	0	-4	   0.00072872        0.00106299
	2	0	-4	   0.00107885        0.00469171
	3	0	-4	  -0.00131102        0.00147724
	4	0	-4	  -0.00145654        0.00221134
	5	0	-4	  -0.00047453        0.00043779
	-5	0	-4	   0.00074434       -0.00046016
	-4	0	-4	   0.00493852       -0.00249995
	-3	0	-4	   0.00287537       -0.00160689
	-2	0	-4	   0.01570417       -0.00608287
	-1	0	-4	   0.00416510       -0.00146861
	0	1	-4	   0.00104498       -0.00107509
	1	1	-4	  -0.00184255        0.00005400
	2	1	-4	  -0.00033119        0.00003436
	3	1	-4	   0.00001538       -0.00047537
	4	1	-4	  -0.00041458        0.00024709
	5	1	-4	   0.00008590       -0.00013369
	-5	1	-4	  -0.00042019        0.00023914
	-4	1	-4	   0.00062140       -0.00051613
	-3	1	-4	  -0.00224080        0.00118677
	-2	1	-4	   0.00131852       -0.00118101
	-1	1	-4	  -0.00435847        0.00190749
	0	2	-4	   0.00242486       -0.00440804
	1	2	-4	  -0.00034972        0.00015951
	2	2	-4	  -0.00285920        0.00056676
	3	2	-4	  -0.00105102        0.00070966
	4	2	-4	  -0.00170001        0.00087792
	5	2	-4	  -0.00034952        0.00022837
	-5	2	-4	   0.00039761       -0.00032204
	-4	2	-4	   0.00227059       -0.00204724
	-3	2	-4	   0.00142897       -0.00111736
	-2	2	-4	   0.00554159       -0.00562216
	-1	2	-4	   0.00150118       -0.00120405
	0	3	-4	  -0.00092572       -0.00112748
	1	3	-4	  -0.00010797        0.00035857
	2	3	-4	  -0.00088297       -0.00042631
	3	3	-4	   0.00025404       -0.00005726
	4	3	-4	  -0.00035290       -0.00000378
	5	3	-4	   0.00007681       -0.00003572
	-5	3	-4	  -0.00012891        0.00011584
	-4	3	-4	   0.00008976       -0.00032989
	-3	3	-4	  -0.00066838        0.00062230
	-2	3	-4	  -0.00022877       -0.00090827
	-1	3	-4	  -0.00102383        0.00103329
	0	4	-4	  -0.00086799       -0.00176762
	1	4	-4	  -0.00035954       -0.00012506
	2	4	-4	  -0.00151408       -0.00037909
	3	4	-4	  -0.00036903        0.00010525
	4	4	-4	  -0.00062083        0.00008979
	-4	4	-4	   0.00035574       -0.00062965
	-3	4	-4	   0.00024887       -0.00034996
	-2	4	-4	   0.00043623       -0.00181589
	-1	4	-4	   0.00007832       -0.00044764
	0	5	-4	  -0.00036235       -0.00032057
	1	5	-4	   0.00005176        0.00009712
	2	5	-4	  -0.00029510       -0.00013949
	3	5	-4	   0.00007000        0.00001031
	-3	5	-4	  -0.00006175        0.00010737
	-2	5	-4	  -0.00013922       -0.00025433
	-1	5	-4	  -0.00008336        0.00019666
	0	-5	-4	   0.00063217        0.00029821
	1	-5	-4	  -0.00036118       -0.00015981
	2	-5	-4	   0.00031450        0.00023980
	3	-5	-4	  -0.00009786       -0.00009413
	-3	-5	-4	  -0.00022960        0.00000293
	-2	-5	-4	   0.00047038        0.00012496
	-1	-5	-4	  -0.00049630       -0.00006027
	0	-4	-4	   0.00434997        0.00147900
	1	-4	-4	   0.00048577        0.00040090
	2	-4	-4	   0.00172568        0.00163669
	3	-4	-4	  -0.00000785        0.00032999
	4	-4	-4	   0.00017599        0.00058557
	-4	-4	-4	   0.00115255       -0.00013387
	-3	-4	-4	   0.00061006       -0.00012523
	-2	-4	-4	   0.00367598        0.00019989
	-1	-4	-4	   0.00092363        0.00007832
	0	-3	-4	   0.00249007        0.00099783
	1	-3	-4	  -0.00194888       -0.00078685
	2	-3	-4	   0.00114052        0.00083271
	3	-3	-4	  -0.00049860       -0.00052556
	4	-3	-4	   0.00015127        0.00030992
	5	-3	-4	  -0.00003069       -0.00010261
	-5	-3	-4	  -0.00023641        0.00004895
	-4	-3	-4	   0.00059393       -0.00001620
	-3	-3	-4	  -0.00142103        0.00015400
	-2	-3	-4	   0.00179472        0.00035075
	-1	-3	-4	  -0.00286474       -0.00011213
	0	-2	-4	   0.01435816        0.00301689
	1	-2	-4	   0.00099636        0.00099706
	2	-2	-4	   0.00399530        0.00483165
	3	-2	-4	  -0.00051723        0.00104180
	4	-2	-4	  -0.00010869        0.00186805
	5	-2	-4	  -0.00022233        0.00030751
	-5	-2	-4	   0.00052480       -0.00024290
	-4	-2	-4	   0.00386191       -0.00105712
	-3	-2	-4	   0.00196277       -0.00078522
	-2	-2	-4	   0.01239609       -0.00135728
	-1	-2	-4	   0.00284726       -0.00036650
	0	-1	-4	   0.00384884        0.00066947
	1	-1	-4	  -0.00389539       -0.00122328
	2	-1	-4	   0.00117902        0.00097402
	3	-1	-4	  -0.00073191       -0.00094034
	4	-1	-4	  -0.00005731        0.00046939
	5	-1	-4	  -0.00002435       -0.00020229
	-5	-1	-4	  -0.00053044        0.00017055
	-4	-1	-4	   0.00097867       -0.00029384
	-3	-1	-4	  -0.00298808        0.00072181
	-2	-1	-4	   0.00282872       -0.00024136
	-1	-1	-4	  -0.00641130        0.00063022
	0	0	-3	   0.01690394       -0.00140121
	1	0	-3	   0.00032747       -0.00318435
	2	0	-3	   0.00412269        0.00153699
	3	0	-3	   0.00122125       -0.00185415
	4	0	-3	  -0.00029685        0.00096384
	5	0	-3	   0.00030584       -0.00037150
	6	0	-3	  -0.00010987        0.00015685
	-6	0	-3	   0.00034207       -0.00017610
	-5	0	-3	  -0.00075298        0.00040855
	-4	0	-3	   0.00257621       -0.00115279
	-3	0	-3	  -0.00414082        0.00209613
	-2	0	-3	   0.00986965       -0.00269685
	-1	0	-3	  -0.00933022        0.00393056
	0	1	-3	  -0.00056134        0.00282461
	1	1	-3	   0.00606048       -0.00194861
	2	1	-3	   0.00702178       -0.00428728
	3	1	-3	   0.01011795       -0.00686975
	4	1	-3	   0.00248934       -0.00172775
	5	1	-3	   0.00230852       -0.00164609
	6	1	-3	   0.00038015       -0.00027335
	-6	1	-3	  -0.00043252        0.00032535
	-5	1	-3	  -0.00321078        0.00242002
	-4	1	-3	  -0.00297051        0.00229453
	-3	1	-3	  -0.01688747        0.01302531
	-2	1	-3	  -0.00853578        0.00717405
	-1	1	-3	  -0.03078350        0.02519458
	0	2	-3	   0.00465158       -0.00203875
	1	2	-3	   0.00603167        0.00240616
	2	2	-3	   0.00088232        0.00003558
	3	2	-3	   0.00275809        0.00002466
	4	2	-3	  -0.00042900        0.00039477
	5	2	-3	   0.00049380       -0.00008992
	6	2	-3	  -0.00010683        0.00006589
	-6	2	-3	   0.00016247       -0.00013252
	-5	2	-3	  -0.00024382        0.00045350
	-4	2	-3	   0.00124548       -0.00083884
	-3	2	-3	  -0.00071148        0.00258073
	-2	2	-3	   0.00365262       -0.00200534
	-1	2	-3	   0.00123202        0.00594210
	0	3	-3	   0.00072778        0.00148210
	1	3	-3	   0.00852751        0.00388246
	2	3	-3	   0.00288273       -0.00081779
	3	3	-3	   0.00591881       -0.00085607
	4	3	-3	   0.00119687       -0.00053454
	5	3	-3	   0.00127958       -0.00042892
	-5	3	-3	  -0.00090906        0.00118346
	-4	3	-3	  -0.00094648        0.00104447
	-3	3	-3	  -0.00339147        0.00600287
	-2	3	-3	  -0.00194091        0.00273580
	-1	3	-3	  -0.00119670        0.01104634
	0	4	-3	  -0.00003245       -0.00082378
	1	4	-3	   0.00207112        0.00109944
	2	4	-3	  -0.00033510       -0.00024005
	3	4	-3	   0.00108450        0.00022509
	4	4	-3	  -0.00023371        0.00003675
	5	4	-3	   0.00018658        0.00000160
	-5	4	-3	  -0.00001914        0.00015316
	-4	4	-3	   0.00020895       -0.00028937
	-3	4	-3	   0.00016207        0.00090465
	-2	4	-3	   0.00031910       -0.00072201
	-1	4	-3	   0.00115526        0.00177416
	0	5	-3	   0.00020840        0.00028731
	1	5	-3	   0.00191241        0.00103186
	2	5	-3	   0.00048740       -0.00004659
	3	5	-3	   0.00120377        0.00008359
	4	5	-3	   0.00019463       -0.00005278
	-4	5	-3	  -0.00009851        0.00016317
	-3	5	-3	  -0.00016115        0.00108913
	-2	5	-3	  -0.00018061        0.00044553
	-1	5	-3	   0.00069717        0.00192714
	0	6	-3	  -0.00006827       -0.00012434
	1	6	-3	   0.00031298        0.00018074
	2	6	-3	  -0.00009197       -0.00003461
	-2	6	-3	   0.00001583       -0.00011402
	-1	6	-3	   0.00023014        0.00024177
	0	-6	-3	   0.00030048        0.00010510
	1	-6	-3	  -0.00035010       -0.00023183
	2	-6	-3	   0.00012777        0.00010212
	-2	-6	-3	   0.00023557        0.00002270
	-1	-6	-3	  -0.00043294       -0.00017080
	0	-5	-3	  -0.00065554       -0.00025025
	1	-5	-3	  -0.00259099       -0.00177015
	2	-5	-3	  -0.00011446       -0.00042108
	3	-5	-3	  -0.00058202       -0.00102753
	4	-5	-3	   0.00002677       -0.00015723
	-4	-5	-3	  -0.00026636        0.00005873
	-3	-5	-3	  -0.00194694       -0.00002198
	-2	-5	-3	  -0.00078247        0.00007105
	-1	-5	-3	  -0.00380622       -0.00087488
	0	-4	-3	   0.00231181        0.00063483
	1	-4	-3	  -0.00238372       -0.00167235
	2	-4	-3	   0.00103118        0.00061007
	3	-4	-3	  -0.00066432       -0.00086302
	4	-4	-3	   0.00012748        0.00026148
	5	-4	-3	  -0.00005260       -0.00014721
	-5	-4	-3	  -0.00025832        0.00000434
	-4	-4	-3	   0.00057014       -0.00006464
	-3	-4	-3	  -0.00158675       -0.00018346
	-2	-4	-3	   0.00168538        0.00012811
	-1	-4	-3	  -0.00329958       -0.00099763
	0	-3	-3	  -0.00364735       -0.00124012
	1	-3	-3	  -0.01350711       -0.00982752
	2	-3	-3	   0.00005177       -0.00257922
	3	-3	-3	  -0.00167777       -0.00558267
	4	-3	-3	   0.00044423       -0.00100284
	5	-3	-3	   0.00016589       -0.00112186
	-5	-3	-3	  -0.00202275        0.00049052
	-4	-3	-3	  -0.00169912        0.00057617
	-3	-3	-3	  -0.01098804        0.00127627
	-2	-3	-3	  -0.00477186        0.00097436
	-1	-3	-3	  -0.02323132       -0.00266363
	0	-2	-3	   0.00934077        0.00087889
	1	-2	-3	  -0.00666224       -0.00549200
	2	-2	-3	   0.00314275        0.00144205
	3	-2	-3	  -0.00117766       -0.00242415
	4	-2	-3	   0.00010480        0.00072691
	5	-2	-3	  -0.00005125       -0.00042905
	6	-2	-3	  -0.00001888        0.00012061
	-6	-2	-3	   0.00025043       -0.00007779
	-5	-2	-3	  -0.00078887        0.00011437
	-4	-2	-3	   0.00177928       -0.00050671
	-3	-2	-3	  -0.00464721        0.00013191
	-2	-2	-3	   0.00591305       -0.00059887
	-1	-2	-3	  -0.01146189       -0.00195606
	0	-1	-3	  -0.00844141       -0.00207840
	1	-1	-3	  -0.02400176       -0.02065338
	2	-1	-3	   0.00310556       -0.00672396
	3	-1	-3	   0.00218365       -0.01180649
	4	-1	-3	   0.00174205       -0.00219271
	5	-1	-3	   0.00131697       -0.00226304
	6	-1	-3	   0.00031255       -0.00031540
	-6	-1	-3	  -0.00050011        0.00028329
	-5	-1	-3	  -0.00420234        0.00180307
	-4	-1	-3	  -0.00371779        0.00182957
	-3	-1	-3	  -0.02482177        0.00808857
	-2	-1	-3	  -0.01245199        0.00473737
	-1	-1	-3	  -0.06084574        0.00648981
	0	0	-2	   0.10245369       -0.00849250
	1	0	-2	  -0.00917363        0.01366360
	2	0	-2	  -0.02812253        0.04269556
	3	0	-2	  -0.01128481        0.00933654
	4	0	-2	  -0.01143046        0.01102413
	5	0	-2	  -0.00238289        0.00189558
	6	0	-2	  -0.00156902        0.00137742
	-6	0	-2	   0.00224661       -0.00143358
	-5	0	-2	   0.00281142       -0.00193109
	-4	0	-2	   0.01939363       -0.01168419
	-3	0	-2	   0.01441395       -0.00959589
	-2	0	-2	   0.09535101       -0.04826820
	-1	0	-2	   0.03029682       -0.01541455
	0	1	-2	  -0.00554105       -0.01089458
	1	1	-2	  -0.00078050       -0.00087771
	2	1	-2	  -0.00765122        0.00078087
	3	1	-2	   0.00270936       -0.00210424
	4	1	-2	  -0.00259943        0.00118258
	5	1	-2	   0.00055691       -0.00042447
	6	1	-2	  -0.00037672        0.00020744
	-6	1	-2	   0.00033589       -0.00031756
	-5	1	-2	  -0.00106571        0.00077094
	-4	1	-2	   0.00198750       -0.00219667
	-3	1	-2	  -0.00726384        0.00524309
	-2	1	-2	   0.00371586       -0.00759338
	-1	1	-2	  -0.02478928        0.01680967
	0	2	-2	  -0.01675887       -0.03412855
	1	2	-2	  -0.00774709        0.00142881
	2	2	-2	  -0.03414992        0.00493932
	3	2	-2	  -0.00661631        0.00383153
	4	2	-2	  -0.00989806        0.00412994
	5	2	-2	  -0.00163261        0.00101664
	6	2	-2	  -0.00128235        0.00064761
	-6	2	-2	   0.00106808       -0.00108397
	-5	2	-2	   0.00149839       -0.00128998
	-4	2	-2	   0.00761761       -0.00877397
	-3	2	-2	   0.00586431       -0.00536300
	-2	2	-2	   0.01956786       -0.03463493
	-1	2	-2	   0.00466146       -0.00771265
	0	3	-2	  -0.00891966       -0.00665297
	1	3	-2	   0.00223323        0.00111470
	2	3	-2	  -0.00572260       -0.00221008
	3	3	-2	   0.00183710       -0.00028845
	4	3	-2	  -0.00167088       -0.00002746
	5	3	-2	   0.00040805       -0.00011907
	6	3	-2	  -0.00021290        0.00002982
	-6	3	-2	   0.00005641       -0.00016858
	-5	3	-2	  -0.00032958        0.00042435
	-4	3	-2	   0.00000360       -0.00126107
	-3	3	-2	  -0.00163246        0.00226761
	-2	3	-2	  -0.00295230       -0.00425100
	-1	3	-2	  -0.00256642        0.00465064
	0	4	-2	  -0.00859363       -0.00815435
	1	4	-2	  -0.00234765       -0.00051979
	2	4	-2	  -0.00905919       -0.00154125
	3	4	-2	  -0.00174503        0.00047369
	4	4	-2	  -0.00307423        0.00041068
	5	4	-2	  -0.00046246        0.00018997
	-5	4	-2	   0.00028467       -0.00036044
	-4	4	-2	   0.00089637       -0.00251448
	-3	4	-2	   0.00073496       -0.00135333
	-2	4	-2	  -0.00065839       -0.00773017
	-1	4	-2	  -0.00049675       -0.00188336
	0	5	-2	  -0.00190483       -0.00133625
	1	5	-2	   0.00045626        0.00025605
	2	5	-2	  -0.00138995       -0.00062378
	3	5	-2	   0.00039004        0.00000269
	4	5	-2	  -0.00042332       -0.00007459
	-4	5	-2	  -0.00010141       -0.00031174
	-3	5	-2	  -0.00015189        0.00040194
	-2	5	-2	  -0.00089550       -0.00098804
	-1	5	-2	  -0.00007264        0.00064570
	0	6	-2	  -0.00121785       -0.00099663
	1	6	-2	  -0.00032930       -0.00011319
	2	6	-2	  -0.00113868       -0.00032368
	3	6	-2	  -0.00021239        0.00002635
	-3	6	-2	   0.00005135       -0.00016794
	-2	6	-2	  -0.00034934       -0.00090520
	-1	6	-2	  -0.00013200       -0.00025855
	0	-6	-2	   0.00189545        0.00094047
	1	-6	-2	   0.00025215        0.00024859
	2	-6	-2	   0.00077912        0.00086958
	3	-6	-2	   0.00000735        0.00016308
	-3	-6	-2	   0.00027109       -0.00003122
	-2	-6	-2	   0.00156846        0.00028806
	-1	-6	-2	   0.00044946        0.00010324
	0	-5	-2	   0.00233335        0.00130074
	1	-5	-2	  -0.00086771       -0.00056774
	2	-5	-2	   0.00116473        0.00096573
	3	-5	-2	  -0.00021182       -0.00037179
	4	-5	-2	   0.00018629        0.00030471
	-4	-5	-2	   0.00050820        0.00006755
	-3	-5	-2	  -0.00075375        0.00002746
	-2	-5	-2	   0.00165917        0.00060147
	-1	-5	-2	  -0.00139662       -0.00017809
	0	-4	-2	   0.01655680        0.00749429
	1	-4	-2	   0.00139502        0.00180892
	2	-4	-2	   0.00523244        0.00735103
	3	-4	-2	  -0.00037875        0.00132381
	4	-4	-2	   0.00016553        0.00242646
	5	-4	-2	  -0.00019979        0.00035340
	-5	-4	-2	   0.00054734       -0.00019701
	-4	-4	-2	   0.00413613       -0.00049870
	-3	-4	-2	   0.00210125       -0.00050321
	-2	-4	-2	   0.01363324        0.00116211
	-1	-4	-2	   0.00324592        0.00044536
	0	-3	-2	   0.01204880        0.00639362
	1	-3	-2	  -0.00590427       -0.00394847
	2	-3	-2	   0.00446073        0.00412600
	3	-3	-2	  -0.00099386       -0.00204989
	4	-3	-2	   0.00035261        0.00123156
	5	-3	-2	  -0.00003414       -0.00039420
	6	-3	-2	   0.00000229        0.00016371
	-6	-3	-2	   0.00027160       -0.00003469
	-5	-3	-2	  -0.00077176        0.00014922
	-4	-3	-2	   0.00202710       -0.00000206
	-3	-3	-2	  -0.00446342        0.00050617
	-2	-3	-2	   0.00723103        0.00208508
	-1	-3	-2	  -0.01070392       -0.00041253
	0	-2	-2	   0.08398736        0.02855591
	1	-2	-2	   0.00152775        0.00719966
	2	-2	-2	   0.00968026        0.03221053
	3	-2	-2	  -0.00435588        0.00523799
	4	-2	-2	  -0.00304356        0.00839483
	5	-2	-2	  -0.00122917        0.00126767
	6	-2	-2	  -0.00063830        0.00104834
	-6	-2	-2	   0.00171214       -0.00068324
	-5	-2	-2	   0.00190183       -0.00103895
	-4	-2	-2	   0.01447211       -0.00450908
	-3	-2	-2	   0.00812473       -0.00395654
	-2	-2	-2	   0.06339804       -0.00736371
	-1	-2	-2	   0.01393629       -0.00194181
	0	-1	-2	   0.02666424        0.00914362
	1	-1	-2	  -0.02037013       -0.01306639
	2	-1	-2	   0.00247334        0.00708039
	3	-1	-2	  -0.00120686       -0.00454092
	4	-1	-2	  -0.00108922        0.00212223
	5	-1	-2	   0.00012536       -0.00069298
	6	-1	-2	  -0.00021574        0.00030760
	-6	-1	-2	   0.00049688       -0.00021739
	-5	-1	-2	  -0.00149727        0.00050243
	-4	-1	-2	   0.00349770       -0.00125701
	-3	-1	-2	  -0.01118005        0.00280641
	-2	-1	-2	   0.01384043       -0.00129387
	-1	-1	-2	  -0.04437888        0.00462100
	0	0	-1	   0.07656696       -0.00634672
	1	0	-1	   0.02064506       -0.03134325
	2	0	-1	  -0.00865239        0.01339977
	3	0	-1	   0.00563805       -0.00587264
	4	0	-1	  -0.00355849        0.00323323
	5	0	-1	   0.00088229       -0.00079650
	6	0	-1	  -0.00051371        0.00043326
	7	0	-1	   0.00010365       -0.00008345
	-7	0	-1	  -0.00012532        0.00008524
	-6	0	-1	   0.00068134       -0.00044715
	-5	0	-1	  -0.00133043        0.00083364
	-4	0	-1	   0.00542953       -0.00338833
	-3	0	-1	  -0.01089648        0.00630850
	-2	0	-1	   0.03014317       -0.01518116
	-1	0	-1	  -0.06999819        0.03543420
	0	1	-1	   0.01230287        0.02505413
	1	1	-1	   0.18439993       -0.02667094
	2	1	-1	   0.04472910       -0.02391539
	3	1	-1	   0.05531074       -0.02687986
	4	1	-1	   0.00792117       -0.00488858
	5	1	-1	   0.00756938       -0.00438012
	6	1	-1	   0.00100823       -0.00066183
	-6	1	-1	  -0.00094986        0.00078069
	-5	1	-1	  -0.00670661        0.00613710
	-4	1	-1	  -0.00723821        0.00627940
	-3	1	-1	  -0.04530919        0.04724749
	-2	1	-1	  -0.03821176        0.03718764
	-1	1	-1	  -0.10566093        0.18701877
	0	2	-1	  -0.00508186       -0.01073843
	1	2	-1	   0.03930539        0.01275160
	2	2	-1	  -0.00694288        0.00102169
	3	2	-1	   0.01002689        0.00038372
	4	2	-1	  -0.00246262        0.00122908
	5	2	-1	   0.00137192       -0.00014737
	6	2	-1	  -0.00039262        0.00020203
	-6	2	-1	   0.00032000       -0.00032296
	-5	2	-1	  -0.00025070        0.00104804
	-4	2	-1	   0.00212430       -0.00215017
	-3	2	-1	   0.00005370        0.00773105
	-2	2	-1	   0.00442420       -0.00735256
	-1	2	-1	   0.01529662        0.03043899
	0	3	-1	   0.00411636        0.00441504
	1	3	-1	   0.04944126        0.01280097
	2	3	-1	   0.01054087       -0.00309077
	3	3	-1	   0.02187272       -0.00287310
	4	3	-1	   0.00340104       -0.00141776
	5	3	-1	   0.00384782       -0.00112273
	6	3	-1	   0.00047366       -0.00024155
	-6	3	-1	  -0.00033900        0.00035714
	-5	3	-1	  -0.00167149        0.00294338
	-4	3	-1	  -0.00205881        0.00260452
	-3	3	-1	  -0.00513269        0.01702196
	-2	3	-1	  -0.00501669        0.00837056
	-1	3	-1	   0.01259729        0.03994416
	0	4	-1	  -0.00273131       -0.00235906
	1	4	-1	   0.00675753        0.00297802
	2	4	-1	  -0.00219231       -0.00059844
	3	4	-1	   0.00310617        0.00057549
	4	4	-1	  -0.00082144        0.00010875
	5	4	-1	   0.00054935        0.00002388
	-5	4	-1	   0.00004326        0.00039672
	-4	4	-1	   0.00021454       -0.00065447
	-3	4	-1	   0.00084999        0.00223764
	-2	4	-1	  -0.00054260       -0.00181381
	-1	4	-1	   0.00424161        0.00483151
	0	5	-1	   0.00067866        0.00058026
	1	5	-1	   0.00654803        0.00252477
	2	5	-1	   0.00138155       -0.00021236
	3	5	-1	   0.00365998        0.00014722
	4	5	-1	   0.00057792       -0.00016923
	-4	5	-1	  -0.00023855        0.00043226
	-3	5	-1	   0.00018175        0.00270965
	-2	5	-1	  -0.00034556        0.00106001
	-1	5	-1	   0.00336973        0.00486624
	0	6	-1	  -0.00040374       -0.00031030
	1	6	-1	   0.00084780        0.00042267
	2	6	-1	  -0.00034735       -0.00010406
	3	6	-1	   0.00041915        0.00012699
	-3	6	-1	   0.00019882        0.00028931
	-2	6	-1	  -0.00012668       -0.00026663
	-1	6	-1	   0.00063277        0.00058108
	0	7	-1	   0.00008258        0.00005902
	0	-7	-1	  -0.00010425       -0.00005723
	0	-6	-1	   0.00057136        0.00029641
	1	-6	-1	  -0.00074985       -0.00057138
	2	-6	-1	   0.00023411        0.00025772
	3	-6	-1	  -0.00024393       -0.00028557
	-3	-6	-1	  -0.00046425       -0.00012326
	-2	-6	-1	   0.00045477        0.00009516
	-1	-6	-1	  -0.00096487       -0.00041297
	0	-5	-1	  -0.00112680       -0.00054311
	1	-5	-1	  -0.00510024       -0.00472280
	2	-5	-1	   0.00005758       -0.00103614
	3	-5	-1	  -0.00084342       -0.00265480
	4	-5	-1	   0.00016498       -0.00042616
	-4	-5	-1	  -0.00065149        0.00017533
	-3	-5	-1	  -0.00432164       -0.00009237
	-2	-5	-1	  -0.00166953        0.00023622
	-1	-5	-1	  -0.00827853       -0.00238133
	0	-4	-1	   0.00460235        0.00220397
	1	-4	-1	  -0.00561148       -0.00471797
	2	-4	-1	   0.00155036        0.00173027
	3	-4	-1	  -0.00134866       -0.00219630
	4	-4	-1	   0.00002387        0.00063471
	5	-4	-1	  -0.00011683       -0.00039062
	-5	-4	-1	  -0.00062292       -0.00001778
	-4	-4	-1	   0.00105985       -0.00012851
	-3	-4	-1	  -0.00360484       -0.00053415
	-2	-4	-1	   0.00320007        0.00051491
	-1	-4	-1	  -0.00812739       -0.00286447
	0	-3	-1	  -0.00937479       -0.00397918
	1	-3	-1	  -0.03265798       -0.03828130
	2	-3	-1	   0.00240337       -0.00815395
	3	-3	-1	  -0.00016190       -0.01658308
	4	-3	-1	   0.00156014       -0.00256318
	5	-3	-1	   0.00100982       -0.00288853
	6	-3	-1	   0.00029389       -0.00035340
	-6	-3	-1	  -0.00051877        0.00024529
	-5	-3	-1	  -0.00450949        0.00117757
	-4	-3	-1	  -0.00389971        0.00145910
	-3	-3	-1	  -0.02716732        0.00331198
	-2	-3	-1	  -0.01315419        0.00330738
	-1	-3	-1	  -0.06950195       -0.01113812
	0	-2	-1	   0.02657264        0.00895704
	1	-2	-1	  -0.02836887       -0.02935542
	2	-2	-1	   0.00233197        0.00679253
	3	-2	-1	  -0.00266701       -0.00751444
	4	-2	-1	  -0.00111654        0.00206663
	5	-2	-1	  -0.00003728       -0.00102417
	6	-2	-1	  -0.00021257        0.00031406
	-6	-2	-1	   0.00050005       -0.00021093
	-5	-2	-1	  -0.00165990        0.00017124
	-4	-2	-1	   0.00347039       -0.00131262
	-3	-2	-1	  -0.01264021       -0.00016710
	-2	-2	-1	   0.01369907       -0.00158171
	-1	-2	-1	  -0.05237763       -0.01166801
	0	-1	-1	  -0.06165599       -0.02096318
	1	-1	-1	  -0.05227051       -0.17392765
	2	-1	-1	   0.02513949       -0.03610408
	3	-1	-1	   0.02524850       -0.04558462
	4	-1	-1	   0.00586834       -0.00616586
	5	-1	-1	   0.00497610       -0.00599365
	6	-1	-1	   0.00083278       -0.00077099
	-6	-1	-1	  -0.00112530        0.00067153
	-5	-1	-1	  -0.00929988        0.00452356
	-4	-1	-1	  -0.00929104        0.00500213
	-3	-1	-1	  -0.07537143        0.02854271
	-2	-1	-1	  -0.05780131        0.02499899
	-1	-1	-1	  -0.34233138        0.03976205

n_band : 16,	energy : -0.7285,	occupation : 1.0
	0	0	0	   0.00000000        0.00000000
	1	0	0	   0.06021221        0.11397102
	2	0	0	   0.08056954        0.15250380
	3	0	0	   0.01329326        0.02516176
	4	0	0	   0.01240454        0.02347961
	5	0	0	   0.00189029        0.00357799
	6	0	0	   0.00132353        0.00250522
	7	0	0	   0.00016206        0.00030674
	-7	0	0	  -0.00016206       -0.00030674
	-6	0	0	  -0.00132353       -0.00250521
	-5	0	0	  -0.00189029       -0.00357799
	-4	0	0	  -0.01240454       -0.02347961
	-3	0	0	  -0.01329325       -0.02516176
	-2	0	0	  -0.08056954       -0.15250380
	-1	0	0	  -0.06021221       -0.11397102
	0	1	0	   0.04407201       -0.04330291
	1	1	0	  -0.03360949       -0.02277545
	2	1	0	   0.01449069        0.00964398
	3	1	0	  -0.00505323       -0.00521338
	4	1	0	   0.00246271        0.00311315
	5	1	0	  -0.00060270       -0.00076996
	6	1	0	   0.00030409        0.00043689
	7	1	0	  -0.00005526       -0.00008666
	-7	1	0	   0.00004278        0.00009892
	-6	1	0	  -0.00020761       -0.00053168
	-5	1	0	   0.00034475        0.00102340
	-4	1	0	  -0.00138574       -0.00417132
	-3	1	0	   0.00202647        0.00818729
	-2	1	0	  -0.00212056       -0.02179827
	-1	1	0	   0.00520178        0.05068741
	0	2	0	   0.05897244       -0.05794330
	1	2	0	   0.01452937        0.01002148
	2	2	0	   0.04578258        0.03102455
	3	2	0	   0.00640239        0.00952905
	4	2	0	   0.00889086        0.01023906
	5	2	0	   0.00123535        0.00198369
	6	2	0	   0.00101189        0.00135460
	-6	2	0	  -0.00062187       -0.00173781
	-5	2	0	  -0.00098870       -0.00222604
	-4	2	0	  -0.00430726       -0.01474267
	-3	2	0	  -0.00460125       -0.01129880
	-2	2	0	  -0.00708580       -0.06904602
	-1	2	0	  -0.00237084       -0.02196780
	0	3	0	   0.00972992       -0.00956014
	1	3	0	  -0.00465862       -0.00136785
	2	3	0	   0.00525737       -0.00162784
	3	3	0	  -0.00198822       -0.00134730
	4	3	0	   0.00127108        0.00051973
	5	3	0	  -0.00035537       -0.00030264
	6	3	0	   0.00016358        0.00011748
	-6	3	0	  -0.00002993       -0.00024880
	-5	3	0	   0.00009800        0.00055552
	-4	3	0	   0.00004091       -0.00180881
	-3	3	0	   0.00030772        0.00299849
	-2	3	0	   0.00279664       -0.00628559
	-1	3	0	  -0.00052335        0.00645943
	0	4	0	   0.00907944       -0.00892100
	1	4	0	   0.00214413        0.00000866
	2	4	0	   0.00796126        0.00118077
	3	4	0	   0.00134646        0.00125405
	4	4	0	   0.00237122        0.00160686
	5	4	0	   0.00033860        0.00041763
	-5	4	0	  -0.00018330       -0.00057023
	-4	4	0	  -0.00036700       -0.00357610
	-3	4	0	  -0.00044603       -0.00213879
	-2	4	0	   0.00169905       -0.01067250
	-1	4	0	   0.00067274       -0.00277640
	0	5	0	   0.00138359       -0.00135944
	1	5	0	  -0.00052295        0.00000717
	2	5	0	   0.00098243       -0.00048080
	3	5	0	  -0.00034174       -0.00016976
	4	5	0	   0.00029709        0.00001315
	5	5	0	  -0.00006414       -0.00004346
	-5	5	0	   0.00000993        0.00009673
	-4	5	0	   0.00008491       -0.00038847
	-3	5	0	   0.00000989        0.00049581
	-2	5	0	   0.00064545       -0.00111866
	-1	5	0	  -0.00017053        0.00067422
	0	6	0	   0.00096875       -0.00095185
	1	6	0	   0.00025318       -0.00005925
	2	6	0	   0.00086434       -0.00008318
	3	6	0	   0.00016212        0.00010323
	-3	6	0	  -0.00002048       -0.00024240
	-2	6	0	   0.00033148       -0.00109178
	-1	6	0	   0.00012136       -0.00030876
	0	7	0	   0.00011862       -0.00011654
	1	7	0	  -0.00004440        0.00001913
	-1	7	0	  -0.00002736        0.00005138
	0	-7	0	  -0.00011862        0.00011654
	1	-7	0	   0.00002736       -0.00005138
	-1	-7	0	   0.00004440       -0.00001913
	0	-6	0	  -0.00096875        0.00095185
	1	-6	0	  -0.00012136        0.00030876
	2	-6	0	  -0.00033148        0.00109178
	3	-6	0	   0.00002048        0.00024240
	-3	-6	0	  -0.00016212       -0.00010323
	-2	-6	0	  -0.00086434        0.00008318
	-1	-6	0	  -0.00025318        0.00005925
	0	-5	0	  -0.00138359        0.00135944
	1	-5	0	   0.00017054       -0.00067422
	2	-5	0	  -0.00064545        0.00111866
	3	-5	0	  -0.00000989       -0.00049581
	4	-5	0	  -0.00008491        0.00038847
	5	-5	0	  -0.00000992       -0.00009673
	-5	-5	0	   0.00006414        0.00004346
	-4	-5	0	  -0.00029709       -0.00001315
	-3	-5	0	   0.00034173        0.00016976
	-2	-5	0	  -0.00098243        0.00048080
	-1	-5	0	   0.00052295       -0.00000717
	0	-4	0	  -0.00907944        0.00892100
	1	-4	0	  -0.00067274        0.00277640
	2	-4	0	  -0.00169904        0.01067251
	3	-4	0	   0.00044603        0.00213879
	4	-4	0	   0.00036700        0.00357610
	5	-4	0	   0.00018330        0.00057023
	-5	-4	0	  -0.00033860       -0.00041763
	-4	-4	0	  -0.00237122       -0.00160686
	-3	-4	0	  -0.00134647       -0.00125405
	-2	-4	0	  -0.00796127       -0.00118077
	-1	-4	0	  -0.00214413       -0.00000866
	0	-3	0	  -0.00972993        0.00956014
	1	-3	0	   0.00052335       -0.00645944
	2	-3	0	  -0.00279665        0.00628559
	3	-3	0	  -0.00030771       -0.00299849
	4	-3	0	  -0.00004091        0.00180881
	5	-3	0	  -0.00009800       -0.00055552
	6	-3	0	   0.00002993        0.00024880
	-6	-3	0	  -0.00016358       -0.00011748
	-5	-3	0	   0.00035537        0.00030263
	-4	-3	0	  -0.00127109       -0.00051973
	-3	-3	0	   0.00198821        0.00134730
	-2	-3	0	  -0.00525736        0.00162784
	-1	-3	0	   0.00465862        0.00136785
	0	-2	0	  -0.05897244        0.05794329
	1	-2	0	   0.00237091        0.02196783
	2	-2	0	   0.00708587        0.06904604
	3	-2	0	   0.00460124        0.01129879
	4	-2	0	   0.00430727        0.01474267
	5	-2	0	   0.00098870        0.00222604
	6	-2	0	   0.00062187        0.00173781
	-6	-2	0	  -0.00101189       -0.00135460
	-5	-2	0	  -0.00123535       -0.00198369
	-4	-2	0	  -0.00889087       -0.01023906
	-3	-2	0	  -0.00640238       -0.00952905
	-2	-2	0	  -0.04578266       -0.03102456
	-1	-2	0	  -0.01452944       -0.01002151
	0	-1	0	  -0.04407201        0.04330291
	1	-1	0	  -0.00520180       -0.05068741
	2	-1	0	   0.00212064        0.02179826
	3	-1	0	  -0.00202646       -0.00818729
	4	-1	0	   0.00138574        0.00417132
	5	-1	0	  -0.00034475       -0.00102340
	6	-1	0	   0.00020761        0.00053168
	7	-1	0	  -0.00004278       -0.00009892
	-7	-1	0	   0.00005526        0.00008666
	-6	-1	0	  -0.00030409       -0.00043689
	-5	-1	0	   0.00060270        0.00076996
	-4	-1	0	  -0.00246271       -0.00311315
	-3	-1	0	   0.00505323        0.00521337
	-2	-1	0	  -0.01449077       -0.00964397
	-1	-1	0	   0.03360951        0.02277545
	0	0	1	   0.00261605       -0.18502390
	1	0	1	  -0.02024877        0.02289943
	2	0	1	   0.00867281       -0.01024512
	3	0	1	  -0.00362968       -0.00034684
	4	0	1	   0.00195619        0.00138157
	5	0	1	  -0.00048138       -0.00035522
	6	0	1	   0.00025872        0.00028176
	7	0	1	  -0.00004939       -0.00006661
	-7	0	1	   0.00004865        0.00011897
	-6	0	1	  -0.00025299       -0.00068681
	-5	0	1	   0.00046607        0.00143813
	-4	0	1	  -0.00189226       -0.00590291
	-3	0	1	   0.00345001        0.01305383
	-2	0	1	  -0.00793854       -0.04168741
	-1	0	1	   0.01856252        0.09636230
	0	1	1	  -0.01504699        0.07358684
	1	1	1	  -0.11024937        0.11793842
	2	1	1	  -0.02174221       -0.01411909
	3	1	1	  -0.02765768       -0.01086328
	4	1	1	  -0.00366309       -0.00410051
	5	1	1	  -0.00358392       -0.00320485
	6	1	1	  -0.00045489       -0.00061889
	-6	1	1	   0.00038350        0.00096803
	-5	1	1	   0.00252872        0.00836528
	-4	1	1	   0.00282779        0.00818552
	-3	1	1	   0.01542532        0.07068530
	-2	1	1	   0.01377117        0.05310132
	-1	1	1	   0.01394784        0.35302165
	0	2	1	   0.00644645       -0.03193941
	1	2	1	  -0.01836020        0.01883555
	2	2	1	   0.00433022       -0.00530700
	3	2	1	  -0.00461764        0.00151139
	4	2	1	   0.00125775        0.00038716
	5	2	1	  -0.00062294       -0.00004370
	6	2	1	   0.00018898        0.00012501
	-6	2	1	  -0.00011615       -0.00045255
	-5	2	1	   0.00007184        0.00127141
	-4	2	1	  -0.00070628       -0.00333041
	-3	2	1	  -0.00034736        0.00959430
	-2	2	1	  -0.00053690       -0.01451965
	-1	2	1	  -0.00808014        0.03829373
	0	3	1	  -0.00268082        0.00889928
	1	3	1	  -0.02399779        0.02480007
	2	3	1	  -0.00493815       -0.00161127
	3	3	1	  -0.01010375       -0.00038832
	4	3	1	  -0.00153094       -0.00126256
	5	3	1	  -0.00173796       -0.00090161
	6	3	1	  -0.00020928       -0.00024089
	-6	3	1	   0.00013869        0.00041774
	-5	3	1	   0.00062528        0.00357158
	-4	3	1	   0.00080681        0.00316236
	-3	3	1	   0.00145932        0.02149853
	-2	3	1	   0.00172323        0.01099746
	-1	3	1	  -0.00822206        0.05466071
	0	4	1	   0.00144040       -0.00364454
	1	4	1	  -0.00293750        0.00296962
	2	4	1	   0.00108920       -0.00125534
	3	4	1	  -0.00134708        0.00052884
	4	4	1	   0.00038821       -0.00002774
	5	4	1	  -0.00023755        0.00000952
	-5	4	1	  -0.00002085        0.00041969
	-4	4	1	  -0.00005538       -0.00086738
	-3	4	1	  -0.00038104        0.00235740
	-2	4	1	   0.00038281       -0.00259239
	-1	4	1	  -0.00186023        0.00500867
	0	5	1	  -0.00035440        0.00088215
	1	5	1	  -0.00294705        0.00300095
	2	5	1	  -0.00062894       -0.00010208
	3	5	1	  -0.00162083        0.00023976
	4	5	1	  -0.00025536       -0.00016404
	-4	5	1	   0.00009424        0.00049768
	-3	5	1	  -0.00013154        0.00305872
	-2	5	1	   0.00011056        0.00129765
	-1	5	1	  -0.00158618        0.00557682
	0	6	1	   0.00019014       -0.00038653
	1	6	1	  -0.00035486        0.00035579
	2	6	1	   0.00016075       -0.00015010
	3	6	1	  -0.00017528        0.00009034
	-3	6	1	  -0.00008095        0.00026890
	-2	6	1	   0.00006626       -0.00032894
	-1	6	1	  -0.00026279        0.00053006
	0	7	1	  -0.00003625        0.00006144
	0	-7	1	   0.00003551       -0.00000908
	0	-6	1	  -0.00018441       -0.00001852
	1	-6	1	   0.00025879       -0.00024714
	2	-6	1	  -0.00006259        0.00006935
	3	-6	1	   0.00007940       -0.00015990
	-3	-6	1	   0.00017374        0.00001866
	-2	-6	1	  -0.00015708       -0.00010950
	-1	-6	1	   0.00035086       -0.00007287
	0	-5	1	   0.00033908        0.00020076
	1	-5	1	   0.00152706       -0.00139508
	2	-5	1	  -0.00012040       -0.00060176
	3	-5	1	   0.00010894       -0.00145981
	4	-5	1	  -0.00009675       -0.00031989
	-4	-5	1	   0.00025285        0.00034183
	-3	-5	1	   0.00159821        0.00135915
	-2	-5	1	   0.00061910        0.00079798
	-1	-5	1	   0.00288792        0.00118079
	0	-4	1	  -0.00137647       -0.00087680
	1	-4	1	   0.00181344       -0.00169840
	2	-4	1	  -0.00034838        0.00015716
	3	-4	1	   0.00036401       -0.00115237
	4	-4	1	   0.00006353        0.00029127
	5	-4	1	   0.00001834       -0.00024190
	-5	-4	1	   0.00023503        0.00016827
	-4	-4	1	  -0.00038006       -0.00054836
	-3	-4	1	   0.00133004        0.00067619
	-2	-4	1	  -0.00105476       -0.00117989
	-1	-4	1	   0.00289068        0.00034066
	0	-3	1	   0.00250115        0.00380771
	1	-3	1	   0.00753664       -0.00618411
	2	-3	1	  -0.00181250       -0.00468238
	3	-3	1	  -0.00164023       -0.00870414
	4	-3	1	  -0.00082384       -0.00195733
	5	-3	1	  -0.00064788       -0.00197266
	6	-3	1	  -0.00014023       -0.00030874
	-6	-3	1	   0.00020774        0.00034989
	-5	-3	1	   0.00171535        0.00250052
	-4	-3	1	   0.00151390        0.00246759
	-3	-3	1	   0.00992286        0.01318270
	-2	-3	1	   0.00484885        0.00792634
	-1	-3	1	   0.02331239        0.02367654
	0	-2	1	  -0.00571218       -0.01999311
	1	-2	1	   0.00763361       -0.00670462
	2	-2	1	   0.00076778       -0.00180666
	3	-2	1	   0.00025809       -0.00327923
	4	-2	1	   0.00074071        0.00089518
	5	-2	1	  -0.00008168       -0.00057551
	6	-2	1	   0.00011982        0.00019296
	-6	-2	1	  -0.00018531       -0.00038460
	-5	-2	1	   0.00061310        0.00073959
	-4	-2	1	  -0.00122331       -0.00282239
	-3	-2	1	   0.00452835        0.00480369
	-2	-2	1	  -0.00409942       -0.01101933
	-1	-2	1	   0.01791348        0.01275359
	0	-1	1	   0.01336074        0.04567489
	1	-1	1	  -0.01934388        0.02861935
	2	-1	1	  -0.01421775       -0.02151216
	3	-1	1	  -0.01611074       -0.02220871
	4	-1	1	  -0.00287458       -0.00487524
	5	-1	1	  -0.00258784       -0.00418354
	6	-1	1	  -0.00038750       -0.00068511
	-6	-1	1	   0.00045089        0.00090181
	-5	-1	1	   0.00352479        0.00738659
	-4	-1	1	   0.00361628        0.00741078
	-3	-1	1	   0.02697229        0.05933988
	-2	-1	1	   0.02129554        0.04570818
	-1	-1	1	   0.10485333        0.26370257
	0	0	2	   0.00350054       -0.24757911
	1	0	2	   0.00881101       -0.00952738
	2	0	2	   0.02758271       -0.03119345
	3	0	2	   0.00555526        0.00663311
	4	0	2	   0.00673510        0.00286939
	5	0	2	   0.00111934        0.00158710
	6	0	2	   0.00082845        0.00072752
	-6	0	2	  -0.00080530       -0.00236490
	-5	0	2	  -0.00110470       -0.00262262
	-4	0	2	  -0.00646302       -0.02211235
	-3	0	2	  -0.00544837       -0.01419472
	-2	0	2	  -0.02528574       -0.13126408
	-1	0	2	  -0.00808927       -0.04151675
	0	1	2	   0.00654597       -0.03159922
	1	1	2	  -0.00967360        0.04853125
	2	1	2	   0.00448375       -0.00478222
	3	1	2	  -0.00303195        0.00693221
	4	1	2	   0.00128739        0.00048851
	5	1	2	  -0.00044634        0.00056006
	6	1	2	   0.00018553        0.00011323
	-6	1	2	  -0.00011959       -0.00046432
	-5	1	2	   0.00024845        0.00187516
	-4	1	2	  -0.00067664       -0.00322907
	-3	1	2	   0.00123831        0.01501512
	-2	1	2	  -0.00038343       -0.01399489
	-1	1	2	   0.00060631        0.06798941
	0	2	2	   0.02049691       -0.10023951
	1	2	2	   0.00454354       -0.00419987
	2	2	2	   0.02041762       -0.02184159
	3	2	2	   0.00313184        0.00280841
	4	2	2	   0.00514444        0.00027788
	5	2	2	   0.00075239        0.00086735
	6	2	2	   0.00063423        0.00031165
	-6	2	2	  -0.00037217       -0.00159328
	-5	2	2	  -0.00058823       -0.00167018
	-4	2	2	  -0.00235534       -0.01391789
	-3	2	2	  -0.00221207       -0.00730659
	-2	2	2	  -0.00258306       -0.06537782
	-1	2	2	  -0.00076956       -0.01425657
	0	3	2	   0.00408045       -0.00773752
	1	3	2	  -0.00273507        0.00982526
	2	3	2	   0.00257457       -0.00262147
	3	3	2	  -0.00133136        0.00230145
	4	3	2	   0.00075318       -0.00013364
	5	3	2	  -0.00024906        0.00022399
	6	3	2	   0.00009998       -0.00000239
	-6	3	2	  -0.00001533       -0.00022065
	-5	3	2	   0.00006679        0.00082182
	-4	3	2	   0.00003620       -0.00149076
	-3	3	2	   0.00015424        0.00511342
	-2	3	2	   0.00138836       -0.00486674
	-1	3	2	  -0.00067998        0.01371520
	0	4	2	   0.00496619       -0.01436734
	1	4	2	   0.00113039       -0.00104154
	2	4	2	   0.00462137       -0.00481913
	3	4	2	   0.00079942        0.00031675
	4	4	2	   0.00149040       -0.00028535
	5	4	2	   0.00021185        0.00015064
	-5	4	2	  -0.00010806       -0.00045487
	-4	4	2	  -0.00020973       -0.00350337
	-3	4	2	  -0.00026245       -0.00169315
	-2	4	2	   0.00102434       -0.01162765
	-1	4	2	   0.00033787       -0.00254160
	0	5	2	   0.00082126       -0.00131749
	1	5	2	  -0.00038357        0.00117169
	2	5	2	   0.00060108       -0.00060697
	3	5	2	  -0.00023783        0.00033342
	4	5	2	   0.00018744       -0.00008713
	-4	5	2	   0.00004961       -0.00034803
	-3	5	2	  -0.00000578        0.00077264
	-2	5	2	   0.00038937       -0.00100771
	-1	5	2	  -0.00015711        0.00160034
	0	6	2	   0.00060949       -0.00140617
	1	6	2	   0.00015596       -0.00017494
	2	6	2	   0.00054465       -0.00056130
	3	6	2	   0.00009966       -0.00000551
	-3	6	2	  -0.00001326       -0.00021925
	-2	6	2	   0.00020666       -0.00120103
	-1	6	2	   0.00007148       -0.00033484
	0	-6	2	  -0.00058633       -0.00023121
	1	-6	2	  -0.00006737        0.00004451
	2	-6	2	  -0.00019198        0.00016247
	3	-6	2	   0.00001527        0.00007742
	-3	-6	2	  -0.00009766       -0.00013632
	-2	-6	2	  -0.00052996       -0.00047726
	-1	-6	2	  -0.00015186       -0.00011540
	0	-5	2	  -0.00080662        0.00028197
	1	-5	2	   0.00012498        0.00067201
	2	-5	2	  -0.00038017        0.00035714
	3	-5	2	  -0.00000664        0.00010628
	4	-5	2	  -0.00004671        0.00014293
	-4	-5	2	  -0.00018454       -0.00011797
	-3	-5	2	   0.00022539        0.00054550
	-2	-5	2	  -0.00059188       -0.00004359
	-1	-5	2	   0.00035144        0.00110067
	0	-4	2	  -0.00469412       -0.00487561
	1	-4	2	  -0.00030719        0.00037097
	2	-4	2	  -0.00086806        0.00057451
	3	-4	2	   0.00027462        0.00083239
	4	-4	2	   0.00024600        0.00093732
	5	-4	2	   0.00011096        0.00024977
	-5	-4	2	  -0.00020894       -0.00035575
	-4	-4	2	  -0.00145411       -0.00228070
	-3	-4	2	  -0.00078725       -0.00117751
	-2	-4	2	  -0.00446509       -0.00623402
	-1	-4	2	  -0.00109970       -0.00112909
	0	-3	2	  -0.00397355        0.00017591
	1	-3	2	   0.00039054        0.00675415
	2	-3	2	  -0.00133685        0.00122166
	3	-3	2	  -0.00024398        0.00123303
	4	-3	2	  -0.00002403        0.00063000
	5	-3	2	  -0.00007921        0.00005710
	6	-3	2	   0.00001733        0.00007882
	-6	-3	2	  -0.00009798       -0.00013944
	-5	-3	2	   0.00023662        0.00065493
	-4	-3	2	  -0.00074102       -0.00072712
	-3	-3	2	   0.00124161        0.00404501
	-2	-3	2	  -0.00252302       -0.00102361
	-1	-3	2	   0.00244565        0.01064409
	0	-2	2	  -0.01819993       -0.06221801
	1	-2	2	   0.00098101       -0.00069955
	2	-2	2	   0.00358239       -0.00530015
	3	-2	2	   0.00226359        0.00366150
	4	-2	2	   0.00251163        0.00286474
	5	-2	2	   0.00059742        0.00101961
	6	-2	2	   0.00038685        0.00055472
	-6	-2	2	  -0.00061954       -0.00135021
	-5	-2	2	  -0.00074319       -0.00151792
	-4	-2	2	  -0.00498816       -0.01133103
	-3	-2	2	  -0.00308030       -0.00645348
	-2	-2	2	  -0.01941833       -0.04883639
	-1	-2	2	  -0.00433208       -0.01075625
	0	-1	2	  -0.00582424       -0.01944492
	1	-1	2	  -0.00214930        0.04113811
	2	-1	2	   0.00059487       -0.00096123
	3	-1	2	  -0.00152774        0.00545423
	4	-1	2	   0.00070732        0.00105844
	5	-1	2	  -0.00028058        0.00039719
	6	-1	2	   0.00012370        0.00017399
	-6	-1	2	  -0.00018143       -0.00040357
	-5	-1	2	   0.00041420        0.00171229
	-4	-1	2	  -0.00125670       -0.00265914
	-3	-1	2	   0.00274253        0.01353713
	-2	-1	2	  -0.00427228       -0.01017391
	-1	-1	2	   0.00813069        0.06059628
	0	0	3	   0.00057757       -0.04084834
	1	0	3	  -0.00222142        0.00696390
	2	0	3	   0.00146940       -0.01457736
	3	0	3	  -0.00119784        0.00135466
	4	0	3	   0.00065403       -0.00158974
	5	0	3	  -0.00023432        0.00011118
	6	0	3	   0.00010072       -0.00009741
	-6	0	3	  -0.00009279       -0.00046370
	-5	0	3	   0.00021905        0.00096933
	-4	0	3	  -0.00057615       -0.00391828
	-3	0	3	   0.00109809        0.00570045
	-2	0	3	  -0.00099131       -0.01923511
	-1	0	3	   0.00191385        0.01479119
	0	1	3	  -0.00166716        0.01236450
	1	1	3	  -0.01459724        0.05693663
	2	1	3	  -0.00417556        0.00099567
	3	1	3	  -0.00755651        0.00831963
	4	1	3	  -0.00133337       -0.00058717
	5	1	3	  -0.00140440        0.00023870
	6	1	3	  -0.00018901       -0.00017161
	-6	1	3	   0.00015895        0.00048701
	-5	1	3	   0.00095884        0.00471189
	-4	1	3	   0.00100438        0.00383775
	-3	1	3	   0.00400655        0.03020648
	-2	1	3	   0.00248581        0.01360441
	-1	1	3	   0.00117849        0.08679727
	0	2	3	   0.00113961       -0.01779110
	1	2	3	  -0.00355817        0.00701138
	2	2	3	   0.00114330       -0.00751440
	3	2	3	  -0.00153092        0.00161920
	4	2	3	   0.00048408       -0.00105362
	5	2	3	  -0.00026764        0.00016046
	6	2	3	   0.00007700       -0.00008096
	-6	2	3	  -0.00003831       -0.00029923
	-5	2	3	   0.00004820        0.00075829
	-4	2	3	  -0.00023291       -0.00241075
	-3	2	3	  -0.00004532        0.00443117
	-2	2	3	  -0.00004289       -0.00975966
	-1	2	3	  -0.00150306        0.01090133
	0	3	3	  -0.00089012        0.00435315
	1	3	3	  -0.00656479        0.01798323
	2	3	3	  -0.00160863        0.00086209
	3	3	3	  -0.00353874        0.00378554
	4	3	3	  -0.00061199       -0.00011968
	5	3	3	  -0.00069514        0.00022118
	-5	3	3	   0.00024198        0.00199498
	-4	3	3	   0.00030574        0.00161741
	-3	3	3	   0.00044770        0.01133116
	-2	3	3	   0.00045672        0.00477140
	-1	3	3	  -0.00240112        0.02586433
	0	4	3	   0.00048916       -0.00319638
	1	4	3	  -0.00107260        0.00195375
	2	4	3	   0.00042553       -0.00162417
	3	4	3	  -0.00054192        0.00056304
	4	4	3	   0.00016989       -0.00029526
	5	4	3	  -0.00009120        0.00004844
	-5	4	3	  -0.00000312        0.00021517
	-4	4	3	  -0.00001966       -0.00065403
	-3	4	3	  -0.00014696        0.00131064
	-2	4	3	   0.00014541       -0.00215438
	-1	4	3	  -0.00068045        0.00269602
	0	5	3	  -0.00017356        0.00070328
	1	5	3	  -0.00115740        0.00264553
	2	5	3	  -0.00026364        0.00019940
	3	5	3	  -0.00064787        0.00068180
	4	5	3	  -0.00009622       -0.00000044
	-4	5	3	   0.00002929        0.00023713
	-3	5	3	  -0.00006344        0.00178801
	-2	5	3	   0.00002239        0.00074080
	-1	5	3	  -0.00063706        0.00363043
	0	6	3	   0.00007479       -0.00035014
	1	6	3	  -0.00014713        0.00023650
	2	6	3	   0.00006774       -0.00017128
	-2	6	3	   0.00002157       -0.00025865
	-1	6	3	  -0.00011166        0.00030363
	0	-6	3	  -0.00006685       -0.00021097
	1	-6	3	   0.00010756       -0.00001374
	2	-6	3	  -0.00001667       -0.00008835
	-2	-6	3	  -0.00006283       -0.00017572
	-1	-6	3	   0.00014303        0.00005340
	0	-5	3	   0.00015828        0.00037723
	1	-5	3	   0.00057236        0.00094596
	2	-5	3	  -0.00003247       -0.00002775
	3	-5	3	   0.00003805        0.00000785
	4	-5	3	  -0.00003175       -0.00006379
	-4	-5	3	   0.00009377        0.00017379
	-3	-5	3	   0.00062247        0.00111406
	-2	-5	3	   0.00025356        0.00051365
	-1	-5	3	   0.00109269        0.00193085
	0	-4	3	  -0.00041128       -0.00231164
	1	-4	3	   0.00063849        0.00027254
	2	-4	3	  -0.00009927       -0.00110853
	3	-4	3	   0.00012980       -0.00009695
	4	-4	3	   0.00003115       -0.00015896
	5	-4	3	   0.00000066       -0.00004182
	-5	-4	3	   0.00008875        0.00012491
	-4	-4	3	  -0.00015839       -0.00051772
	-3	-4	3	   0.00052476        0.00065064
	-2	-4	3	  -0.00037939       -0.00163874
	-1	-4	3	   0.00103063        0.00101480
	0	-3	3	   0.00079038        0.00270196
	1	-3	3	   0.00189873        0.00966740
	2	-3	3	  -0.00052126       -0.00020632
	3	-3	3	  -0.00062089        0.00091862
	4	-3	3	  -0.00032290       -0.00040373
	5	-3	3	  -0.00026737       -0.00019912
	-5	-3	3	   0.00066975        0.00157468
	-4	-3	3	   0.00059483        0.00133336
	-3	-3	3	   0.00336554        0.00846423
	-2	-3	3	   0.00154409        0.00370298
	-1	-3	3	   0.00606242        0.01754850
	0	-2	3	  -0.00066152       -0.01602136
	1	-2	3	   0.00131755        0.00222077
	2	-2	3	   0.00027507       -0.00666129
	3	-2	3	  -0.00001921        0.00013390
	4	-2	3	   0.00027905       -0.00085217
	5	-2	3	  -0.00005828       -0.00004524
	6	-2	3	   0.00004321       -0.00004777
	-6	-2	3	  -0.00007209       -0.00026603
	-5	-2	3	   0.00025756        0.00055259
	-4	-2	3	  -0.00043794       -0.00220930
	-3	-2	3	   0.00146637        0.00294587
	-2	-2	3	  -0.00091112       -0.00890655
	-1	-2	3	   0.00337265        0.00611072
	0	-1	3	   0.00135960        0.00939059
	1	-1	3	  -0.00305030        0.04559119
	2	-1	3	  -0.00267132       -0.00048230
	3	-1	3	  -0.00450894        0.00532525
	4	-1	3	  -0.00104634       -0.00086919
	5	-1	3	  -0.00102354       -0.00013551
	6	-1	3	  -0.00016305       -0.00019712
	-6	-1	3	   0.00018491        0.00046150
	-5	-1	3	   0.00133969        0.00433768
	-4	-1	3	   0.00129140        0.00355572
	-3	-1	3	   0.00705414        0.02721210
	-2	-1	3	   0.00399004        0.01212642
	-1	-1	3	   0.01272545        0.07545184
	0	0	4	   0.00053894       -0.03811749
	1	0	4	   0.00081929       -0.00452040
	2	0	4	   0.00341782       -0.01435141
	3	0	4	   0.00092297       -0.00019370
	4	0	4	   0.00142859       -0.00161560
	5	0	4	   0.00026556        0.00016793
	-5	0	4	  -0.00025634       -0.00081993
	-4	0	4	  -0.00130962       -0.00679856
	-3	0	4	  -0.00086952       -0.00358655
	-2	0	4	  -0.00284440       -0.02620469
	-1	0	4	  -0.00065209       -0.00730546
	0	1	4	   0.00062208       -0.00644202
	1	1	4	  -0.00107387        0.00934057
	2	1	4	   0.00068589       -0.00263407
	3	1	4	  -0.00067732        0.00281849
	4	1	4	   0.00030004       -0.00032914
	5	1	4	  -0.00013712        0.00035285
	-5	1	4	   0.00007958        0.00076302
	-4	1	4	  -0.00014354       -0.00116877
	-3	1	4	   0.00028872        0.00464705
	-2	1	4	  -0.00002050       -0.00397112
	-1	1	4	   0.00000337        0.01137962
	0	2	4	   0.00257851       -0.02252985
	1	2	4	   0.00069744       -0.00252161
	2	2	4	   0.00327785       -0.00941208
	3	2	4	   0.00064902       -0.00019738
	4	2	4	   0.00119261       -0.00130338
	5	2	4	   0.00018737        0.00006698
	-5	2	4	  -0.00013253       -0.00053854
	-4	2	4	  -0.00050752       -0.00452139
	-3	2	4	  -0.00041284       -0.00220728
	-2	2	4	  -0.00031918       -0.01622061
	-1	2	4	  -0.00009508       -0.00402167
	0	3	4	   0.00068272       -0.00253466
	1	3	4	  -0.00060040        0.00356801
	2	3	4	   0.00054424       -0.00121832
	3	3	4	  -0.00036197        0.00117824
	4	3	4	   0.00019571       -0.00020697
	5	3	4	  -0.00006742        0.00012976
	-5	3	4	   0.00002067        0.00029649
	-4	3	4	   0.00000617       -0.00056573
	-3	3	4	   0.00003300        0.00192584
	-2	3	4	   0.00026412       -0.00174853
	-1	3	4	  -0.00020826        0.00431027
	0	4	4	   0.00106159       -0.00519170
	1	4	4	   0.00026572       -0.00066361
	2	4	4	   0.00107667       -0.00243313
	3	4	4	   0.00020577       -0.00010898
	4	4	4	   0.00037118       -0.00039707
	-4	4	4	  -0.00004696       -0.00118854
	-3	4	4	  -0.00005881       -0.00060976
	-2	4	4	   0.00024159       -0.00401376
	-1	4	4	   0.00007823       -0.00101849
	0	5	4	   0.00019561       -0.00051366
	1	5	4	  -0.00011583        0.00056029
	2	5	4	   0.00015344       -0.00026364
	3	5	4	  -0.00006317        0.00017112
	-3	5	4	  -0.00000676        0.00027791
	-2	5	4	   0.00008670       -0.00038998
	-1	5	4	  -0.00005797        0.00066981
	0	-5	4	  -0.00018639       -0.00013834
	1	-5	4	   0.00004279        0.00040445
	2	-5	4	  -0.00008071       -0.00003358
	3	-5	4	   0.00000131        0.00010778
	-3	-5	4	   0.00005772        0.00021456
	-2	-5	4	  -0.00014745       -0.00015992
	-1	-5	4	   0.00010064        0.00051396
	0	-4	4	  -0.00094262       -0.00322246
	1	-4	4	  -0.00005896       -0.00034460
	2	-4	4	  -0.00016772       -0.00121046
	3	-4	4	   0.00006704        0.00002734
	4	-4	4	   0.00006513       -0.00009636
	-4	-4	4	  -0.00035301       -0.00088782
	-3	-4	4	  -0.00019753       -0.00047345
	-2	-4	4	  -0.00100280       -0.00279109
	-1	-4	4	  -0.00024645       -0.00069947
	0	-3	4	  -0.00062928       -0.00124558
	1	-3	4	   0.00010669        0.00287324
	2	-3	4	  -0.00023298       -0.00045468
	3	-3	4	  -0.00007287        0.00089419
	4	-3	4	   0.00000206       -0.00001670
	5	-3	4	  -0.00002612        0.00008919
	-5	-3	4	   0.00006196        0.00025592
	-4	-3	4	  -0.00018748       -0.00037546
	-3	-3	4	   0.00032209        0.00164179
	-2	-3	4	  -0.00051310       -0.00098489
	-1	-3	4	   0.00049883        0.00361551
	0	-2	4	  -0.00200510       -0.01802624
	1	-2	4	   0.00018040       -0.00201359
	2	-2	4	   0.00064502       -0.00682522
	3	-2	4	   0.00044399        0.00000407
	4	-2	4	   0.00058138       -0.00070283
	5	-2	4	   0.00013852        0.00011498
	-5	-2	4	  -0.00018138       -0.00049054
	-4	-2	4	  -0.00111874       -0.00392084
	-3	-2	4	  -0.00061788       -0.00200583
	-2	-2	4	  -0.00295201       -0.01363374
	-1	-2	4	  -0.00061211       -0.00351365
	0	-1	4	  -0.00045489       -0.00538385
	1	-1	4	  -0.00028539        0.00856584
	2	-1	4	   0.00010582       -0.00206414
	3	-1	4	  -0.00039029        0.00253647
	4	-1	4	   0.00016282       -0.00019431
	5	-1	4	  -0.00009477        0.00031124
	-5	-1	4	   0.00012193        0.00072141
	-4	-1	4	  -0.00028077       -0.00103395
	-3	-1	4	   0.00057575        0.00436502
	-2	-1	4	  -0.00060056       -0.00340119
	-1	-1	4	   0.00079186        0.01060489
	0	0	5	   0.00008213       -0.00580861
	1	0	5	  -0.00019679        0.00112217
	2	0	5	   0.00021681       -0.00309816
	3	0	5	  -0.00018566        0.00036379
	4	0	5	   0.00011743       -0.00060104
	5	0	5	  -0.00003864        0.00004370
	-5	0	5	   0.00003542        0.00018389
	-4	0	5	  -0.00009475       -0.00100266
	-3	0	5	   0.00016596        0.00102936
	-2	0	5	  -0.00012018       -0.00373602
	-1	0	5	   0.00015563        0.00178922
	0	1	5	  -0.00014955        0.00158242
	1	1	5	  -0.00131126        0.00859305
	2	1	5	  -0.00046772        0.00044906
	3	1	5	  -0.00098641        0.00240858
	4	1	5	  -0.00020068        0.00002289
	-4	1	5	   0.00014892        0.00068461
	-3	1	5	   0.00050288        0.00522754
	-2	1	5	   0.00027178        0.00184879
	-1	1	5	   0.00004961        0.01116892
	0	2	5	   0.00017164       -0.00353827
	1	2	5	  -0.00039896        0.00111908
	2	2	5	   0.00021246       -0.00193551
	3	2	5	  -0.00022756        0.00036851
	4	2	5	   0.00010030       -0.00038505
	-4	2	5	  -0.00003754       -0.00064596
	-3	2	5	   0.00000448        0.00080773
	-2	2	5	   0.00000075       -0.00233624
	-1	2	5	  -0.00017249        0.00154773
	0	3	5	  -0.00013853        0.00082302
	1	3	5	  -0.00085654        0.00367403
	2	3	5	  -0.00023479        0.00029801
	3	3	5	  -0.00052645        0.00109687
	4	3	5	  -0.00008531        0.00003684
	-4	3	5	   0.00004020        0.00027441
	-3	3	5	   0.00005797        0.00220308
	-2	3	5	   0.00005123        0.00083941
	-1	3	5	  -0.00033621        0.00465893
	0	4	5	   0.00008899       -0.00087815
	1	4	5	  -0.00016158        0.00040390
	2	4	5	   0.00009077       -0.00047790
	3	4	5	  -0.00007605        0.00012708
	-3	4	5	  -0.00001964        0.00023386
	-2	4	5	   0.00002402       -0.00060424
	-1	4	5	  -0.00010372        0.00051341
	0	5	5	  -0.00002871        0.00014043
	0	-5	5	   0.00002550        0.00008716
	0	-4	5	  -0.00006631       -0.00072556
	1	-4	5	   0.00009431        0.00015248
	2	-4	5	  -0.00001012       -0.00037877
	3	-4	5	   0.00001581        0.00003682
	-3	-4	5	   0.00007223        0.00014359
	-2	-4	5	  -0.00007687       -0.00050511
	-1	-4	5	   0.00015216        0.00026199
	0	-3	5	   0.00011884        0.00057014
	1	-3	5	   0.00023353        0.00260298
	2	-3	5	  -0.00006495        0.00013113
	3	-3	5	  -0.00009869        0.00067656
	4	-3	5	  -0.00004402       -0.00000373
	-4	-3	5	   0.00008149        0.00023384
	-3	-3	5	   0.00048574        0.00178278
	-2	-3	5	   0.00022107        0.00067252
	-1	-3	5	   0.00075386        0.00358787
	0	-2	5	  -0.00007501       -0.00329591
	1	-2	5	   0.00014231        0.00058726
	2	-2	5	   0.00005750       -0.00178325
	3	-2	5	  -0.00001820        0.00016281
	4	-2	5	   0.00005144       -0.00033705
	-4	-2	5	  -0.00008640       -0.00059795
	-3	-2	5	   0.00021384        0.00060202
	-2	-2	5	  -0.00015422       -0.00218398
	-1	-2	5	   0.00036877        0.00101591
	0	-1	5	   0.00010839        0.00132898
	1	-1	5	  -0.00031518        0.00761436
	2	-1	5	  -0.00030196        0.00028619
	3	-1	5	  -0.00060555        0.00203437
	4	-1	5	  -0.00015833       -0.00001872
	-4	-1	5	   0.00019126        0.00064300
	-3	-1	5	   0.00088373        0.00485332
	-2	-1	5	   0.00043753        0.00168593
	-1	-1	5	   0.00104568        0.01019023
	0	0	6	   0.00005750       -0.00406704
	1	0	6	   0.00007702       -0.00066146
	2	0	6	   0.00030192       -0.00200586
	3	0	6	   0.00009551       -0.00012450
	-3	0	6	  -0.00008710       -0.00047014
	-2	0	6	  -0.00023094       -0.00301446
	-1	0	6	  -0.00005480       -0.00091096
	0	1	6	   0.00005936       -0.00083361
	1	1	6	  -0.00009794        0.00123409
	2	1	6	   0.00008479       -0.00040977
	3	1	6	  -0.00006771        0.00045809
	-3	1	6	   0.00002663        0.00063665
	-2	1	6	  -0.00000970       -0.00058861
	-1	1	6	  -0.00000588        0.00140836
	0	2	6	   0.00023050       -0.00270177
	1	2	6	   0.00008345       -0.00042284
	2	2	6	   0.00031454       -0.00134793
	3	2	6	   0.00007586       -0.00008690
	-3	2	6	  -0.00003707       -0.00030064
	-2	2	6	  -0.00002344       -0.00198766
	-1	2	6	  -0.00000104       -0.00058274
	0	3	6	   0.00007103       -0.00036298
	1	3	6	  -0.00005982        0.00053497
	2	3	6	   0.00006691       -0.00017409
	-2	3	6	   0.00002075       -0.00026146
	-1	3	6	  -0.00002435        0.00060211
	0	-3	6	  -0.00006262       -0.00023166
	1	-3	6	   0.00000923        0.00046712
	2	-3	6	  -0.00001574       -0.00009288
	-2	-3	6	  -0.00006190       -0.00018025
	-1	-3	6	   0.00004470        0.00053426
	0	-2	6	  -0.00015952       -0.00231856
	1	-2	6	   0.00001429       -0.00035489
	2	-2	6	   0.00006716       -0.00110487
	3	-2	6	   0.00004208       -0.00005370
	-3	-2	6	  -0.00007085       -0.00026745
	-2	-2	6	  -0.00027082       -0.00174460
	-1	-2	6	  -0.00007019       -0.00051480
	0	-1	6	  -0.00003713       -0.00073881
	1	-1	6	  -0.00003055        0.00116787
	2	-1	6	   0.00002295       -0.00034902
	3	-1	6	  -0.00004175        0.00043258
	-3	-1	6	   0.00005259        0.00061114
	-2	-1	6	  -0.00007153       -0.00052786
	-1	-1	6	   0.00006151        0.00134214
	0	0	7	   0.00000704       -0.00049798
	1	0	7	  -0.00001065        0.00013451
	-1	0	7	   0.00000639        0.00016676
	0	1	7	  -0.00000837        0.00015677
	0	-1	7	   0.00000411        0.00014451
	0	0	-7	  -0.00000704        0.00049797
	1	0	-7	  -0.00000639       -0.00016676
	-1	0	-7	   0.00001065       -0.00013451
	0	1	-7	  -0.00000411       -0.00014451
	0	-1	-7	   0.00000837       -0.00015677
	0	0	-6	  -0.00005750        0.00406704
	1	0	-6	   0.00005479        0.00091096
	2	0	-6	   0.00023094        0.00301446
	3	0	-6	   0.00008710        0.00047014
	-3	0	-6	  -0.00009551        0.00012450
	-2	0	-6	  -0.00030192        0.00200586
	-1	0	-6	  -0.00007703        0.00066146
	0	1	-6	   0.00003713        0.00073881
	1	1	-6	  -0.00006151       -0.00134214
	2	1	-6	   0.00007153        0.00052786
	3	1	-6	  -0.00005259       -0.00061114
	-3	1	-6	   0.00004175       -0.00043258
	-2	1	-6	  -0.00002296        0.00034902
	-1	1	-6	   0.00003055       -0.00116787
	0	2	-6	   0.00015952        0.00231856
	1	2	-6	   0.00007019        0.00051480
	2	2	-6	   0.00027082        0.00174460
	3	2	-6	   0.00007085        0.00026745
	-3	2	-6	  -0.00004207        0.00005370
	-2	2	-6	  -0.00006716        0.00110486
	-1	2	-6	  -0.00001429        0.00035489
	0	3	-6	   0.00006262        0.00023166
	1	3	-6	  -0.00004470       -0.00053426
	2	3	-6	   0.00006190        0.00018025
	-2	3	-6	   0.00001574        0.00009288
	-1	3	-6	  -0.00000923       -0.00046712
	0	-3	-6	  -0.00007103        0.00036298
	1	-3	-6	   0.00002435       -0.00060211
	2	-3	-6	  -0.00002075        0.00026146
	-2	-3	-6	  -0.00006691        0.00017409
	-1	-3	-6	   0.00005982       -0.00053497
	0	-2	-6	  -0.00023050        0.00270177
	1	-2	-6	   0.00000103        0.00058274
	2	-2	-6	   0.00002344        0.00198766
	3	-2	-6	   0.00003706        0.00030064
	-3	-2	-6	  -0.00007586        0.00008690
	-2	-2	-6	  -0.00031454        0.00134793
	-1	-2	-6	  -0.00008345        0.00042284
	0	-1	-6	  -0.00005936        0.00083361
	1	-1	-6	   0.00000588       -0.00140836
	2	-1	-6	   0.00000970        0.00058862
	3	-1	-6	  -0.00002663       -0.00063665
	-3	-1	-6	   0.00006771       -0.00045809
	-2	-1	-6	  -0.00008479        0.00040977
	-1	-1	-6	   0.00009794       -0.00123409
	0	0	-5	  -0.00008213        0.00580861
	1	0	-5	  -0.00015563       -0.00178923
	2	0	-5	   0.00012018        0.00373602
	3	0	-5	  -0.00016596       -0.00102937
	4	0	-5	   0.00009475        0.00100266
	5	0	-5	  -0.00003542       -0.00018390
	-5	0	-5	   0.00003864       -0.00004370
	-4	0	-5	  -0.00011743        0.00060104
	-3	0	-5	   0.00018566       -0.00036379
	-2	0	-5	  -0.00021681        0.00309816
	-1	0	-5	   0.00019679       -0.00112217
	0	1	-5	  -0.00010839       -0.00132898
	1	1	-5	  -0.00104568       -0.01019024
	2	1	-5	  -0.00043754       -0.00168593
	3	1	-5	  -0.00088373       -0.00485333
	4	1	-5	  -0.00019127       -0.00064300
	-4	1	-5	   0.00015833        0.00001872
	-3	1	-5	   0.00060555       -0.00203437
	-2	1	-5	   0.00030196       -0.00028619
	-1	1	-5	   0.00031518       -0.00761436
	0	2	-5	   0.00007501        0.00329591
	1	2	-5	  -0.00036877       -0.00101591
	2	2	-5	   0.00015422        0.00218398
	3	2	-5	  -0.00021384       -0.00060203
	4	2	-5	   0.00008640        0.00059795
	-4	2	-5	  -0.00005144        0.00033705
	-3	2	-5	   0.00001821       -0.00016280
	-2	2	-5	  -0.00005750        0.00178325
	-1	2	-5	  -0.00014231       -0.00058726
	0	3	-5	  -0.00011884       -0.00057014
	1	3	-5	  -0.00075387       -0.00358788
	2	3	-5	  -0.00022108       -0.00067252
	3	3	-5	  -0.00048574       -0.00178278
	4	3	-5	  -0.00008149       -0.00023384
	-4	3	-5	   0.00004402        0.00000373
	-3	3	-5	   0.00009869       -0.00067656
	-2	3	-5	   0.00006495       -0.00013113
	-1	3	-5	  -0.00023354       -0.00260298
	0	4	-5	   0.00006631        0.00072556
	1	4	-5	  -0.00015216       -0.00026199
	2	4	-5	   0.00007687        0.00050511
	3	4	-5	  -0.00007223       -0.00014360
	-3	4	-5	  -0.00001581       -0.00003682
	-2	4	-5	   0.00001012        0.00037877
	-1	4	-5	  -0.00009431       -0.00015248
	0	5	-5	  -0.00002550       -0.00008716
	0	-5	-5	   0.00002872       -0.00014043
	0	-4	-5	  -0.00008899        0.00087815
	1	-4	-5	   0.00010372       -0.00051341
	2	-4	-5	  -0.00002402        0.00060424
	3	-4	-5	   0.00001964       -0.00023386
	-3	-4	-5	   0.00007605       -0.00012708
	-2	-4	-5	  -0.00009077        0.00047790
	-1	-4	-5	   0.00016158       -0.00040389
	0	-3	-5	   0.00013854       -0.00082302
	1	-3	-5	   0.00033622       -0.00465893
	2	-3	-5	  -0.00005123       -0.00083941
	3	-3	-5	  -0.00005797       -0.00220308
	4	-3	-5	  -0.00004020       -0.00027441
	-4	-3	-5	   0.00008532       -0.00003684
	-3	-3	-5	   0.00052645       -0.00109687
	-2	-3	-5	   0.00023480       -0.00029801
	-1	-3	-5	   0.00085655       -0.00367403
	0	-2	-5	  -0.00017164        0.00353827
	1	-2	-5	   0.00017250       -0.00154773
	2	-2	-5	  -0.00000075        0.00233624
	3	-2	-5	  -0.00000448       -0.00080773
	4	-2	-5	   0.00003754        0.00064595
	-4	-2	-5	  -0.00010029        0.00038505
	-3	-2	-5	   0.00022756       -0.00036851
	-2	-2	-5	  -0.00021246        0.00193551
	-1	-2	-5	   0.00039896       -0.00111907
	0	-1	-5	   0.00014956       -0.00158242
	1	-1	-5	  -0.00004960       -0.01116893
	2	-1	-5	  -0.00027177       -0.00184879
	3	-1	-5	  -0.00050287       -0.00522754
	4	-1	-5	  -0.00014892       -0.00068461
	-4	-1	-5	   0.00020068       -0.00002289
	-3	-1	-5	   0.00098641       -0.00240858
	-2	-1	-5	   0.00046772       -0.00044906
	-1	-1	-5	   0.00131126       -0.00859305
	0	0	-4	  -0.00053894        0.03811749
	1	0	-4	   0.00065209        0.00730546
	2	0	-4	   0.00284441        0.02620468
	3	0	-4	   0.00086953        0.00358654
	4	0	-4	   0.00130962        0.00679856
	5	0	-4	   0.00025634        0.00081993
	-5	0	-4	  -0.00026556       -0.00016793
	-4	0	-4	  -0.00142859        0.00161560
	-3	0	-4	  -0.00092297        0.00019370
	-2	0	-4	  -0.00341782        0.01435141
	-1	0	-4	  -0.00081929        0.00452040
	0	1	-4	   0.00045489        0.00538385
	1	1	-4	  -0.00079187       -0.01060489
	2	1	-4	   0.00060056        0.00340119
	3	1	-4	  -0.00057575       -0.00436503
	4	1	-4	   0.00028077        0.00103395
	5	1	-4	  -0.00012193       -0.00072141
	-5	1	-4	   0.00009477       -0.00031124
	-4	1	-4	  -0.00016282        0.00019431
	-3	1	-4	   0.00039029       -0.00253646
	-2	1	-4	  -0.00010582        0.00206414
	-1	1	-4	   0.00028538       -0.00856583
	0	2	-4	   0.00200509        0.01802624
	1	2	-4	   0.00061211        0.00351365
	2	2	-4	   0.00295200        0.01363374
	3	2	-4	   0.00061788        0.00200583
	4	2	-4	   0.00111874        0.00392084
	5	2	-4	   0.00018139        0.00049054
	-5	2	-4	  -0.00013852       -0.00011498
	-4	2	-4	  -0.00058138        0.00070282
	-3	2	-4	  -0.00044399       -0.00000407
	-2	2	-4	  -0.00064503        0.00682522
	-1	2	-4	  -0.00018040        0.00201359
	0	3	-4	   0.00062927        0.00124558
	1	3	-4	  -0.00049884       -0.00361551
	2	3	-4	   0.00051309        0.00098489
	3	3	-4	  -0.00032209       -0.00164179
	4	3	-4	   0.00018748        0.00037547
	5	3	-4	  -0.00006196       -0.00025592
	-5	3	-4	   0.00002612       -0.00008919
	-4	3	-4	  -0.00000206        0.00001670
	-3	3	-4	   0.00007287       -0.00089419
	-2	3	-4	   0.00023297        0.00045468
	-1	3	-4	  -0.00010669       -0.00287324
	0	4	-4	   0.00094263        0.00322246
	1	4	-4	   0.00024645        0.00069947
	2	4	-4	   0.00100280        0.00279110
	3	4	-4	   0.00019754        0.00047345
	4	4	-4	   0.00035302        0.00088782
	-4	4	-4	  -0.00006513        0.00009635
	-3	4	-4	  -0.00006704       -0.00002733
	-2	4	-4	   0.00016773        0.00121045
	-1	4	-4	   0.00005896        0.00034460
	0	5	-4	   0.00018639        0.00013834
	1	5	-4	  -0.00010064       -0.00051396
	2	5	-4	   0.00014746        0.00015992
	3	5	-4	  -0.00005772       -0.00021456
	-3	5	-4	  -0.00000130       -0.00010778
	-2	5	-4	   0.00008071        0.00003358
	-1	5	-4	  -0.00004278       -0.00040445
	0	-5	-4	  -0.00019561        0.00051366
	1	-5	-4	   0.00005797       -0.00066981
	2	-5	-4	  -0.00008670        0.00038998
	3	-5	-4	   0.00000676       -0.00027790
	-3	-5	-4	   0.00006317       -0.00017113
	-2	-5	-4	  -0.00015344        0.00026364
	-1	-5	-4	   0.00011583       -0.00056029
	0	-4	-4	  -0.00106160        0.00519170
	1	-4	-4	  -0.00007823        0.00101849
	2	-4	-4	  -0.00024160        0.00401377
	3	-4	-4	   0.00005880        0.00060977
	4	-4	-4	   0.00004695        0.00118854
	-4	-4	-4	  -0.00037118        0.00039707
	-3	-4	-4	  -0.00020578        0.00010898
	-2	-4	-4	  -0.00107667        0.00243313
	-1	-4	-4	  -0.00026572        0.00066361
	0	-3	-4	  -0.00068272        0.00253466
	1	-3	-4	   0.00020827       -0.00431028
	2	-3	-4	  -0.00026412        0.00174853
	3	-3	-4	  -0.00003299       -0.00192584
	4	-3	-4	  -0.00000617        0.00056573
	5	-3	-4	  -0.00002067       -0.00029649
	-5	-3	-4	   0.00006741       -0.00012976
	-4	-3	-4	  -0.00019571        0.00020696
	-3	-3	-4	   0.00036196       -0.00117824
	-2	-3	-4	  -0.00054424        0.00121832
	-1	-3	-4	   0.00060041       -0.00356801
	0	-2	-4	  -0.00257850        0.02252985
	1	-2	-4	   0.00009508        0.00402167
	2	-2	-4	   0.00031918        0.01622061
	3	-2	-4	   0.00041284        0.00220728
	4	-2	-4	   0.00050751        0.00452140
	5	-2	-4	   0.00013253        0.00053854
	-5	-2	-4	  -0.00018738       -0.00006698
	-4	-2	-4	  -0.00119260        0.00130338
	-3	-2	-4	  -0.00064902        0.00019738
	-2	-2	-4	  -0.00327785        0.00941209
	-1	-2	-4	  -0.00069743        0.00252161
	0	-1	-4	  -0.00062208        0.00644202
	1	-1	-4	  -0.00000336       -0.01137963
	2	-1	-4	   0.00002050        0.00397112
	3	-1	-4	  -0.00028871       -0.00464705
	4	-1	-4	   0.00014355        0.00116878
	5	-1	-4	  -0.00007958       -0.00076302
	-5	-1	-4	   0.00013712       -0.00035285
	-4	-1	-4	  -0.00030004        0.00032914
	-3	-1	-4	   0.00067732       -0.00281849
	-2	-1	-4	  -0.00068588        0.00263407
	-1	-1	-4	   0.00107389       -0.00934057
	0	0	-3	  -0.00057756        0.04084834
	1	0	-3	  -0.00191385       -0.01479119
	2	0	-3	   0.00099131        0.01923511
	3	0	-3	  -0.00109809       -0.00570045
	4	0	-3	   0.00057615        0.00391828
	5	0	-3	  -0.00021905       -0.00096933
	6	0	-3	   0.00009279        0.00046369
	-6	0	-3	  -0.00010072        0.00009741
	-5	0	-3	   0.00023432       -0.00011118
	-4	0	-3	  -0.00065403        0.00158974
	-3	0	-3	   0.00119784       -0.00135466
	-2	0	-3	  -0.00146941        0.01457735
	-1	0	-3	   0.00222142       -0.00696390
	0	1	-3	  -0.00135960       -0.00939058
	1	1	-3	  -0.01272544       -0.07545184
	2	1	-3	  -0.00399004       -0.01212643
	3	1	-3	  -0.00705414       -0.02721209
	4	1	-3	  -0.00129141       -0.00355573
	5	1	-3	  -0.00133970       -0.00433768
	6	1	-3	  -0.00018491       -0.00046150
	-6	1	-3	   0.00016305        0.00019712
	-5	1	-3	   0.00102354        0.00013551
	-4	1	-3	   0.00104634        0.00086920
	-3	1	-3	   0.00450894       -0.00532525
	-2	1	-3	   0.00267134        0.00048231
	-1	1	-3	   0.00305030       -0.04559121
	0	2	-3	   0.00066153        0.01602136
	1	2	-3	  -0.00337266       -0.00611071
	2	2	-3	   0.00091114        0.00890656
	3	2	-3	  -0.00146639       -0.00294588
	4	2	-3	   0.00043794        0.00220929
	5	2	-3	  -0.00025756       -0.00055259
	6	2	-3	   0.00007210        0.00026603
	-6	2	-3	  -0.00004322        0.00004777
	-5	2	-3	   0.00005828        0.00004524
	-4	2	-3	  -0.00027905        0.00085217
	-3	2	-3	   0.00001921       -0.00013389
	-2	2	-3	  -0.00027506        0.00666128
	-1	2	-3	  -0.00131756       -0.00222077
	0	3	-3	  -0.00079038       -0.00270196
	1	3	-3	  -0.00606241       -0.01754850
	2	3	-3	  -0.00154410       -0.00370298
	3	3	-3	  -0.00336555       -0.00846424
	4	3	-3	  -0.00059483       -0.00133336
	5	3	-3	  -0.00066975       -0.00157468
	-5	3	-3	   0.00026737        0.00019912
	-4	3	-3	   0.00032289        0.00040373
	-3	3	-3	   0.00062089       -0.00091861
	-2	3	-3	   0.00052125        0.00020633
	-1	3	-3	  -0.00189873       -0.00966741
	0	4	-3	   0.00041128        0.00231164
	1	4	-3	  -0.00103064       -0.00101481
	2	4	-3	   0.00037939        0.00163874
	3	4	-3	  -0.00052476       -0.00065064
	4	4	-3	   0.00015839        0.00051772
	5	4	-3	  -0.00008875       -0.00012491
	-5	4	-3	  -0.00000067        0.00004182
	-4	4	-3	  -0.00003116        0.00015895
	-3	4	-3	  -0.00012980        0.00009696
	-2	4	-3	   0.00009927        0.00110853
	-1	4	-3	  -0.00063849       -0.00027254
	0	5	-3	  -0.00015829       -0.00037723
	1	5	-3	  -0.00109270       -0.00193085
	2	5	-3	  -0.00025356       -0.00051365
	3	5	-3	  -0.00062248       -0.00111407
	4	5	-3	  -0.00009377       -0.00017379
	-4	5	-3	   0.00003174        0.00006379
	-3	5	-3	  -0.00003805       -0.00000785
	-2	5	-3	   0.00003246        0.00002775
	-1	5	-3	  -0.00057236       -0.00094595
	0	6	-3	   0.00006685        0.00021097
	1	6	-3	  -0.00014303       -0.00005340
	2	6	-3	   0.00006283        0.00017572
	-2	6	-3	   0.00001667        0.00008835
	-1	6	-3	  -0.00010756        0.00001374
	0	-6	-3	  -0.00007479        0.00035014
	1	-6	-3	   0.00011166       -0.00030363
	2	-6	-3	  -0.00002158        0.00025865
	-2	-6	-3	  -0.00006773        0.00017128
	-1	-6	-3	   0.00014713       -0.00023650
	0	-5	-3	   0.00017356       -0.00070328
	1	-5	-3	   0.00063707       -0.00363043
	2	-5	-3	  -0.00002238       -0.00074080
	3	-5	-3	   0.00006345       -0.00178802
	4	-5	-3	  -0.00002929       -0.00023714
	-4	-5	-3	   0.00009622        0.00000044
	-3	-5	-3	   0.00064787       -0.00068180
	-2	-5	-3	   0.00026365       -0.00019940
	-1	-5	-3	   0.00115740       -0.00264553
	0	-4	-3	  -0.00048916        0.00319638
	1	-4	-3	   0.00068046       -0.00269602
	2	-4	-3	  -0.00014541        0.00215438
	3	-4	-3	   0.00014696       -0.00131064
	4	-4	-3	   0.00001965        0.00065403
	5	-4	-3	   0.00000312       -0.00021517
	-5	-4	-3	   0.00009120       -0.00004844
	-4	-4	-3	  -0.00016988        0.00029527
	-3	-4	-3	   0.00054192       -0.00056304
	-2	-4	-3	  -0.00042553        0.00162417
	-1	-4	-3	   0.00107260       -0.00195375
	0	-3	-3	   0.00089013       -0.00435315
	1	-3	-3	   0.00240111       -0.02586432
	2	-3	-3	  -0.00045671       -0.00477140
	3	-3	-3	  -0.00044769       -0.01133117
	4	-3	-3	  -0.00030573       -0.00161741
	5	-3	-3	  -0.00024198       -0.00199499
	-5	-3	-3	   0.00069514       -0.00022118
	-4	-3	-3	   0.00061199        0.00011968
	-3	-3	-3	   0.00353874       -0.00378554
	-2	-3	-3	   0.00160864       -0.00086209
	-1	-3	-3	   0.00656480       -0.01798323
	0	-2	-3	  -0.00113962        0.01779110
	1	-2	-3	   0.00150308       -0.01090133
	2	-2	-3	   0.00004287        0.00975967
	3	-2	-3	   0.00004533       -0.00443118
	4	-2	-3	   0.00023291        0.00241075
	5	-2	-3	  -0.00004820       -0.00075829
	6	-2	-3	   0.00003831        0.00029923
	-6	-2	-3	  -0.00007700        0.00008096
	-5	-2	-3	   0.00026764       -0.00016046
	-4	-2	-3	  -0.00048408        0.00105362
	-3	-2	-3	   0.00153092       -0.00161920
	-2	-2	-3	  -0.00114331        0.00751439
	-1	-2	-3	   0.00355818       -0.00701139
	0	-1	-3	   0.00166717       -0.01236450
	1	-1	-3	  -0.00117850       -0.08679726
	2	-1	-3	  -0.00248580       -0.01360441
	3	-1	-3	  -0.00400657       -0.03020648
	4	-1	-3	  -0.00100437       -0.00383775
	5	-1	-3	  -0.00095884       -0.00471189
	6	-1	-3	  -0.00015895       -0.00048701
	-6	-1	-3	   0.00018901        0.00017161
	-5	-1	-3	   0.00140440       -0.00023870
	-4	-1	-3	   0.00133337        0.00058717
	-3	-1	-3	   0.00755652       -0.00831964
	-2	-1	-3	   0.00417555       -0.00099567
	-1	-1	-3	   0.01459725       -0.05693663
	0	0	-2	  -0.00350054        0.24757911
	1	0	-2	   0.00808927        0.04151670
	2	0	-2	   0.02528575        0.13126402
	3	0	-2	   0.00544837        0.01419473
	4	0	-2	   0.00646303        0.02211234
	5	0	-2	   0.00110470        0.00262262
	6	0	-2	   0.00080530        0.00236490
	-6	0	-2	  -0.00082845       -0.00072752
	-5	0	-2	  -0.00111935       -0.00158710
	-4	0	-2	  -0.00673510       -0.00286938
	-3	0	-2	  -0.00555526       -0.00663312
	-2	0	-2	  -0.02758272        0.03119349
	-1	0	-2	  -0.00881100        0.00952744
	0	1	-2	   0.00582416        0.01944493
	1	1	-2	  -0.00813077       -0.06059632
	2	1	-2	   0.00427229        0.01017389
	3	1	-2	  -0.00274254       -0.01353714
	4	1	-2	   0.00125670        0.00265914
	5	1	-2	  -0.00041421       -0.00171230
	6	1	-2	   0.00018143        0.00040357
	-6	1	-2	  -0.00012370       -0.00017399
	-5	1	-2	   0.00028058       -0.00039719
	-4	1	-2	  -0.00070732       -0.00105844
	-3	1	-2	   0.00152773       -0.00545423
	-2	1	-2	  -0.00059487        0.00096124
	-1	1	-2	   0.00214923       -0.04113811
	0	2	-2	   0.01819987        0.06221803
	1	2	-2	   0.00433206        0.01075625
	2	2	-2	   0.01941829        0.04883637
	3	2	-2	   0.00308031        0.00645349
	4	2	-2	   0.00498816        0.01133102
	5	2	-2	   0.00074319        0.00151792
	6	2	-2	   0.00061955        0.00135022
	-6	2	-2	  -0.00038685       -0.00055472
	-5	2	-2	  -0.00059742       -0.00101961
	-4	2	-2	  -0.00251162       -0.00286474
	-3	2	-2	  -0.00226360       -0.00366152
	-2	2	-2	  -0.00358239        0.00530017
	-1	2	-2	  -0.00098105        0.00069954
	0	3	-2	   0.00397356       -0.00017591
	1	3	-2	  -0.00244566       -0.01064409
	2	3	-2	   0.00252305        0.00102361
	3	3	-2	  -0.00124162       -0.00404501
	4	3	-2	   0.00074101        0.00072712
	5	3	-2	  -0.00023663       -0.00065493
	6	3	-2	   0.00009798        0.00013945
	-6	3	-2	  -0.00001733       -0.00007882
	-5	3	-2	   0.00007921       -0.00005710
	-4	3	-2	   0.00002403       -0.00063000
	-3	3	-2	   0.00024398       -0.00123303
	-2	3	-2	   0.00133685       -0.00122167
	-1	3	-2	  -0.00039056       -0.00675414
	0	4	-2	   0.00469411        0.00487561
	1	4	-2	   0.00109970        0.00112909
	2	4	-2	   0.00446509        0.00623402
	3	4	-2	   0.00078725        0.00117751
	4	4	-2	   0.00145412        0.00228070
	5	4	-2	   0.00020895        0.00035575
	-5	4	-2	  -0.00011096       -0.00024977
	-4	4	-2	  -0.00024601       -0.00093732
	-3	4	-2	  -0.00027462       -0.00083239
	-2	4	-2	   0.00086806       -0.00057450
	-1	4	-2	   0.00030719       -0.00037097
	0	5	-2	   0.00080662       -0.00028197
	1	5	-2	  -0.00035144       -0.00110067
	2	5	-2	   0.00059188        0.00004359
	3	5	-2	  -0.00022540       -0.00054550
	4	5	-2	   0.00018454        0.00011797
	-4	5	-2	   0.00004671       -0.00014293
	-3	5	-2	   0.00000665       -0.00010627
	-2	5	-2	   0.00038017       -0.00035714
	-1	5	-2	  -0.00012498       -0.00067201
	0	6	-2	   0.00058634        0.00023121
	1	6	-2	   0.00015186        0.00011540
	2	6	-2	   0.00052996        0.00047726
	3	6	-2	   0.00009766        0.00013632
	-3	6	-2	  -0.00001526       -0.00007742
	-2	6	-2	   0.00019198       -0.00016247
	-1	6	-2	   0.00006738       -0.00004451
	0	-6	-2	  -0.00060949        0.00140617
	1	-6	-2	  -0.00007148        0.00033484
	2	-6	-2	  -0.00020667        0.00120103
	3	-6	-2	   0.00001326        0.00021925
	-3	-6	-2	  -0.00009967        0.00000551
	-2	-6	-2	  -0.00054465        0.00056130
	-1	-6	-2	  -0.00015597        0.00017494
	0	-5	-2	  -0.00082126        0.00131749
	1	-5	-2	   0.00015711       -0.00160034
	2	-5	-2	  -0.00038937        0.00100771
	3	-5	-2	   0.00000578       -0.00077264
	4	-5	-2	  -0.00004961        0.00034803
	-4	-5	-2	  -0.00018744        0.00008713
	-3	-5	-2	   0.00023782       -0.00033342
	-2	-5	-2	  -0.00060108        0.00060697
	-1	-5	-2	   0.00038357       -0.00117169
	0	-4	-2	  -0.00496619        0.01436734
	1	-4	-2	  -0.00033788        0.00254160
	2	-4	-2	  -0.00102434        0.01162765
	3	-4	-2	   0.00026245        0.00169316
	4	-4	-2	   0.00020972        0.00350337
	5	-4	-2	   0.00010806        0.00045487
	-5	-4	-2	  -0.00021185       -0.00015064
	-4	-4	-2	  -0.00149040        0.00028535
	-3	-4	-2	  -0.00079942       -0.00031675
	-2	-4	-2	  -0.00462137        0.00481913
	-1	-4	-2	  -0.00113039        0.00104154
	0	-3	-2	  -0.00408046        0.00773752
	1	-3	-2	   0.00067998       -0.01371521
	2	-3	-2	  -0.00138839        0.00486674
	3	-3	-2	  -0.00015423       -0.00511343
	4	-3	-2	  -0.00003620        0.00149076
	5	-3	-2	  -0.00006678       -0.00082181
	6	-3	-2	   0.00001533        0.00022066
	-6	-3	-2	  -0.00009999        0.00000239
	-5	-3	-2	   0.00024905       -0.00022399
	-4	-3	-2	  -0.00075319        0.00013364
	-3	-3	-2	   0.00133136       -0.00230145
	-2	-3	-2	  -0.00257457        0.00262147
	-1	-3	-2	   0.00273509       -0.00982525
	0	-2	-2	  -0.02049685        0.10023949
	1	-2	-2	   0.00076958        0.01425658
	2	-2	-2	   0.00258310        0.06537781
	3	-2	-2	   0.00221206        0.00730659
	4	-2	-2	   0.00235534        0.01391789
	5	-2	-2	   0.00058822        0.00167018
	6	-2	-2	   0.00037216        0.00159328
	-6	-2	-2	  -0.00063423       -0.00031166
	-5	-2	-2	  -0.00075239       -0.00086735
	-4	-2	-2	  -0.00514445       -0.00027788
	-3	-2	-2	  -0.00313183       -0.00280841
	-2	-2	-2	  -0.02041762        0.02184160
	-1	-2	-2	  -0.00454350        0.00419987
	0	-1	-2	  -0.00654590        0.03159921
	1	-1	-2	  -0.00060625       -0.06798944
	2	-1	-2	   0.00038342        0.01399488
	3	-1	-2	  -0.00123830       -0.01501513
	4	-1	-2	   0.00067663        0.00322907
	5	-1	-2	  -0.00024844       -0.00187516
	6	-1	-2	   0.00011959        0.00046432
	-6	-1	-2	  -0.00018553       -0.00011324
	-5	-1	-2	   0.00044633       -0.00056006
	-4	-1	-2	  -0.00128739       -0.00048851
	-3	-1	-2	   0.00303197       -0.00693220
	-2	-1	-2	  -0.00448375        0.00478223
	-1	-1	-2	   0.00967370       -0.04853117
	0	0	-1	  -0.00261605        0.18502390
	1	0	-1	  -0.01856252       -0.09636229
	2	0	-1	   0.00793853        0.04168735
	3	0	-1	  -0.00345001       -0.01305383
	4	0	-1	   0.00189226        0.00590291
	5	0	-1	  -0.00046607       -0.00143814
	6	0	-1	   0.00025299        0.00068681
	7	0	-1	  -0.00004865       -0.00011897
	-7	0	-1	   0.00004939        0.00006661
	-6	0	-1	  -0.00025872       -0.00028176
	-5	0	-1	   0.00048138        0.00035522
	-4	0	-1	  -0.00195619       -0.00138157
	-3	0	-1	   0.00362968        0.00034684
	-2	0	-1	  -0.00867279        0.01024517
	-1	0	-1	   0.02024877       -0.02289944
	0	1	-1	  -0.01336072       -0.04567489
	1	1	-1	  -0.10485332       -0.26370257
	2	1	-1	  -0.02129560       -0.04570824
	3	1	-1	  -0.02697228       -0.05933987
	4	1	-1	  -0.00361629       -0.00741079
	5	1	-1	  -0.00352480       -0.00738660
	6	1	-1	  -0.00045089       -0.00090181
	-6	1	-1	   0.00038750        0.00068511
	-5	1	-1	   0.00258784        0.00418354
	-4	1	-1	   0.00287459        0.00487525
	-3	1	-1	   0.01611074        0.02220869
	-2	1	-1	   0.01421782        0.02151223
	-1	1	-1	   0.01934388       -0.02861934
	0	2	-1	   0.00571208        0.01999309
	1	2	-1	  -0.01791361       -0.01275359
	2	2	-1	   0.00409940        0.01101932
	3	2	-1	  -0.00452837       -0.00480369
	4	2	-1	   0.00122331        0.00282239
	5	2	-1	  -0.00061311       -0.00073959
	6	2	-1	   0.00018531        0.00038460
	-6	2	-1	  -0.00011982       -0.00019296
	-5	2	-1	   0.00008168        0.00057551
	-4	2	-1	  -0.00074071       -0.00089518
	-3	2	-1	  -0.00025809        0.00327923
	-2	2	-1	  -0.00076774        0.00180667
	-1	2	-1	  -0.00763360        0.00670461
	0	3	-1	  -0.00250115       -0.00380770
	1	3	-1	  -0.02331238       -0.02367654
	2	3	-1	  -0.00484886       -0.00792635
	3	3	-1	  -0.00992285       -0.01318270
	4	3	-1	  -0.00151391       -0.00246759
	5	3	-1	  -0.00171536       -0.00250053
	6	3	-1	  -0.00020774       -0.00034989
	-6	3	-1	   0.00014023        0.00030874
	-5	3	-1	   0.00064789        0.00197267
	-4	3	-1	   0.00082385        0.00195733
	-3	3	-1	   0.00164022        0.00870414
	-2	3	-1	   0.00181252        0.00468239
	-1	3	-1	  -0.00753665        0.00618410
	0	4	-1	   0.00137647        0.00087680
	1	4	-1	  -0.00289070       -0.00034066
	2	4	-1	   0.00105476        0.00117989
	3	4	-1	  -0.00133005       -0.00067619
	4	4	-1	   0.00038006        0.00054836
	5	4	-1	  -0.00023503       -0.00016827
	-5	4	-1	  -0.00001834        0.00024190
	-4	4	-1	  -0.00006353       -0.00029127
	-3	4	-1	  -0.00036400        0.00115237
	-2	4	-1	   0.00034838       -0.00015717
	-1	4	-1	  -0.00181344        0.00169840
	0	5	-1	  -0.00033909       -0.00020076
	1	5	-1	  -0.00288793       -0.00118079
	2	5	-1	  -0.00061910       -0.00079798
	3	5	-1	  -0.00159822       -0.00135915
	4	5	-1	  -0.00025285       -0.00034183
	-4	5	-1	   0.00009675        0.00031989
	-3	5	-1	  -0.00010893        0.00145981
	-2	5	-1	   0.00012039        0.00060176
	-1	5	-1	  -0.00152706        0.00139508
	0	6	-1	   0.00018441        0.00001852
	1	6	-1	  -0.00035086        0.00007287
	2	6	-1	   0.00015708        0.00010950
	3	6	-1	  -0.00017374       -0.00001866
	-3	6	-1	  -0.00007941        0.00015990
	-2	6	-1	   0.00006259       -0.00006935
	-1	6	-1	  -0.00025879        0.00024714
	0	7	-1	  -0.00003551        0.00000908
	0	-7	-1	   0.00003625       -0.00006144
	0	-6	-1	  -0.00019014        0.00038653
	1	-6	-1	   0.00026279       -0.00053006
	2	-6	-1	  -0.00006626        0.00032894
	3	-6	-1	   0.00008095       -0.00026890
	-3	-6	-1	   0.00017528       -0.00009034
	-2	-6	-1	  -0.00016075        0.00015010
	-1	-6	-1	   0.00035486       -0.00035579
	0	-5	-1	   0.00035440       -0.00088215
	1	-5	-1	   0.00158619       -0.00557682
	2	-5	-1	  -0.00011055       -0.00129765
	3	-5	-1	   0.00013155       -0.00305872
	4	-5	-1	  -0.00009424       -0.00049768
	-4	-5	-1	   0.00025536        0.00016405
	-3	-5	-1	   0.00162082       -0.00023977
	-2	-5	-1	   0.00062894        0.00010208
	-1	-5	-1	   0.00294705       -0.00300095
	0	-4	-1	  -0.00144040        0.00364454
	1	-4	-1	   0.00186025       -0.00500867
	2	-4	-1	  -0.00038281        0.00259240
	3	-4	-1	   0.00038105       -0.00235740
	4	-4	-1	   0.00005538        0.00086738
	5	-4	-1	   0.00002085       -0.00041969
	-5	-4	-1	   0.00023755       -0.00000952
	-4	-4	-1	  -0.00038821        0.00002775
	-3	-4	-1	   0.00134708       -0.00052884
	-2	-4	-1	  -0.00108920        0.00125534
	-1	-4	-1	   0.00293750       -0.00296962
	0	-3	-1	   0.00268082       -0.00889929
	1	-3	-1	   0.00822204       -0.05466071
	2	-3	-1	  -0.00172322       -0.01099747
	3	-3	-1	  -0.00145933       -0.02149853
	4	-3	-1	  -0.00080680       -0.00316236
	5	-3	-1	  -0.00062527       -0.00357158
	6	-3	-1	  -0.00013869       -0.00041774
	-6	-3	-1	   0.00020928        0.00024089
	-5	-3	-1	   0.00173796        0.00090161
	-4	-3	-1	   0.00153094        0.00126256
	-3	-3	-1	   0.01010375        0.00038832
	-2	-3	-1	   0.00493813        0.00161127
	-1	-3	-1	   0.02399779       -0.02480007
	0	-2	-1	  -0.00644635        0.03193943
	1	-2	-1	   0.00808026       -0.03829374
	2	-2	-1	   0.00053692        0.01451966
	3	-2	-1	   0.00034738       -0.00959430
	4	-2	-1	   0.00070627        0.00333041
	5	-2	-1	  -0.00007184       -0.00127141
	6	-2	-1	   0.00011615        0.00045255
	-6	-2	-1	  -0.00018898       -0.00012501
	-5	-2	-1	   0.00062294        0.00004370
	-4	-2	-1	  -0.00125775       -0.00038716
	-3	-2	-1	   0.00461764       -0.00151139
	-2	-2	-1	  -0.00433026        0.00530698
	-1	-2	-1	   0.01836021       -0.01883554
	0	-1	-1	   0.01504697       -0.07358684
	1	-1	-1	  -0.01394784       -0.35302165
	2	-1	-1	  -0.01377111       -0.05310135
	3	-1	-1	  -0.01542534       -0.07068530
	4	-1	-1	  -0.00282778       -0.00818552
	5	-1	-1	  -0.00252872       -0.00836528
	6	-1	-1	  -0.00038350       -0.00096803
	-6	-1	-1	   0.00045489        0.00061889
	-5	-1	-1	   0.00358392        0.00320485
	-4	-1	-1	   0.00366308        0.00410051
	-3	-1	-1	   0.02765770        0.01086327
	-2	-1	-1	   0.02174216        0.01411910
	-1	-1	-1	   0.11024936       -0.11793843

n_band : 17,	energy : 0.9415,	occupation : 1.0
	0	0	0	  -0.23399630        0.58110887
	1	0	0	   0.05547956       -0.13777854
	2	0	0	   0.05995501       -0.14889289
	3	0	0	   0.00348275       -0.00864911
	4	0	0	   0.00322388       -0.00800621
	5	0	0	   0.00092702       -0.00230217
	6	0	0	  -0.00002784        0.00006914
	7	0	0	   0.00012214       -0.00030332
	-7	0	0	   0.00012214       -0.00030332
	-6	0	0	  -0.00002784        0.00006914
	-5	0	0	   0.00092702       -0.00230217
	-4	0	0	   0.00322388       -0.00800621
	-3	0	0	   0.00348276       -0.00864911
	-2	0	0	   0.05995500       -0.14889291
	-1	0	0	   0.05547956       -0.13777854
	0	1	0	   0.05547956       -0.13777854
	1	1	0	   0.03394390       -0.08429663
	2	1	0	  -0.00643842        0.01598924
	3	1	0	   0.00417622       -0.01037126
	4	1	0	  -0.00008435        0.00020948
	5	1	0	  -0.00000615        0.00001526
	6	1	0	   0.00006704       -0.00016650
	7	1	0	   0.00001647       -0.00004091
	-7	1	0	   0.00001647       -0.00004091
	-6	1	0	   0.00006704       -0.00016650
	-5	1	0	  -0.00000615        0.00001526
	-4	1	0	  -0.00008435        0.00020948
	-3	1	0	   0.00417622       -0.01037126
	-2	1	0	  -0.00643842        0.01598924
	-1	1	0	   0.03394390       -0.08429663
	0	2	0	   0.05995500       -0.14889291
	1	2	0	  -0.00643842        0.01598924
	2	2	0	   0.02003890       -0.04976481
	3	2	0	   0.00081600       -0.00202647
	4	2	0	   0.00108566       -0.00269613
	5	2	0	   0.00057267       -0.00142218
	6	2	0	  -0.00003539        0.00008789
	-6	2	0	  -0.00003539        0.00008789
	-5	2	0	   0.00057267       -0.00142218
	-4	2	0	   0.00108566       -0.00269613
	-3	2	0	   0.00081600       -0.00202647
	-2	2	0	   0.02003890       -0.04976481
	-1	2	0	  -0.00643842        0.01598924
	0	3	0	   0.00348276       -0.00864911
	1	3	0	   0.00417622       -0.01037126
	2	3	0	   0.00081600       -0.00202647
	3	3	0	   0.00033056       -0.00082091
	4	3	0	   0.00035378       -0.00087858
	5	3	0	  -0.00002831        0.00007032
	6	3	0	   0.00003491       -0.00008670
	-6	3	0	   0.00003491       -0.00008670
	-5	3	0	  -0.00002831        0.00007032
	-4	3	0	   0.00035378       -0.00087858
	-3	3	0	   0.00033056       -0.00082091
	-2	3	0	   0.00081600       -0.00202647
	-1	3	0	   0.00417622       -0.01037126
	0	4	0	   0.00322388       -0.00800621
	1	4	0	  -0.00008435        0.00020948
	2	4	0	   0.00108566       -0.00269613
	3	4	0	   0.00035378       -0.00087858
	4	4	0	  -0.00001159        0.00002878
	5	4	0	   0.00013831       -0.00034348
	-5	4	0	   0.00013831       -0.00034348
	-4	4	0	  -0.00001159        0.00002878
	-3	4	0	   0.00035378       -0.00087858
	-2	4	0	   0.00108566       -0.00269613
	-1	4	0	  -0.00008435        0.00020948
	0	5	0	   0.00092702       -0.00230217
	1	5	0	  -0.00000615        0.00001526
	2	5	0	   0.00057267       -0.00142218
	3	5	0	  -0.00002831        0.00007032
	4	5	0	   0.00013831       -0.00034348
	5	5	0	   0.00001197       -0.00002974
	-5	5	0	   0.00001197       -0.00002974
	-4	5	0	   0.00013831       -0.00034348
	-3	5	0	  -0.00002831        0.00007032
	-2	5	0	   0.00057267       -0.00142218
	-1	5	0	  -0.00000615        0.00001526
	0	6	0	  -0.00002784        0.00006914
	1	6	0	   0.00006704       -0.00016650
	2	6	0	  -0.00003539        0.00008789
	3	6	0	   0.00003491       -0.00008670
	-3	6	0	   0.00003491       -0.00008670
	-2	6	0	  -0.00003539        0.00008789
	-1	6	0	   0.00006704       -0.00016650
	0	7	0	   0.00012214       -0.00030332
	1	7	0	   0.00001647       -0.00004091
	-1	7	0	   0.00001647       -0.00004091
	0	-7	0	   0.00012214       -0.00030332
	1	-7	0	   0.00001647       -0.00004091
	-1	-7	0	   0.00001647       -0.00004091
	0	-6	0	  -0.00002784        0.00006914
	1	-6	0	   0.00006704       -0.00016650
	2	-6	0	  -0.00003539        0.00008789
	3	-6	0	   0.00003491       -0.00008670
	-3	-6	0	   0.00003491       -0.00008670
	-2	-6	0	  -0.00003539        0.00008789
	-1	-6	0	   0.00006704       -0.00016650
	0	-5	0	   0.00092702       -0.00230217
	1	-5	0	  -0.00000615        0.00001526
	2	-5	0	   0.00057267       -0.00142218
	3	-5	0	  -0.00002831        0.00007032
	4	-5	0	   0.00013831       -0.00034348
	5	-5	0	   0.00001197       -0.00002974
	-5	-5	0	   0.00001197       -0.00002974
	-4	-5	0	   0.00013831       -0.00034348
	-3	-5	0	  -0.00002831        0.00007032
	-2	-5	0	   0.00057267       -0.00142218
	-1	-5	0	  -0.00000615        0.00001526
	0	-4	0	   0.00322388       -0.00800621
	1	-4	0	  -0.00008435        0.00020948
	2	-4	0	   0.00108566       -0.00269613
	3	-4	0	   0.00035378       -0.00087858
	4	-4	0	  -0.00001159        0.00002878
	5	-4	0	   0.00013831       -0.00034348
	-5	-4	0	   0.00013831       -0.00034348
	-4	-4	0	  -0.00001159        0.00002878
	-3	-4	0	   0.00035378       -0.00087858
	-2	-4	0	   0.00108566       -0.00269613
	-1	-4	0	  -0.00008435        0.00020948
	0	-3	0	   0.00348276       -0.00864911
	1	-3	0	   0.00417622       -0.01037126
	2	-3	0	   0.00081600       -0.00202647
	3	-3	0	   0.00033056       -0.00082091
	4	-3	0	   0.00035378       -0.00087858
	5	-3	0	  -0.00002831        0.00007032
	6	-3	0	   0.00003491       -0.00008670
	-6	-3	0	   0.00003491       -0.00008670
	-5	-3	0	  -0.00002831        0.00007032
	-4	-3	0	   0.00035378       -0.00087858
	-3	-3	0	   0.00033056       -0.00082091
	-2	-3	0	   0.00081600       -0.00202647
	-1	-3	0	   0.00417622       -0.01037126
	0	-2	0	   0.05995500       -0.14889291
	1	-2	0	  -0.00643842        0.01598924
	2	-2	0	   0.02003890       -0.04976481
	3	-2	0	   0.00081600       -0.00202647
	4	-2	0	   0.00108566       -0.00269613
	5	-2	0	   0.00057267       -0.00142218
	6	-2	0	  -0.00003539        0.00008789
	-6	-2	0	  -0.00003539        0.00008789
	-5	-2	0	   0.00057267       -0.00142218
	-4	-2	0	   0.00108566       -0.00269613
	-3	-2	0	   0.00081600       -0.00202647
	-2	-2	0	   0.02003890       -0.04976481
	-1	-2	0	  -0.00643842        0.01598924
	0	-1	0	   0.05547956       -0.13777854
	1	-1	0	   0.03394390       -0.08429663
	2	-1	0	  -0.00643842        0.01598924
	3	-1	0	   0.00417622       -0.01037126
	4	-1	0	  -0.00008435        0.00020948
	5	-1	0	  -0.00000615        0.00001526
	6	-1	0	   0.00006704       -0.00016650
	7	-1	0	   0.00001647       -0.00004091
	-7	-1	0	   0.00001647       -0.00004091
	-6	-1	0	   0.00006704       -0.00016650
	-5	-1	0	  -0.00000615        0.00001526
	-4	-1	0	  -0.00008435        0.00020948
	-3	-1	0	   0.00417622       -0.01037126
	-2	-1	0	  -0.00643842        0.01598924
	-1	-1	0	   0.03394390       -0.08429663
	0	0	1	   0.05547956       -0.13777854
	1	0	1	   0.03394390       -0.08429663
	2	0	1	  -0.00643842        0.01598924
	3	0	1	   0.00417622       -0.01037126
	4	0	1	  -0.00008435        0.00020948
	5	0	1	  -0.00000615        0.00001526
	6	0	1	   0.00006704       -0.00016650
	7	0	1	   0.00001647       -0.00004091
	-7	0	1	   0.00001647       -0.00004091
	-6	0	1	   0.00006704       -0.00016650
	-5	0	1	  -0.00000615        0.00001526
	-4	0	1	  -0.00008435        0.00020948
	-3	0	1	   0.00417622       -0.01037126
	-2	0	1	  -0.00643842        0.01598924
	-1	0	1	   0.03394390       -0.08429663
	0	1	1	   0.03394390       -0.08429663
	1	1	1	  -0.06663435        0.16548046
	2	1	1	   0.00336904       -0.00836671
	3	1	1	  -0.00885138        0.02198160
	4	1	1	  -0.00104059        0.00258422
	5	1	1	  -0.00009587        0.00023810
	6	1	1	  -0.00026951        0.00066931
	-6	1	1	  -0.00026951        0.00066931
	-5	1	1	  -0.00009587        0.00023810
	-4	1	1	  -0.00104059        0.00258422
	-3	1	1	  -0.00885138        0.02198160
	-2	1	1	   0.00336904       -0.00836671
	-1	1	1	  -0.06663435        0.16548046
	0	2	1	  -0.00643842        0.01598924
	1	2	1	   0.00336904       -0.00836671
	2	2	1	  -0.00370460        0.00920005
	3	2	1	   0.00037565       -0.00093291
	4	2	1	   0.00002017       -0.00005009
	5	2	1	  -0.00011786        0.00029270
	6	2	1	   0.00002350       -0.00005837
	-6	2	1	   0.00002350       -0.00005837
	-5	2	1	  -0.00011786        0.00029270
	-4	2	1	   0.00002017       -0.00005009
	-3	2	1	   0.00037566       -0.00093291
	-2	2	1	  -0.00370460        0.00920005
	-1	2	1	   0.00336904       -0.00836671
	0	3	1	   0.00417622       -0.01037126
	1	3	1	  -0.00885138        0.02198160
	2	3	1	   0.00037566       -0.00093291
	3	3	1	  -0.00129517        0.00321644
	4	3	1	  -0.00053705        0.00133373
	5	3	1	   0.00003260       -0.00008096
	6	3	1	  -0.00011533        0.00028642
	-6	3	1	  -0.00011533        0.00028642
	-5	3	1	   0.00003260       -0.00008096
	-4	3	1	  -0.00053705        0.00133373
	-3	3	1	  -0.00129517        0.00321643
	-2	3	1	   0.00037565       -0.00093291
	-1	3	1	  -0.00885138        0.02198160
	0	4	1	  -0.00008435        0.00020948
	1	4	1	  -0.00104059        0.00258422
	2	4	1	   0.00002017       -0.00005009
	3	4	1	  -0.00053705        0.00133373
	4	4	1	   0.00003458       -0.00008587
	5	4	1	  -0.00008331        0.00020691
	-5	4	1	  -0.00008331        0.00020691
	-4	4	1	   0.00003458       -0.00008587
	-3	4	1	  -0.00053705        0.00133373
	-2	4	1	   0.00002017       -0.00005009
	-1	4	1	  -0.00104059        0.00258422
	0	5	1	  -0.00000615        0.00001526
	1	5	1	  -0.00009587        0.00023810
	2	5	1	  -0.00011786        0.00029270
	3	5	1	   0.00003260       -0.00008096
	4	5	1	  -0.00008331        0.00020691
	-4	5	1	  -0.00008331        0.00020691
	-3	5	1	   0.00003260       -0.00008096
	-2	5	1	  -0.00011786        0.00029270
	-1	5	1	  -0.00009587        0.00023810
	0	6	1	   0.00006704       -0.00016650
	1	6	1	  -0.00026951        0.00066931
	2	6	1	   0.00002350       -0.00005837
	3	6	1	  -0.00011533        0.00028642
	-3	6	1	  -0.00011533        0.00028642
	-2	6	1	   0.00002350       -0.00005837
	-1	6	1	  -0.00026951        0.00066931
	0	7	1	   0.00001647       -0.00004091
	0	-7	1	   0.00001647       -0.00004091
	0	-6	1	   0.00006704       -0.00016650
	1	-6	1	  -0.00026951        0.00066931
	2	-6	1	   0.00002350       -0.00005837
	3	-6	1	  -0.00011533        0.00028642
	-3	-6	1	  -0.00011533        0.00028642
	-2	-6	1	   0.00002350       -0.00005837
	-1	-6	1	  -0.00026951        0.00066931
	0	-5	1	  -0.00000615        0.00001526
	1	-5	1	  -0.00009587        0.00023810
	2	-5	1	  -0.00011786        0.00029270
	3	-5	1	   0.00003260       -0.00008096
	4	-5	1	  -0.00008331        0.00020691
	-4	-5	1	  -0.00008331        0.00020691
	-3	-5	1	   0.00003260       -0.00008096
	-2	-5	1	  -0.00011786        0.00029270
	-1	-5	1	  -0.00009587        0.00023810
	0	-4	1	  -0.00008435        0.00020948
	1	-4	1	  -0.00104059        0.00258422
	2	-4	1	   0.00002017       -0.00005009
	3	-4	1	  -0.00053705        0.00133373
	4	-4	1	   0.00003458       -0.00008587
	5	-4	1	  -0.00008331        0.00020691
	-5	-4	1	  -0.00008331        0.00020691
	-4	-4	1	   0.00003458       -0.00008587
	-3	-4	1	  -0.00053705        0.00133373
	-2	-4	1	   0.00002017       -0.00005009
	-1	-4	1	  -0.00104059        0.00258422
	0	-3	1	   0.00417622       -0.01037126
	1	-3	1	  -0.00885138        0.02198160
	2	-3	1	   0.00037566       -0.00093291
	3	-3	1	  -0.00129517        0.00321643
	4	-3	1	  -0.00053705        0.00133373
	5	-3	1	   0.00003260       -0.00008096
	6	-3	1	  -0.00011533        0.00028642
	-6	-3	1	  -0.00011533        0.00028642
	-5	-3	1	   0.00003260       -0.00008096
	-4	-3	1	  -0.00053705        0.00133373
	-3	-3	1	  -0.00129517        0.00321644
	-2	-3	1	   0.00037566       -0.00093291
	-1	-3	1	  -0.00885138        0.02198160
	0	-2	1	  -0.00643842        0.01598924
	1	-2	1	   0.00336904       -0.00836671
	2	-2	1	  -0.00370460        0.00920005
	3	-2	1	   0.00037565       -0.00093291
	4	-2	1	   0.00002017       -0.00005010
	5	-2	1	  -0.00011786        0.00029270
	6	-2	1	   0.00002350       -0.00005837
	-6	-2	1	   0.00002350       -0.00005837
	-5	-2	1	  -0.00011786        0.00029270
	-4	-2	1	   0.00002017       -0.00005009
	-3	-2	1	   0.00037565       -0.00093291
	-2	-2	1	  -0.00370460        0.00920005
	-1	-2	1	   0.00336904       -0.00836671
	0	-1	1	   0.03394390       -0.08429663
	1	-1	1	  -0.06663435        0.16548046
	2	-1	1	   0.00336904       -0.00836671
	3	-1	1	  -0.00885138        0.02198160
	4	-1	1	  -0.00104059        0.00258422
	5	-1	1	  -0.00009587        0.00023810
	6	-1	1	  -0.00026951        0.00066931
	-6	-1	1	  -0.00026951        0.00066931
	-5	-1	1	  -0.00009587        0.00023810
	-4	-1	1	  -0.00104059        0.00258422
	-3	-1	1	  -0.00885138        0.02198160
	-2	-1	1	   0.00336904       -0.00836671
	-1	-1	1	  -0.06663435        0.16548046
	0	0	2	   0.05995501       -0.14889291
	1	0	2	  -0.00643842        0.01598924
	2	0	2	   0.02003890       -0.04976481
	3	0	2	   0.00081600       -0.00202647
	4	0	2	   0.00108566       -0.00269613
	5	0	2	   0.00057267       -0.00142218
	6	0	2	  -0.00003539        0.00008789
	-6	0	2	  -0.00003539        0.00008789
	-5	0	2	   0.00057267       -0.00142218
	-4	0	2	   0.00108566       -0.00269613
	-3	0	2	   0.00081600       -0.00202647
	-2	0	2	   0.02003890       -0.04976481
	-1	0	2	  -0.00643842        0.01598924
	0	1	2	  -0.00643842        0.01598924
	1	1	2	   0.00336904       -0.00836671
	2	1	2	  -0.00370460        0.00920005
	3	1	2	   0.00037566       -0.00093291
	4	1	2	   0.00002017       -0.00005009
	5	1	2	  -0.00011786        0.00029270
	6	1	2	   0.00002350       -0.00005837
	-6	1	2	   0.00002350       -0.00005837
	-5	1	2	  -0.00011786        0.00029270
	-4	1	2	   0.00002017       -0.00005009
	-3	1	2	   0.00037566       -0.00093291
	-2	1	2	  -0.00370460        0.00920005
	-1	1	2	   0.00336904       -0.00836671
	0	2	2	   0.02003890       -0.04976481
	1	2	2	  -0.00370460        0.00920005
	2	2	2	   0.00740165       -0.01838133
	3	2	2	   0.00039363       -0.00097755
	4	2	2	   0.00030483       -0.00075701
	5	2	2	   0.00035801       -0.00088909
	6	2	2	  -0.00002729        0.00006778
	-6	2	2	  -0.00002729        0.00006778
	-5	2	2	   0.00035801       -0.00088909
	-4	2	2	   0.00030483       -0.00075701
	-3	2	2	   0.00039363       -0.00097755
	-2	2	2	   0.00740165       -0.01838133
	-1	2	2	  -0.00370460        0.00920005
	0	3	2	   0.00081600       -0.00202647
	1	3	2	   0.00037566       -0.00093291
	2	3	2	   0.00039363       -0.00097755
	3	3	2	  -0.00023159        0.00057513
	4	3	2	   0.00022046       -0.00054748
	5	3	2	  -0.00004975        0.00012355
	6	3	2	   0.00001263       -0.00003137
	-6	3	2	   0.00001263       -0.00003137
	-5	3	2	  -0.00004975        0.00012355
	-4	3	2	   0.00022046       -0.00054748
	-3	3	2	  -0.00023159        0.00057513
	-2	3	2	   0.00039363       -0.00097755
	-1	3	2	   0.00037566       -0.00093291
	0	4	2	   0.00108566       -0.00269613
	1	4	2	   0.00002017       -0.00005009
	2	4	2	   0.00030483       -0.00075701
	3	4	2	   0.00022046       -0.00054748
	4	4	2	  -0.00004068        0.00010103
	5	4	2	   0.00007904       -0.00019630
	-5	4	2	   0.00007904       -0.00019630
	-4	4	2	  -0.00004068        0.00010103
	-3	4	2	   0.00022045       -0.00054748
	-2	4	2	   0.00030483       -0.00075701
	-1	4	2	   0.00002017       -0.00005009
	0	5	2	   0.00057267       -0.00142218
	1	5	2	  -0.00011786        0.00029270
	2	5	2	   0.00035801       -0.00088909
	3	5	2	  -0.00004975        0.00012355
	4	5	2	   0.00007904       -0.00019630
	-4	5	2	   0.00007904       -0.00019630
	-3	5	2	  -0.00004975        0.00012355
	-2	5	2	   0.00035801       -0.00088909
	-1	5	2	  -0.00011786        0.00029270
	0	6	2	  -0.00003539        0.00008789
	1	6	2	   0.00002350       -0.00005837
	2	6	2	  -0.00002729        0.00006778
	3	6	2	   0.00001263       -0.00003137
	-3	6	2	   0.00001263       -0.00003137
	-2	6	2	  -0.00002729        0.00006778
	-1	6	2	   0.00002350       -0.00005837
	0	-6	2	  -0.00003539        0.00008789
	1	-6	2	   0.00002350       -0.00005837
	2	-6	2	  -0.00002729        0.00006778
	3	-6	2	   0.00001263       -0.00003137
	-3	-6	2	   0.00001263       -0.00003137
	-2	-6	2	  -0.00002729        0.00006778
	-1	-6	2	   0.00002350       -0.00005837
	0	-5	2	   0.00057267       -0.00142218
	1	-5	2	  -0.00011786        0.00029270
	2	-5	2	   0.00035801       -0.00088909
	3	-5	2	  -0.00004975        0.00012355
	4	-5	2	   0.00007904       -0.00019630
	-4	-5	2	   0.00007904       -0.00019630
	-3	-5	2	  -0.00004975        0.00012355
	-2	-5	2	   0.00035801       -0.00088909
	-1	-5	2	  -0.00011786        0.00029270
	0	-4	2	   0.00108566       -0.00269613
	1	-4	2	   0.00002017       -0.00005009
	2	-4	2	   0.00030483       -0.00075701
	3	-4	2	   0.00022046       -0.00054748
	4	-4	2	  -0.00004068        0.00010103
	5	-4	2	   0.00007904       -0.00019630
	-5	-4	2	   0.00007904       -0.00019630
	-4	-4	2	  -0.00004068        0.00010103
	-3	-4	2	   0.00022046       -0.00054748
	-2	-4	2	   0.00030483       -0.00075701
	-1	-4	2	   0.00002017       -0.00005009
	0	-3	2	   0.00081600       -0.00202647
	1	-3	2	   0.00037566       -0.00093291
	2	-3	2	   0.00039363       -0.00097755
	3	-3	2	  -0.00023159        0.00057513
	4	-3	2	   0.00022046       -0.00054748
	5	-3	2	  -0.00004975        0.00012355
	6	-3	2	   0.00001263       -0.00003137
	-6	-3	2	   0.00001263       -0.00003137
	-5	-3	2	  -0.00004975        0.00012355
	-4	-3	2	   0.00022046       -0.00054748
	-3	-3	2	  -0.00023159        0.00057513
	-2	-3	2	   0.00039363       -0.00097755
	-1	-3	2	   0.00037565       -0.00093291
	0	-2	2	   0.02003890       -0.04976481
	1	-2	2	  -0.00370460        0.00920005
	2	-2	2	   0.00740165       -0.01838133
	3	-2	2	   0.00039363       -0.00097755
	4	-2	2	   0.00030483       -0.00075701
	5	-2	2	   0.00035801       -0.00088909
	6	-2	2	  -0.00002729        0.00006778
	-6	-2	2	  -0.00002729        0.00006778
	-5	-2	2	   0.00035801       -0.00088909
	-4	-2	2	   0.00030483       -0.00075701
	-3	-2	2	   0.00039363       -0.00097755
	-2	-2	2	   0.00740165       -0.01838133
	-1	-2	2	  -0.00370460        0.00920005
	0	-1	2	  -0.00643842        0.01598924
	1	-1	2	   0.00336904       -0.00836671
	2	-1	2	  -0.00370460        0.00920005
	3	-1	2	   0.00037565       -0.00093291
	4	-1	2	   0.00002017       -0.00005010
	5	-1	2	  -0.00011786        0.00029270
	6	-1	2	   0.00002350       -0.00005837
	-6	-1	2	   0.00002350       -0.00005837
	-5	-1	2	  -0.00011786        0.00029270
	-4	-1	2	   0.00002017       -0.00005009
	-3	-1	2	   0.00037566       -0.00093291
	-2	-1	2	  -0.00370460        0.00920005
	-1	-1	2	   0.00336904       -0.00836671
	0	0	3	   0.00348276       -0.00864911
	1	0	3	   0.00417622       -0.01037126
	2	0	3	   0.00081600       -0.00202647
	3	0	3	   0.00033056       -0.00082091
	4	0	3	   0.00035378       -0.00087858
	5	0	3	  -0.00002831        0.00007032
	6	0	3	   0.00003491       -0.00008670
	-6	0	3	   0.00003491       -0.00008670
	-5	0	3	  -0.00002831        0.00007032
	-4	0	3	   0.00035378       -0.00087858
	-3	0	3	   0.00033056       -0.00082091
	-2	0	3	   0.00081600       -0.00202647
	-1	0	3	   0.00417622       -0.01037126
	0	1	3	   0.00417622       -0.01037126
	1	1	3	  -0.00885138        0.02198160
	2	1	3	   0.00037566       -0.00093291
	3	1	3	  -0.00129517        0.00321644
	4	1	3	  -0.00053705        0.00133373
	5	1	3	   0.00003260       -0.00008096
	6	1	3	  -0.00011533        0.00028642
	-6	1	3	  -0.00011533        0.00028642
	-5	1	3	   0.00003260       -0.00008096
	-4	1	3	  -0.00053705        0.00133373
	-3	1	3	  -0.00129517        0.00321643
	-2	1	3	   0.00037565       -0.00093291
	-1	1	3	  -0.00885138        0.02198160
	0	2	3	   0.00081600       -0.00202647
	1	2	3	   0.00037566       -0.00093291
	2	2	3	   0.00039363       -0.00097755
	3	2	3	  -0.00023159        0.00057513
	4	2	3	   0.00022046       -0.00054748
	5	2	3	  -0.00004975        0.00012355
	6	2	3	   0.00001263       -0.00003137
	-6	2	3	   0.00001263       -0.00003137
	-5	2	3	  -0.00004975        0.00012355
	-4	2	3	   0.00022046       -0.00054748
	-3	2	3	  -0.00023159        0.00057513
	-2	2	3	   0.00039363       -0.00097755
	-1	2	3	   0.00037566       -0.00093291
	0	3	3	   0.00033056       -0.00082091
	1	3	3	  -0.00129517        0.00321643
	2	3	3	  -0.00023159        0.00057513
	3	3	3	  -0.00010714        0.00026608
	4	3	3	  -0.00024442        0.00060698
	5	3	3	   0.00001746       -0.00004335
	-5	3	3	   0.00001746       -0.00004335
	-4	3	3	  -0.00024442        0.00060698
	-3	3	3	  -0.00010714        0.00026608
	-2	3	3	  -0.00023159        0.00057513
	-1	3	3	  -0.00129517        0.00321644
	0	4	3	   0.00035378       -0.00087858
	1	4	3	  -0.00053705        0.00133373
	2	4	3	   0.00022046       -0.00054748
	3	4	3	  -0.00024442        0.00060698
	4	4	3	   0.00004050       -0.00010057
	5	4	3	  -0.00002572        0.00006389
	-5	4	3	  -0.00002572        0.00006389
	-4	4	3	   0.00004050       -0.00010057
	-3	4	3	  -0.00024442        0.00060698
	-2	4	3	   0.00022045       -0.00054748
	-1	4	3	  -0.00053705        0.00133373
	0	5	3	  -0.00002831        0.00007032
	1	5	3	   0.00003260       -0.00008096
	2	5	3	  -0.00004975        0.00012355
	3	5	3	   0.00001746       -0.00004335
	4	5	3	  -0.00002572        0.00006389
	-4	5	3	  -0.00002572        0.00006389
	-3	5	3	   0.00001746       -0.00004335
	-2	5	3	  -0.00004975        0.00012355
	-1	5	3	   0.00003260       -0.00008096
	0	6	3	   0.00003491       -0.00008670
	1	6	3	  -0.00011533        0.00028642
	2	6	3	   0.00001263       -0.00003137
	-2	6	3	   0.00001263       -0.00003137
	-1	6	3	  -0.00011533        0.00028642
	0	-6	3	   0.00003491       -0.00008670
	1	-6	3	  -0.00011533        0.00028642
	2	-6	3	   0.00001263       -0.00003137
	-2	-6	3	   0.00001263       -0.00003137
	-1	-6	3	  -0.00011533        0.00028642
	0	-5	3	  -0.00002831        0.00007032
	1	-5	3	   0.00003260       -0.00008096
	2	-5	3	  -0.00004975        0.00012355
	3	-5	3	   0.00001746       -0.00004335
	4	-5	3	  -0.00002572        0.00006389
	-4	-5	3	  -0.00002572        0.00006389
	-3	-5	3	   0.00001746       -0.00004335
	-2	-5	3	  -0.00004975        0.00012355
	-1	-5	3	   0.00003260       -0.00008096
	0	-4	3	   0.00035378       -0.00087858
	1	-4	3	  -0.00053705        0.00133373
	2	-4	3	   0.00022046       -0.00054748
	3	-4	3	  -0.00024442        0.00060698
	4	-4	3	   0.00004050       -0.00010057
	5	-4	3	  -0.00002572        0.00006389
	-5	-4	3	  -0.00002572        0.00006389
	-4	-4	3	   0.00004050       -0.00010057
	-3	-4	3	  -0.00024442        0.00060698
	-2	-4	3	   0.00022046       -0.00054748
	-1	-4	3	  -0.00053705        0.00133373
	0	-3	3	   0.00033056       -0.00082091
	1	-3	3	  -0.00129517        0.00321644
	2	-3	3	  -0.00023159        0.00057513
	3	-3	3	  -0.00010714        0.00026608
	4	-3	3	  -0.00024442        0.00060698
	5	-3	3	   0.00001746       -0.00004335
	-5	-3	3	   0.00001746       -0.00004335
	-4	-3	3	  -0.00024442        0.00060698
	-3	-3	3	  -0.00010714        0.00026608
	-2	-3	3	  -0.00023159        0.00057513
	-1	-3	3	  -0.00129517        0.00321644
	0	-2	3	   0.00081600       -0.00202647
	1	-2	3	   0.00037566       -0.00093291
	2	-2	3	   0.00039363       -0.00097755
	3	-2	3	  -0.00023159        0.00057513
	4	-2	3	   0.00022046       -0.00054748
	5	-2	3	  -0.00004975        0.00012355
	6	-2	3	   0.00001263       -0.00003137
	-6	-2	3	   0.00001263       -0.00003137
	-5	-2	3	  -0.00004975        0.00012355
	-4	-2	3	   0.00022046       -0.00054748
	-3	-2	3	  -0.00023159        0.00057513
	-2	-2	3	   0.00039363       -0.00097755
	-1	-2	3	   0.00037565       -0.00093291
	0	-1	3	   0.00417622       -0.01037126
	1	-1	3	  -0.00885138        0.02198160
	2	-1	3	   0.00037566       -0.00093291
	3	-1	3	  -0.00129517        0.00321643
	4	-1	3	  -0.00053705        0.00133373
	5	-1	3	   0.00003260       -0.00008096
	6	-1	3	  -0.00011533        0.00028642
	-6	-1	3	  -0.00011533        0.00028642
	-5	-1	3	   0.00003260       -0.00008096
	-4	-1	3	  -0.00053705        0.00133373
	-3	-1	3	  -0.00129517        0.00321643
	-2	-1	3	   0.00037566       -0.00093291
	-1	-1	3	  -0.00885138        0.02198160
	0	0	4	   0.00322388       -0.00800621
	1	0	4	  -0.00008435        0.00020948
	2	0	4	   0.00108566       -0.00269613
	3	0	4	   0.00035378       -0.00087858
	4	0	4	  -0.00001159        0.00002878
	5	0	4	   0.00013831       -0.00034348
	-5	0	4	   0.00013831       -0.00034348
	-4	0	4	  -0.00001159        0.00002878
	-3	0	4	   0.00035378       -0.00087858
	-2	0	4	   0.00108566       -0.00269613
	-1	0	4	  -0.00008435        0.00020948
	0	1	4	  -0.00008435        0.00020948
	1	1	4	  -0.00104059        0.00258422
	2	1	4	   0.00002017       -0.00005009
	3	1	4	  -0.00053705        0.00133373
	4	1	4	   0.00003458       -0.00008587
	5	1	4	  -0.00008331        0.00020691
	-5	1	4	  -0.00008331        0.00020691
	-4	1	4	   0.00003458       -0.00008587
	-3	1	4	  -0.00053705        0.00133373
	-2	1	4	   0.00002017       -0.00005009
	-1	1	4	  -0.00104059        0.00258422
	0	2	4	   0.00108566       -0.00269613
	1	2	4	   0.00002017       -0.00005009
	2	2	4	   0.00030483       -0.00075701
	3	2	4	   0.00022046       -0.00054748
	4	2	4	  -0.00004068        0.00010103
	5	2	4	   0.00007904       -0.00019630
	-5	2	4	   0.00007904       -0.00019630
	-4	2	4	  -0.00004068        0.00010103
	-3	2	4	   0.00022046       -0.00054748
	-2	2	4	   0.00030483       -0.00075701
	-1	2	4	   0.00002017       -0.00005009
	0	3	4	   0.00035378       -0.00087858
	1	3	4	  -0.00053705        0.00133373
	2	3	4	   0.00022046       -0.00054748
	3	3	4	  -0.00024442        0.00060698
	4	3	4	   0.00004050       -0.00010057
	5	3	4	  -0.00002572        0.00006389
	-5	3	4	  -0.00002572        0.00006389
	-4	3	4	   0.00004050       -0.00010057
	-3	3	4	  -0.00024442        0.00060698
	-2	3	4	   0.00022045       -0.00054748
	-1	3	4	  -0.00053705        0.00133373
	0	4	4	  -0.00001159        0.00002878
	1	4	4	   0.00003458       -0.00008587
	2	4	4	  -0.00004068        0.00010103
	3	4	4	   0.00004050       -0.00010057
	4	4	4	  -0.00001089        0.00002704
	-4	4	4	  -0.00001089        0.00002704
	-3	4	4	   0.00004050       -0.00010057
	-2	4	4	  -0.00004068        0.00010103
	-1	4	4	   0.00003458       -0.00008587
	0	5	4	   0.00013831       -0.00034348
	1	5	4	  -0.00008331        0.00020691
	2	5	4	   0.00007904       -0.00019630
	3	5	4	  -0.00002572        0.00006389
	-3	5	4	  -0.00002572        0.00006389
	-2	5	4	   0.00007904       -0.00019630
	-1	5	4	  -0.00008331        0.00020691
	0	-5	4	   0.00013831       -0.00034348
	1	-5	4	  -0.00008331        0.00020691
	2	-5	4	   0.00007904       -0.00019630
	3	-5	4	  -0.00002572        0.00006389
	-3	-5	4	  -0.00002572        0.00006389
	-2	-5	4	   0.00007904       -0.00019630
	-1	-5	4	  -0.00008331        0.00020691
	0	-4	4	  -0.00001159        0.00002878
	1	-4	4	   0.00003458       -0.00008587
	2	-4	4	  -0.00004068        0.00010103
	3	-4	4	   0.00004050       -0.00010057
	4	-4	4	  -0.00001089        0.00002704
	-4	-4	4	  -0.00001089        0.00002704
	-3	-4	4	   0.00004050       -0.00010057
	-2	-4	4	  -0.00004068        0.00010103
	-1	-4	4	   0.00003458       -0.00008587
	0	-3	4	   0.00035378       -0.00087858
	1	-3	4	  -0.00053705        0.00133373
	2	-3	4	   0.00022046       -0.00054748
	3	-3	4	  -0.00024442        0.00060698
	4	-3	4	   0.00004050       -0.00010057
	5	-3	4	  -0.00002572        0.00006389
	-5	-3	4	  -0.00002572        0.00006389
	-4	-3	4	   0.00004050       -0.00010057
	-3	-3	4	  -0.00024442        0.00060698
	-2	-3	4	   0.00022046       -0.00054748
	-1	-3	4	  -0.00053705        0.00133373
	0	-2	4	   0.00108566       -0.00269613
	1	-2	4	   0.00002017       -0.00005009
	2	-2	4	   0.00030483       -0.00075701
	3	-2	4	   0.00022046       -0.00054748
	4	-2	4	  -0.00004068        0.00010103
	5	-2	4	   0.00007904       -0.00019630
	-5	-2	4	   0.00007904       -0.00019630
	-4	-2	4	  -0.00004068        0.00010103
	-3	-2	4	   0.00022046       -0.00054748
	-2	-2	4	   0.00030483       -0.00075701
	-1	-2	4	   0.00002017       -0.00005009
	0	-1	4	  -0.00008435        0.00020948
	1	-1	4	  -0.00104059        0.00258422
	2	-1	4	   0.00002017       -0.00005009
	3	-1	4	  -0.00053705        0.00133373
	4	-1	4	   0.00003458       -0.00008587
	5	-1	4	  -0.00008331        0.00020691
	-5	-1	4	  -0.00008331        0.00020691
	-4	-1	4	   0.00003458       -0.00008587
	-3	-1	4	  -0.00053705        0.00133373
	-2	-1	4	   0.00002017       -0.00005009
	-1	-1	4	  -0.00104059        0.00258422
	0	0	5	   0.00092702       -0.00230217
	1	0	5	  -0.00000615        0.00001526
	2	0	5	   0.00057267       -0.00142218
	3	0	5	  -0.00002831        0.00007032
	4	0	5	   0.00013831       -0.00034348
	5	0	5	   0.00001197       -0.00002974
	-5	0	5	   0.00001197       -0.00002974
	-4	0	5	   0.00013831       -0.00034348
	-3	0	5	  -0.00002831        0.00007032
	-2	0	5	   0.00057267       -0.00142218
	-1	0	5	  -0.00000615        0.00001526
	0	1	5	  -0.00000615        0.00001526
	1	1	5	  -0.00009587        0.00023810
	2	1	5	  -0.00011786        0.00029270
	3	1	5	   0.00003260       -0.00008096
	4	1	5	  -0.00008331        0.00020691
	-4	1	5	  -0.00008331        0.00020691
	-3	1	5	   0.00003260       -0.00008096
	-2	1	5	  -0.00011786        0.00029270
	-1	1	5	  -0.00009587        0.00023810
	0	2	5	   0.00057267       -0.00142218
	1	2	5	  -0.00011786        0.00029270
	2	2	5	   0.00035801       -0.00088909
	3	2	5	  -0.00004975        0.00012355
	4	2	5	   0.00007904       -0.00019630
	-4	2	5	   0.00007904       -0.00019630
	-3	2	5	  -0.00004975        0.00012355
	-2	2	5	   0.00035801       -0.00088909
	-1	2	5	  -0.00011786        0.00029270
	0	3	5	  -0.00002831        0.00007032
	1	3	5	   0.00003260       -0.00008096
	2	3	5	  -0.00004975        0.00012355
	3	3	5	   0.00001746       -0.00004335
	4	3	5	  -0.00002572        0.00006389
	-4	3	5	  -0.00002572        0.00006389
	-3	3	5	   0.00001746       -0.00004335
	-2	3	5	  -0.00004975        0.00012355
	-1	3	5	   0.00003260       -0.00008096
	0	4	5	   0.00013831       -0.00034348
	1	4	5	  -0.00008331        0.00020691
	2	4	5	   0.00007904       -0.00019630
	3	4	5	  -0.00002572        0.00006389
	-3	4	5	  -0.00002572        0.00006389
	-2	4	5	   0.00007904       -0.00019630
	-1	4	5	  -0.00008331        0.00020691
	0	5	5	   0.00001197       -0.00002974
	0	-5	5	   0.00001197       -0.00002974
	0	-4	5	   0.00013831       -0.00034348
	1	-4	5	  -0.00008331        0.00020691
	2	-4	5	   0.00007904       -0.00019630
	3	-4	5	  -0.00002572        0.00006389
	-3	-4	5	  -0.00002572        0.00006389
	-2	-4	5	   0.00007904       -0.00019630
	-1	-4	5	  -0.00008331        0.00020691
	0	-3	5	  -0.00002831        0.00007032
	1	-3	5	   0.00003260       -0.00008096
	2	-3	5	  -0.00004975        0.00012355
	3	-3	5	   0.00001746       -0.00004335
	4	-3	5	  -0.00002572        0.00006389
	-4	-3	5	  -0.00002572        0.00006389
	-3	-3	5	   0.00001746       -0.00004335
	-2	-3	5	  -0.00004975        0.00012355
	-1	-3	5	   0.00003260       -0.00008096
	0	-2	5	   0.00057267       -0.00142218
	1	-2	5	  -0.00011786        0.00029270
	2	-2	5	   0.00035801       -0.00088909
	3	-2	5	  -0.00004975        0.00012355
	4	-2	5	   0.00007904       -0.00019630
	-4	-2	5	   0.00007904       -0.00019630
	-3	-2	5	  -0.00004975        0.00012355
	-2	-2	5	   0.00035801       -0.00088909
	-1	-2	5	  -0.00011786        0.00029270
	0	-1	5	  -0.00000615        0.00001526
	1	-1	5	  -0.00009587        0.00023810
	2	-1	5	  -0.00011786        0.00029270
	3	-1	5	   0.00003260       -0.00008096
	4	-1	5	  -0.00008331        0.00020691
	-4	-1	5	  -0.00008332        0.00020691
	-3	-1	5	   0.00003260       -0.00008096
	-2	-1	5	  -0.00011786        0.00029270
	-1	-1	5	  -0.00009587        0.00023810
	0	0	6	  -0.00002784        0.00006914
	1	0	6	   0.00006704       -0.00016650
	2	0	6	  -0.00003539        0.00008789
	3	0	6	   0.00003491       -0.00008670
	-3	0	6	   0.00003491       -0.00008670
	-2	0	6	  -0.00003539        0.00008789
	-1	0	6	   0.00006704       -0.00016650
	0	1	6	   0.00006704       -0.00016650
	1	1	6	  -0.00026951        0.00066931
	2	1	6	   0.00002350       -0.00005837
	3	1	6	  -0.00011533        0.00028642
	-3	1	6	  -0.00011533        0.00028642
	-2	1	6	   0.00002350       -0.00005837
	-1	1	6	  -0.00026951        0.00066931
	0	2	6	  -0.00003539        0.00008789
	1	2	6	   0.00002350       -0.00005837
	2	2	6	  -0.00002729        0.00006778
	3	2	6	   0.00001263       -0.00003137
	-3	2	6	   0.00001263       -0.00003137
	-2	2	6	  -0.00002729        0.00006778
	-1	2	6	   0.00002350       -0.00005837
	0	3	6	   0.00003491       -0.00008670
	1	3	6	  -0.00011533        0.00028642
	2	3	6	   0.00001263       -0.00003137
	-2	3	6	   0.00001263       -0.00003137
	-1	3	6	  -0.00011533        0.00028642
	0	-3	6	   0.00003491       -0.00008670
	1	-3	6	  -0.00011533        0.00028642
	2	-3	6	   0.00001263       -0.00003137
	-2	-3	6	   0.00001263       -0.00003137
	-1	-3	6	  -0.00011533        0.00028642
	0	-2	6	  -0.00003539        0.00008789
	1	-2	6	   0.00002350       -0.00005837
	2	-2	6	  -0.00002729        0.00006778
	3	-2	6	   0.00001263       -0.00003137
	-3	-2	6	   0.00001263       -0.00003137
	-2	-2	6	  -0.00002729        0.00006778
	-1	-2	6	   0.00002350       -0.00005837
	0	-1	6	   0.00006704       -0.00016650
	1	-1	6	  -0.00026951        0.00066931
	2	-1	6	   0.00002350       -0.00005837
	3	-1	6	  -0.00011533        0.00028642
	-3	-1	6	  -0.00011533        0.00028642
	-2	-1	6	   0.00002350       -0.00005837
	-1	-1	6	  -0.00026951        0.00066931
	0	0	7	   0.00012214       -0.00030332
	1	0	7	   0.00001647       -0.00004091
	-1	0	7	   0.00001647       -0.00004091
	0	1	7	   0.00001647       -0.00004091
	0	-1	7	   0.00001647       -0.00004091
	0	0	-7	   0.00012214       -0.00030332
	1	0	-7	   0.00001647       -0.00004091
	-1	0	-7	   0.00001647       -0.00004091
	0	1	-7	   0.00001647       -0.00004091
	0	-1	-7	   0.00001647       -0.00004091
	0	0	-6	  -0.00002784        0.00006914
	1	0	-6	   0.00006704       -0.00016650
	2	0	-6	  -0.00003539        0.00008789
	3	0	-6	   0.00003491       -0.00008670
	-3	0	-6	   0.00003491       -0.00008670
	-2	0	-6	  -0.00003539        0.00008789
	-1	0	-6	   0.00006704       -0.00016650
	0	1	-6	   0.00006704       -0.00016650
	1	1	-6	  -0.00026951        0.00066931
	2	1	-6	   0.00002350       -0.00005837
	3	1	-6	  -0.00011533        0.00028642
	-3	1	-6	  -0.00011533        0.00028642
	-2	1	-6	   0.00002350       -0.00005837
	-1	1	-6	  -0.00026951        0.00066931
	0	2	-6	  -0.00003539        0.00008789
	1	2	-6	   0.00002350       -0.00005837
	2	2	-6	  -0.00002729        0.00006778
	3	2	-6	   0.00001263       -0.00003137
	-3	2	-6	   0.00001263       -0.00003137
	-2	2	-6	  -0.00002729        0.00006778
	-1	2	-6	   0.00002350       -0.00005837
	0	3	-6	   0.00003491       -0.00008670
	1	3	-6	  -0.00011533        0.00028642
	2	3	-6	   0.00001263       -0.00003137
	-2	3	-6	   0.00001263       -0.00003137
	-1	3	-6	  -0.00011533        0.00028642
	0	-3	-6	   0.00003491       -0.00008670
	1	-3	-6	  -0.00011533        0.00028642
	2	-3	-6	   0.00001263       -0.00003137
	-2	-3	-6	   0.00001263       -0.00003137
	-1	-3	-6	  -0.00011533        0.00028642
	0	-2	-6	  -0.00003539        0.00008789
	1	-2	-6	   0.00002350       -0.00005837
	2	-2	-6	  -0.00002729        0.00006778
	3	-2	-6	   0.00001263       -0.00003137
	-3	-2	-6	   0.00001263       -0.00003137
	-2	-2	-6	  -0.00002729        0.00006778
	-1	-2	-6	   0.00002350       -0.00005837
	0	-1	-6	   0.00006704       -0.00016650
	1	-1	-6	  -0.00026951        0.00066931
	2	-1	-6	   0.00002350       -0.00005837
	3	-1	-6	  -0.00011533        0.00028642
	-3	-1	-6	  -0.00011533        0.00028642
	-2	-1	-6	   0.00002350       -0.00005837
	-1	-1	-6	  -0.00026951        0.00066931
	0	0	-5	   0.00092702       -0.00230217
	1	0	-5	  -0.00000615        0.00001526
	2	0	-5	   0.00057267       -0.00142218
	3	0	-5	  -0.00002831        0.00007032
	4	0	-5	   0.00013831       -0.00034348
	5	0	-5	   0.00001197       -0.00002974
	-5	0	-5	   0.00001197       -0.00002974
	-4	0	-5	   0.00013831       -0.00034348
	-3	0	-5	  -0.00002831        0.00007032
	-2	0	-5	   0.00057267       -0.00142218
	-1	0	-5	  -0.00000615        0.00001526
	0	1	-5	  -0.00000615        0.00001526
	1	1	-5	  -0.00009587        0.00023810
	2	1	-5	  -0.00011786        0.00029270
	3	1	-5	   0.00003260       -0.00008096
	4	1	-5	  -0.00008331        0.00020691
	-4	1	-5	  -0.00008331        0.00020691
	-3	1	-5	   0.00003260       -0.00008096
	-2	1	-5	  -0.00011786        0.00029270
	-1	1	-5	  -0.00009587        0.00023810
	0	2	-5	   0.00057267       -0.00142218
	1	2	-5	  -0.00011786        0.00029270
	2	2	-5	   0.00035801       -0.00088909
	3	2	-5	  -0.00004975        0.00012355
	4	2	-5	   0.00007904       -0.00019630
	-4	2	-5	   0.00007904       -0.00019630
	-3	2	-5	  -0.00004975        0.00012355
	-2	2	-5	   0.00035801       -0.00088909
	-1	2	-5	  -0.00011786        0.00029270
	0	3	-5	  -0.00002831        0.00007032
	1	3	-5	   0.00003260       -0.00008096
	2	3	-5	  -0.00004975        0.00012355
	3	3	-5	   0.00001746       -0.00004335
	4	3	-5	  -0.00002572        0.00006389
	-4	3	-5	  -0.00002572        0.00006389
	-3	3	-5	   0.00001746       -0.00004335
	-2	3	-5	  -0.00004975        0.00012355
	-1	3	-5	   0.00003260       -0.00008096
	0	4	-5	   0.00013831       -0.00034348
	1	4	-5	  -0.00008331        0.00020691
	2	4	-5	   0.00007904       -0.00019630
	3	4	-5	  -0.00002572        0.00006389
	-3	4	-5	  -0.00002573        0.00006389
	-2	4	-5	   0.00007904       -0.00019630
	-1	4	-5	  -0.00008331        0.00020691
	0	5	-5	   0.00001197       -0.00002974
	0	-5	-5	   0.00001197       -0.00002974
	0	-4	-5	   0.00013831       -0.00034348
	1	-4	-5	  -0.00008331        0.00020691
	2	-4	-5	   0.00007904       -0.00019630
	3	-4	-5	  -0.00002572        0.00006389
	-3	-4	-5	  -0.00002572        0.00006389
	-2	-4	-5	   0.00007904       -0.00019630
	-1	-4	-5	  -0.00008331        0.00020691
	0	-3	-5	  -0.00002831        0.00007032
	1	-3	-5	   0.00003260       -0.00008096
	2	-3	-5	  -0.00004975        0.00012355
	3	-3	-5	   0.00001746       -0.00004335
	4	-3	-5	  -0.00002572        0.00006389
	-4	-3	-5	  -0.00002572        0.00006389
	-3	-3	-5	   0.00001746       -0.00004335
	-2	-3	-5	  -0.00004975        0.00012355
	-1	-3	-5	   0.00003260       -0.00008096
	0	-2	-5	   0.00057267       -0.00142218
	1	-2	-5	  -0.00011786        0.00029270
	2	-2	-5	   0.00035801       -0.00088909
	3	-2	-5	  -0.00004975        0.00012355
	4	-2	-5	   0.00007904       -0.00019630
	-4	-2	-5	   0.00007904       -0.00019630
	-3	-2	-5	  -0.00004975        0.00012355
	-2	-2	-5	   0.00035801       -0.00088909
	-1	-2	-5	  -0.00011786        0.00029270
	0	-1	-5	  -0.00000615        0.00001526
	1	-1	-5	  -0.00009587        0.00023810
	2	-1	-5	  -0.00011786        0.00029270
	3	-1	-5	   0.00003260       -0.00008096
	4	-1	-5	  -0.00008331        0.00020691
	-4	-1	-5	  -0.00008331        0.00020691
	-3	-1	-5	   0.00003260       -0.00008096
	-2	-1	-5	  -0.00011786        0.00029270
	-1	-1	-5	  -0.00009587        0.00023810
	0	0	-4	   0.00322388       -0.00800621
	1	0	-4	  -0.00008435        0.00020948
	2	0	-4	   0.00108566       -0.00269613
	3	0	-4	   0.00035378       -0.00087858
	4	0	-4	  -0.00001159        0.00002878
	5	0	-4	   0.00013831       -0.00034348
	-5	0	-4	   0.00013831       -0.00034348
	-4	0	-4	  -0.00001159        0.00002878
	-3	0	-4	   0.00035378       -0.00087858
	-2	0	-4	   0.00108566       -0.00269613
	-1	0	-4	  -0.00008435        0.00020948
	0	1	-4	  -0.00008435        0.00020948
	1	1	-4	  -0.00104059        0.00258422
	2	1	-4	   0.00002017       -0.00005009
	3	1	-4	  -0.00053705        0.00133373
	4	1	-4	   0.00003458       -0.00008587
	5	1	-4	  -0.00008331        0.00020691
	-5	1	-4	  -0.00008331        0.00020691
	-4	1	-4	   0.00003458       -0.00008587
	-3	1	-4	  -0.00053705        0.00133373
	-2	1	-4	   0.00002017       -0.00005009
	-1	1	-4	  -0.00104059        0.00258422
	0	2	-4	   0.00108566       -0.00269613
	1	2	-4	   0.00002017       -0.00005009
	2	2	-4	   0.00030483       -0.00075701
	3	2	-4	   0.00022046       -0.00054748
	4	2	-4	  -0.00004068        0.00010103
	5	2	-4	   0.00007904       -0.00019630
	-5	2	-4	   0.00007904       -0.00019630
	-4	2	-4	  -0.00004068        0.00010103
	-3	2	-4	   0.00022046       -0.00054748
	-2	2	-4	   0.00030483       -0.00075701
	-1	2	-4	   0.00002017       -0.00005009
	0	3	-4	   0.00035378       -0.00087858
	1	3	-4	  -0.00053705        0.00133373
	2	3	-4	   0.00022046       -0.00054748
	3	3	-4	  -0.00024442        0.00060698
	4	3	-4	   0.00004050       -0.00010057
	5	3	-4	  -0.00002572        0.00006389
	-5	3	-4	  -0.00002572        0.00006389
	-4	3	-4	   0.00004050       -0.00010057
	-3	3	-4	  -0.00024442        0.00060698
	-2	3	-4	   0.00022046       -0.00054748
	-1	3	-4	  -0.00053705        0.00133373
	0	4	-4	  -0.00001159        0.00002878
	1	4	-4	   0.00003458       -0.00008587
	2	4	-4	  -0.00004068        0.00010103
	3	4	-4	   0.00004050       -0.00010057
	4	4	-4	  -0.00001089        0.00002704
	-4	4	-4	  -0.00001089        0.00002704
	-3	4	-4	   0.00004050       -0.00010057
	-2	4	-4	  -0.00004068        0.00010103
	-1	4	-4	   0.00003458       -0.00008587
	0	5	-4	   0.00013831       -0.00034348
	1	5	-4	  -0.00008331        0.00020691
	2	5	-4	   0.00007904       -0.00019630
	3	5	-4	  -0.00002572        0.00006389
	-3	5	-4	  -0.00002572        0.00006389
	-2	5	-4	   0.00007904       -0.00019630
	-1	5	-4	  -0.00008331        0.00020691
	0	-5	-4	   0.00013831       -0.00034348
	1	-5	-4	  -0.00008331        0.00020691
	2	-5	-4	   0.00007904       -0.00019630
	3	-5	-4	  -0.00002572        0.00006389
	-3	-5	-4	  -0.00002572        0.00006389
	-2	-5	-4	   0.00007904       -0.00019630
	-1	-5	-4	  -0.00008331        0.00020691
	0	-4	-4	  -0.00001159        0.00002878
	1	-4	-4	   0.00003458       -0.00008587
	2	-4	-4	  -0.00004068        0.00010103
	3	-4	-4	   0.00004050       -0.00010057
	4	-4	-4	  -0.00001089        0.00002704
	-4	-4	-4	  -0.00001089        0.00002704
	-3	-4	-4	   0.00004050       -0.00010057
	-2	-4	-4	  -0.00004068        0.00010103
	-1	-4	-4	   0.00003458       -0.00008587
	0	-3	-4	   0.00035378       -0.00087858
	1	-3	-4	  -0.00053705        0.00133373
	2	-3	-4	   0.00022045       -0.00054748
	3	-3	-4	  -0.00024442        0.00060698
	4	-3	-4	   0.00004050       -0.00010057
	5	-3	-4	  -0.00002572        0.00006389
	-5	-3	-4	  -0.00002572        0.00006389
	-4	-3	-4	   0.00004050       -0.00010057
	-3	-3	-4	  -0.00024442        0.00060698
	-2	-3	-4	   0.00022045       -0.00054748
	-1	-3	-4	  -0.00053705        0.00133373
	0	-2	-4	   0.00108566       -0.00269613
	1	-2	-4	   0.00002017       -0.00005009
	2	-2	-4	   0.00030483       -0.00075701
	3	-2	-4	   0.00022045       -0.00054748
	4	-2	-4	  -0.00004068        0.00010103
	5	-2	-4	   0.00007904       -0.00019630
	-5	-2	-4	   0.00007904       -0.00019630
	-4	-2	-4	  -0.00004068        0.00010103
	-3	-2	-4	   0.00022045       -0.00054748
	-2	-2	-4	   0.00030483       -0.00075701
	-1	-2	-4	   0.00002017       -0.00005009
	0	-1	-4	  -0.00008435        0.00020948
	1	-1	-4	  -0.00104059        0.00258422
	2	-1	-4	   0.00002017       -0.00005009
	3	-1	-4	  -0.00053705        0.00133373
	4	-1	-4	   0.00003458       -0.00008587
	5	-1	-4	  -0.00008331        0.00020691
	-5	-1	-4	  -0.00008331        0.00020691
	-4	-1	-4	   0.00003458       -0.00008587
	-3	-1	-4	  -0.00053705        0.00133373
	-2	-1	-4	   0.00002017       -0.00005009
	-1	-1	-4	  -0.00104059        0.00258422
	0	0	-3	   0.00348275       -0.00864911
	1	0	-3	   0.00417622       -0.01037126
	2	0	-3	   0.00081600       -0.00202647
	3	0	-3	   0.00033056       -0.00082091
	4	0	-3	   0.00035378       -0.00087858
	5	0	-3	  -0.00002831        0.00007032
	6	0	-3	   0.00003491       -0.00008670
	-6	0	-3	   0.00003491       -0.00008670
	-5	0	-3	  -0.00002831        0.00007032
	-4	0	-3	   0.00035378       -0.00087858
	-3	0	-3	   0.00033056       -0.00082091
	-2	0	-3	   0.00081600       -0.00202647
	-1	0	-3	   0.00417622       -0.01037126
	0	1	-3	   0.00417622       -0.01037126
	1	1	-3	  -0.00885138        0.02198160
	2	1	-3	   0.00037566       -0.00093291
	3	1	-3	  -0.00129517        0.00321644
	4	1	-3	  -0.00053705        0.00133373
	5	1	-3	   0.00003260       -0.00008096
	6	1	-3	  -0.00011533        0.00028642
	-6	1	-3	  -0.00011533        0.00028642
	-5	1	-3	   0.00003260       -0.00008096
	-4	1	-3	  -0.00053705        0.00133373
	-3	1	-3	  -0.00129517        0.00321644
	-2	1	-3	   0.00037566       -0.00093291
	-1	1	-3	  -0.00885138        0.02198160
	0	2	-3	   0.00081600       -0.00202647
	1	2	-3	   0.00037566       -0.00093290
	2	2	-3	   0.00039363       -0.00097755
	3	2	-3	  -0.00023159        0.00057513
	4	2	-3	   0.00022046       -0.00054748
	5	2	-3	  -0.00004975        0.00012355
	6	2	-3	   0.00001263       -0.00003137
	-6	2	-3	   0.00001263       -0.00003137
	-5	2	-3	  -0.00004975        0.00012355
	-4	2	-3	   0.00022046       -0.00054748
	-3	2	-3	  -0.00023159        0.00057513
	-2	2	-3	   0.00039363       -0.00097755
	-1	2	-3	   0.00037565       -0.00093291
	0	3	-3	   0.00033056       -0.00082091
	1	3	-3	  -0.00129517        0.00321644
	2	3	-3	  -0.00023159        0.00057513
	3	3	-3	  -0.00010714        0.00026608
	4	3	-3	  -0.00024442        0.00060698
	5	3	-3	   0.00001746       -0.00004335
	-5	3	-3	   0.00001746       -0.00004335
	-4	3	-3	  -0.00024442        0.00060698
	-3	3	-3	  -0.00010714        0.00026608
	-2	3	-3	  -0.00023159        0.00057513
	-1	3	-3	  -0.00129517        0.00321644
	0	4	-3	   0.00035378       -0.00087858
	1	4	-3	  -0.00053705        0.00133373
	2	4	-3	   0.00022046       -0.00054748
	3	4	-3	  -0.00024442        0.00060698
	4	4	-3	   0.00004050       -0.00010057
	5	4	-3	  -0.00002572        0.00006389
	-5	4	-3	  -0.00002572        0.00006389
	-4	4	-3	   0.00004050       -0.00010057
	-3	4	-3	  -0.00024442        0.00060698
	-2	4	-3	   0.00022046       -0.00054748
	-1	4	-3	  -0.00053705        0.00133373
	0	5	-3	  -0.00002831        0.00007032
	1	5	-3	   0.00003260       -0.00008096
	2	5	-3	  -0.00004975        0.00012355
	3	5	-3	   0.00001746       -0.00004335
	4	5	-3	  -0.00002572        0.00006389
	-4	5	-3	  -0.00002572        0.00006389
	-3	5	-3	   0.00001746       -0.00004335
	-2	5	-3	  -0.00004975        0.00012355
	-1	5	-3	   0.00003260       -0.00008096
	0	6	-3	   0.00003491       -0.00008670
	1	6	-3	  -0.00011533        0.00028642
	2	6	-3	   0.00001263       -0.00003137
	-2	6	-3	   0.00001263       -0.00003137
	-1	6	-3	  -0.00011533        0.00028642
	0	-6	-3	   0.00003491       -0.00008670
	1	-6	-3	  -0.00011533        0.00028642
	2	-6	-3	   0.00001263       -0.00003137
	-2	-6	-3	   0.00001263       -0.00003137
	-1	-6	-3	  -0.00011533        0.00028642
	0	-5	-3	  -0.00002831        0.00007032
	1	-5	-3	   0.00003260       -0.00008096
	2	-5	-3	  -0.00004975        0.00012355
	3	-5	-3	   0.00001746       -0.00004335
	4	-5	-3	  -0.00002572        0.00006389
	-4	-5	-3	  -0.00002572        0.00006389
	-3	-5	-3	   0.00001746       -0.00004335
	-2	-5	-3	  -0.00004975        0.00012355
	-1	-5	-3	   0.00003260       -0.00008096
	0	-4	-3	   0.00035378       -0.00087858
	1	-4	-3	  -0.00053705        0.00133373
	2	-4	-3	   0.00022045       -0.00054748
	3	-4	-3	  -0.00024442        0.00060698
	4	-4	-3	   0.00004050       -0.00010057
	5	-4	-3	  -0.00002572        0.00006389
	-5	-4	-3	  -0.00002572        0.00006389
	-4	-4	-3	   0.00004050       -0.00010057
	-3	-4	-3	  -0.00024442        0.00060698
	-2	-4	-3	   0.00022045       -0.00054748
	-1	-4	-3	  -0.00053705        0.00133373
	0	-3	-3	   0.00033056       -0.00082091
	1	-3	-3	  -0.00129517        0.00321644
	2	-3	-3	  -0.00023159        0.00057513
	3	-3	-3	  -0.00010714        0.00026608
	4	-3	-3	  -0.00024442        0.00060698
	5	-3	-3	   0.00001746       -0.00004335
	-5	-3	-3	   0.00001746       -0.00004335
	-4	-3	-3	  -0.00024442        0.00060698
	-3	-3	-3	  -0.00010714        0.00026608
	-2	-3	-3	  -0.00023159        0.00057513
	-1	-3	-3	  -0.00129517        0.00321644
	0	-2	-3	   0.00081600       -0.00202647
	1	-2	-3	   0.00037566       -0.00093291
	2	-2	-3	   0.00039363       -0.00097755
	3	-2	-3	  -0.00023159        0.00057513
	4	-2	-3	   0.00022045       -0.00054748
	5	-2	-3	  -0.00004975        0.00012355
	6	-2	-3	   0.00001263       -0.00003137
	-6	-2	-3	   0.00001263       -0.00003137
	-5	-2	-3	  -0.00004975        0.00012355
	-4	-2	-3	   0.00022045       -0.00054748
	-3	-2	-3	  -0.00023159        0.00057513
	-2	-2	-3	   0.00039363       -0.00097755
	-1	-2	-3	   0.00037565       -0.00093291
	0	-1	-3	   0.00417622       -0.01037126
	1	-1	-3	  -0.00885138        0.02198160
	2	-1	-3	   0.00037565       -0.00093291
	3	-1	-3	  -0.00129517        0.00321644
	4	-1	-3	  -0.00053705        0.00133373
	5	-1	-3	   0.00003260       -0.00008096
	6	-1	-3	  -0.00011533        0.00028642
	-6	-1	-3	  -0.00011533        0.00028642
	-5	-1	-3	   0.00003260       -0.00008096
	-4	-1	-3	  -0.00053705        0.00133373
	-3	-1	-3	  -0.00129517        0.00321644
	-2	-1	-3	   0.00037565       -0.00093291
	-1	-1	-3	  -0.00885138        0.02198160
	0	0	-2	   0.05995500       -0.14889289
	1	0	-2	  -0.00643842        0.01598924
	2	0	-2	   0.02003890       -0.04976481
	3	0	-2	   0.00081600       -0.00202647
	4	0	-2	   0.00108566       -0.00269613
	5	0	-2	   0.00057267       -0.00142218
	6	0	-2	  -0.00003539        0.00008789
	-6	0	-2	  -0.00003539        0.00008789
	-5	0	-2	   0.00057267       -0.00142218
	-4	0	-2	   0.00108566       -0.00269613
	-3	0	-2	   0.00081600       -0.00202647
	-2	0	-2	   0.02003890       -0.04976481
	-1	0	-2	  -0.00643842        0.01598924
	0	1	-2	  -0.00643842        0.01598924
	1	1	-2	   0.00336904       -0.00836671
	2	1	-2	  -0.00370460        0.00920005
	3	1	-2	   0.00037566       -0.00093291
	4	1	-2	   0.00002017       -0.00005009
	5	1	-2	  -0.00011786        0.00029270
	6	1	-2	   0.00002350       -0.00005837
	-6	1	-2	   0.00002350       -0.00005837
	-5	1	-2	  -0.00011786        0.00029270
	-4	1	-2	   0.00002017       -0.00005009
	-3	1	-2	   0.00037566       -0.00093290
	-2	1	-2	  -0.00370460        0.00920005
	-1	1	-2	   0.00336904       -0.00836671
	0	2	-2	   0.02003890       -0.04976481
	1	2	-2	  -0.00370460        0.00920005
	2	2	-2	   0.00740165       -0.01838133
	3	2	-2	   0.00039363       -0.00097755
	4	2	-2	   0.00030483       -0.00075701
	5	2	-2	   0.00035801       -0.00088909
	6	2	-2	  -0.00002729        0.00006778
	-6	2	-2	  -0.00002729        0.00006778
	-5	2	-2	   0.00035801       -0.00088909
	-4	2	-2	   0.00030483       -0.00075701
	-3	2	-2	   0.00039363       -0.00097755
	-2	2	-2	   0.00740165       -0.01838133
	-1	2	-2	  -0.00370460        0.00920005
	0	3	-2	   0.00081600       -0.00202647
	1	3	-2	   0.00037566       -0.00093291
	2	3	-2	   0.00039363       -0.00097755
	3	3	-2	  -0.00023159        0.00057513
	4	3	-2	   0.00022046       -0.00054748
	5	3	-2	  -0.00004975        0.00012355
	6	3	-2	   0.00001263       -0.00003137
	-6	3	-2	   0.00001263       -0.00003137
	-5	3	-2	  -0.00004975        0.00012355
	-4	3	-2	   0.00022046       -0.00054748
	-3	3	-2	  -0.00023159        0.00057513
	-2	3	-2	   0.00039363       -0.00097755
	-1	3	-2	   0.00037565       -0.00093291
	0	4	-2	   0.00108566       -0.00269613
	1	4	-2	   0.00002017       -0.00005009
	2	4	-2	   0.00030483       -0.00075701
	3	4	-2	   0.00022046       -0.00054748
	4	4	-2	  -0.00004068        0.00010103
	5	4	-2	   0.00007904       -0.00019630
	-5	4	-2	   0.00007904       -0.00019630
	-4	4	-2	  -0.00004068        0.00010103
	-3	4	-2	   0.00022045       -0.00054748
	-2	4	-2	   0.00030483       -0.00075701
	-1	4	-2	   0.00002017       -0.00005009
	0	5	-2	   0.00057267       -0.00142218
	1	5	-2	  -0.00011786        0.00029270
	2	5	-2	   0.00035801       -0.00088909
	3	5	-2	  -0.00004975        0.00012355
	4	5	-2	   0.00007904       -0.00019630
	-4	5	-2	   0.00007904       -0.00019630
	-3	5	-2	  -0.00004975        0.00012355
	-2	5	-2	   0.00035801       -0.00088909
	-1	5	-2	  -0.00011786        0.00029270
	0	6	-2	  -0.00003539        0.00008789
	1	6	-2	   0.00002350       -0.00005837
	2	6	-2	  -0.00002729        0.00006778
	3	6	-2	   0.00001263       -0.00003137
	-3	6	-2	   0.00001263       -0.00003137
	-2	6	-2	  -0.00002729        0.00006778
	-1	6	-2	   0.00002350       -0.00005837
	0	-6	-2	  -0.00003539        0.00008789
	1	-6	-2	   0.00002350       -0.00005837
	2	-6	-2	  -0.00002729        0.00006778
	3	-6	-2	   0.00001263       -0.00003137
	-3	-6	-2	   0.00001263       -0.00003137
	-2	-6	-2	  -0.00002729        0.00006778
	-1	-6	-2	   0.00002350       -0.00005837
	0	-5	-2	   0.00057267       -0.00142218
	1	-5	-2	  -0.00011786        0.00029270
	2	-5	-2	   0.00035801       -0.00088909
	3	-5	-2	  -0.00004975        0.00012355
	4	-5	-2	   0.00007904       -0.00019630
	-4	-5	-2	   0.00007904       -0.00019630
	-3	-5	-2	  -0.00004975        0.00012355
	-2	-5	-2	   0.00035801       -0.00088909
	-1	-5	-2	  -0.00011786        0.00029270
	0	-4	-2	   0.00108566       -0.00269613
	1	-4	-2	   0.00002017       -0.00005009
	2	-4	-2	   0.00030483       -0.00075701
	3	-4	-2	   0.00022045       -0.00054748
	4	-4	-2	  -0.00004068        0.00010103
	5	-4	-2	   0.00007904       -0.00019630
	-5	-4	-2	   0.00007904       -0.00019630
	-4	-4	-2	  -0.00004068        0.00010103
	-3	-4	-2	   0.00022045       -0.00054748
	-2	-4	-2	   0.00030483       -0.00075701
	-1	-4	-2	   0.00002017       -0.00005009
	0	-3	-2	   0.00081600       -0.00202647
	1	-3	-2	   0.00037566       -0.00093291
	2	-3	-2	   0.00039363       -0.00097755
	3	-3	-2	  -0.00023159        0.00057513
	4	-3	-2	   0.00022045       -0.00054748
	5	-3	-2	  -0.00004975        0.00012355
	6	-3	-2	   0.00001263       -0.00003137
	-6	-3	-2	   0.00001263       -0.00003137
	-5	-3	-2	  -0.00004975        0.00012355
	-4	-3	-2	   0.00022045       -0.00054748
	-3	-3	-2	  -0.00023159        0.00057513
	-2	-3	-2	   0.00039363       -0.00097755
	-1	-3	-2	   0.00037566       -0.00093291
	0	-2	-2	   0.02003890       -0.04976481
	1	-2	-2	  -0.00370460        0.00920005
	2	-2	-2	   0.00740165       -0.01838133
	3	-2	-2	   0.00039363       -0.00097755
	4	-2	-2	   0.00030483       -0.00075701
	5	-2	-2	   0.00035801       -0.00088909
	6	-2	-2	  -0.00002729        0.00006778
	-6	-2	-2	  -0.00002729        0.00006778
	-5	-2	-2	   0.00035801       -0.00088909
	-4	-2	-2	   0.00030483       -0.00075701
	-3	-2	-2	   0.00039363       -0.00097755
	-2	-2	-2	   0.00740165       -0.01838133
	-1	-2	-2	  -0.00370460        0.00920005
	0	-1	-2	  -0.00643842        0.01598924
	1	-1	-2	   0.00336904       -0.00836671
	2	-1	-2	  -0.00370460        0.00920005
	3	-1	-2	   0.00037565       -0.00093291
	4	-1	-2	   0.00002017       -0.00005009
	5	-1	-2	  -0.00011786        0.00029270
	6	-1	-2	   0.00002350       -0.00005837
	-6	-1	-2	   0.00002350       -0.00005837
	-5	-1	-2	  -0.00011786        0.00029270
	-4	-1	-2	   0.00002017       -0.00005009
	-3	-1	-2	   0.00037566       -0.00093291
	-2	-1	-2	  -0.00370460        0.00920005
	-1	-1	-2	   0.00336904       -0.00836671
	0	0	-1	   0.05547956       -0.13777854
	1	0	-1	   0.03394390       -0.08429663
	2	0	-1	  -0.00643842        0.01598924
	3	0	-1	   0.00417622       -0.01037126
	4	0	-1	  -0.00008435        0.00020948
	5	0	-1	  -0.00000615        0.00001526
	6	0	-1	   0.00006704       -0.00016650
	7	0	-1	   0.00001647       -0.00004091
	-7	0	-1	   0.00001647       -0.00004091
	-6	0	-1	   0.00006704       -0.00016650
	-5	0	-1	  -0.00000615        0.00001526
	-4	0	-1	  -0.00008435        0.00020948
	-3	0	-1	   0.00417622       -0.01037126
	-2	0	-1	  -0.00643842        0.01598924
	-1	0	-1	   0.03394390       -0.08429663
	0	1	-1	   0.03394390       -0.08429663
	1	1	-1	  -0.06663435        0.16548046
	2	1	-1	   0.00336904       -0.00836671
	3	1	-1	  -0.00885138        0.02198160
	4	1	-1	  -0.00104059        0.00258422
	5	1	-1	  -0.00009587        0.00023810
	6	1	-1	  -0.00026951        0.00066931
	-6	1	-1	  -0.00026951        0.00066931
	-5	1	-1	  -0.00009587        0.00023810
	-4	1	-1	  -0.00104059        0.00258422
	-3	1	-1	  -0.00885138        0.02198160
	-2	1	-1	   0.00336904       -0.00836671
	-1	1	-1	  -0.06663435        0.16548046
	0	2	-1	  -0.00643842        0.01598924
	1	2	-1	   0.00336904       -0.00836671
	2	2	-1	  -0.00370460        0.00920005
	3	2	-1	   0.00037566       -0.00093290
	4	2	-1	   0.00002017       -0.00005009
	5	2	-1	  -0.00011786        0.00029270
	6	2	-1	   0.00002350       -0.00005837
	-6	2	-1	   0.00002350       -0.00005837
	-5	2	-1	  -0.00011786        0.00029270
	-4	2	-1	   0.00002017       -0.00005009
	-3	2	-1	   0.00037566       -0.00093291
	-2	2	-1	  -0.00370460        0.00920005
	-1	2	-1	   0.00336904       -0.00836671
	0	3	-1	   0.00417622       -0.01037126
	1	3	-1	  -0.00885138        0.02198160
	2	3	-1	   0.00037566       -0.00093291
	3	3	-1	  -0.00129517        0.00321644
	4	3	-1	  -0.00053705        0.00133373
	5	3	-1	   0.00003260       -0.00008096
	6	3	-1	  -0.00011533        0.00028642
	-6	3	-1	  -0.00011533        0.00028642
	-5	3	-1	   0.00003260       -0.00008096
	-4	3	-1	  -0.00053705        0.00133373
	-3	3	-1	  -0.00129517        0.00321643
	-2	3	-1	   0.00037566       -0.00093291
	-1	3	-1	  -0.00885138        0.02198160
	0	4	-1	  -0.00008435        0.00020948
	1	4	-1	  -0.00104059        0.00258422
	2	4	-1	   0.00002017       -0.00005009
	3	4	-1	  -0.00053705        0.00133373
	4	4	-1	   0.00003458       -0.00008587
	5	4	-1	  -0.00008331        0.00020691
	-5	4	-1	  -0.00008331        0.00020691
	-4	4	-1	   0.00003458       -0.00008587
	-3	4	-1	  -0.00053705        0.00133373
	-2	4	-1	   0.00002017       -0.00005009
	-1	4	-1	  -0.00104059        0.00258422
	0	5	-1	  -0.00000615        0.00001526
	1	5	-1	  -0.00009587        0.00023810
	2	5	-1	  -0.00011786        0.00029270
	3	5	-1	   0.00003260       -0.00008096
	4	5	-1	  -0.00008331        0.00020691
	-4	5	-1	  -0.00008331        0.00020691
	-3	5	-1	   0.00003260       -0.00008096
	-2	5	-1	  -0.00011786        0.00029270
	-1	5	-1	  -0.00009587        0.00023810
	0	6	-1	   0.00006704       -0.00016650
	1	6	-1	  -0.00026951        0.00066931
	2	6	-1	   0.00002350       -0.00005837
	3	6	-1	  -0.00011533        0.00028642
	-3	6	-1	  -0.00011533        0.00028642
	-2	6	-1	   0.00002350       -0.00005837
	-1	6	-1	  -0.00026951        0.00066931
	0	7	-1	   0.00001647       -0.00004091
	0	-7	-1	   0.00001647       -0.00004091
	0	-6	-1	   0.00006704       -0.00016650
	1	-6	-1	  -0.00026951        0.00066931
	2	-6	-1	   0.00002350       -0.00005837
	3	-6	-1	  -0.00011533        0.00028642
	-3	-6	-1	  -0.00011533        0.00028642
	-2	-6	-1	   0.00002350       -0.00005837
	-1	-6	-1	  -0.00026951        0.00066931
	0	-5	-1	  -0.00000615        0.00001526
	1	-5	-1	  -0.00009587        0.00023810
	2	-5	-1	  -0.00011786        0.00029270
	3	-5	-1	   0.00003260       -0.00008096
	4	-5	-1	  -0.00008331        0.00020691
	-4	-5	-1	  -0.00008331        0.00020691
	-3	-5	-1	   0.00003260       -0.00008096
	-2	-5	-1	  -0.00011786        0.00029270
	-1	-5	-1	  -0.00009587        0.00023810
	0	-4	-1	  -0.00008435        0.00020948
	1	-4	-1	  -0.00104059        0.00258422
	2	-4	-1	   0.00002017       -0.00005009
	3	-4	-1	  -0.00053705        0.00133373
	4	-4	-1	   0.00003458       -0.00008587
	5	-4	-1	  -0.00008331        0.00020691
	-5	-4	-1	  -0.00008331        0.00020691
	-4	-4	-1	   0.00003458       -0.00008587
	-3	-4	-1	  -0.00053705        0.00133373
	-2	-4	-1	   0.00002017       -0.00005009
	-1	-4	-1	  -0.00104059        0.00258422
	0	-3	-1	   0.00417622       -0.01037126
	1	-3	-1	  -0.00885138        0.02198160
	2	-3	-1	   0.00037566       -0.00093291
	3	-3	-1	  -0.00129517        0.00321644
	4	-3	-1	  -0.00053705        0.00133373
	5	-3	-1	   0.00003260       -0.00008096
	6	-3	-1	  -0.00011533        0.00028642
	-6	-3	-1	  -0.00011533        0.00028642
	-5	-3	-1	   0.00003260       -0.00008096
	-4	-3	-1	  -0.00053705        0.00133373
	-3	-3	-1	  -0.00129517        0.00321644
	-2	-3	-1	   0.00037565       -0.00093291
	-1	-3	-1	  -0.00885138        0.02198160
	0	-2	-1	  -0.00643842        0.01598924
	1	-2	-1	   0.00336904       -0.00836671
	2	-2	-1	  -0.00370460        0.00920005
	3	-2	-1	   0.00037565       -0.00093291
	4	-2	-1	   0.00002017       -0.00005009
	5	-2	-1	  -0.00011786        0.00029270
	6	-2	-1	   0.00002350       -0.00005837
	-6	-2	-1	   0.00002350       -0.00005837
	-5	-2	-1	  -0.00011786        0.00029270
	-4	-2	-1	   0.00002017       -0.00005009
	-3	-2	-1	   0.00037565       -0.00093291
	-2	-2	-1	  -0.00370460        0.00920005
	-1	-2	-1	   0.00336904       -0.00836671
	0	-1	-1	   0.03394390       -0.08429663
	1	-1	-1	  -0.06663435        0.16548046
	2	-1	-1	   0.00336904       -0.00836671
	3	-1	-1	  -0.00885138        0.02198160
	4	-1	-1	  -0.00104059        0.00258422
	5	-1	-1	  -0.00009587        0.00023810
	6	-1	-1	  -0.00026951        0.00066931
	-6	-1	-1	  -0.00026951        0.00066931
	-5	-1	-1	  -0.00009587        0.00023810
	-4	-1	-1	  -0.00104059        0.00258422
	-3	-1	-1	  -0.00885138        0.02198160
	-2	-1	-1	   0.00336904       -0.00836671
	-1	-1	-1	  -0.06663435        0.16548046

n_band : 18,	energy : 2.4816,	occupation : 0.0
	0	0	0	  -0.00000000       -0.00000000
	1	0	0	   0.02748359       -0.30009362
	2	0	0	  -0.00555820        0.06069010
	3	0	0	   0.00330295       -0.03606497
	4	0	0	  -0.00061774        0.00674512
	5	0	0	   0.00040999       -0.00447668
	6	0	0	  -0.00004148        0.00045288
	7	0	0	   0.00004576       -0.00049970
	-7	0	0	   0.00004576       -0.00049970
	-6	0	0	  -0.00004148        0.00045288
	-5	0	0	   0.00040999       -0.00447668
	-4	0	0	  -0.00061774        0.00674512
	-3	0	0	   0.00330295       -0.03606496
	-2	0	0	  -0.00555821        0.06069011
	-1	0	0	   0.02748359       -0.30009362
	0	1	0	  -0.08264834       -0.05179893
	1	1	0	   0.03748677        0.23912582
	2	1	0	   0.01199986       -0.03203596
	3	1	0	   0.00261667        0.03676812
	4	1	0	   0.00172170       -0.00431056
	5	1	0	   0.00022662        0.00350031
	6	1	0	   0.00018754       -0.00024840
	7	1	0	   0.00005131        0.00030431
	-7	1	0	   0.00005131        0.00030431
	-6	1	0	   0.00018754       -0.00024840
	-5	1	0	   0.00022662        0.00350031
	-4	1	0	   0.00172170       -0.00431057
	-3	1	0	   0.00261667        0.03676812
	-2	1	0	   0.01199986       -0.03203598
	-1	1	0	   0.03748677        0.23912583
	0	2	0	   0.01671458        0.01047567
	1	2	0	  -0.01315398        0.02467388
	2	2	0	   0.00275179        0.01755360
	3	2	0	   0.00013981       -0.00940848
	4	2	0	  -0.00000886        0.00326404
	5	2	0	   0.00020107       -0.00242945
	6	2	0	  -0.00000967        0.00026651
	-6	2	0	  -0.00000967        0.00026651
	-5	2	0	   0.00020107       -0.00242945
	-4	2	0	  -0.00000887        0.00326402
	-3	2	0	   0.00013981       -0.00940848
	-2	2	0	   0.00275180        0.01755356
	-1	2	0	  -0.01315398        0.02467385
	0	3	0	  -0.00993260       -0.00622515
	1	3	0	   0.00726754        0.02628265
	2	3	0	  -0.00224633       -0.00402886
	3	3	0	   0.00134477        0.00857821
	4	3	0	   0.00006171       -0.00098827
	5	3	0	   0.00016619        0.00144707
	6	3	0	   0.00004376       -0.00002024
	-6	3	0	   0.00004376       -0.00002024
	-5	3	0	   0.00016619        0.00144707
	-4	3	0	   0.00006170       -0.00098827
	-3	3	0	   0.00134477        0.00857820
	-2	3	0	  -0.00224633       -0.00402886
	-1	3	0	   0.00726754        0.02628265
	0	4	0	   0.00185766        0.00116427
	1	4	0	  -0.00182107        0.00367670
	2	4	0	   0.00076037        0.00152978
	3	4	0	  -0.00025842       -0.00026655
	4	4	0	   0.00009280        0.00059198
	5	4	0	   0.00002286       -0.00042768
	-5	4	0	   0.00002286       -0.00042768
	-4	4	0	   0.00009280        0.00059197
	-3	4	0	  -0.00025842       -0.00026655
	-2	4	0	   0.00076037        0.00152977
	-1	4	0	  -0.00182107        0.00367669
	0	5	0	  -0.00123292       -0.00077272
	1	5	0	   0.00070261        0.00242718
	2	5	0	  -0.00065886       -0.00049072
	3	5	0	   0.00025583        0.00124496
	4	5	0	  -0.00010999       -0.00012817
	5	5	0	   0.00004525        0.00028863
	-5	5	0	   0.00004525        0.00028864
	-4	5	0	  -0.00010999       -0.00012817
	-3	5	0	   0.00025583        0.00124496
	-2	5	0	  -0.00065886       -0.00049072
	-1	5	0	   0.00070261        0.00242718
	0	6	0	   0.00012473        0.00007817
	1	6	0	  -0.00014714        0.00050613
	2	6	0	   0.00006636        0.00009509
	3	6	0	  -0.00002559        0.00013610
	-3	6	0	  -0.00002559        0.00013610
	-2	6	0	   0.00006636        0.00009509
	-1	6	0	  -0.00014714        0.00050613
	0	7	0	  -0.00013762       -0.00008625
	1	7	0	   0.00004598        0.00031632
	-1	7	0	   0.00004598        0.00031632
	0	-7	0	  -0.00013762       -0.00008625
	1	-7	0	   0.00004599        0.00031632
	-1	-7	0	   0.00004599        0.00031632
	0	-6	0	   0.00012473        0.00007817
	1	-6	0	  -0.00014714        0.00050613
	2	-6	0	   0.00006636        0.00009509
	3	-6	0	  -0.00002559        0.00013610
	-3	-6	0	  -0.00002559        0.00013610
	-2	-6	0	   0.00006636        0.00009509
	-1	-6	0	  -0.00014714        0.00050613
	0	-5	0	  -0.00123291       -0.00077272
	1	-5	0	   0.00070261        0.00242719
	2	-5	0	  -0.00065886       -0.00049072
	3	-5	0	   0.00025583        0.00124496
	4	-5	0	  -0.00010999       -0.00012817
	5	-5	0	   0.00004525        0.00028864
	-5	-5	0	   0.00004525        0.00028863
	-4	-5	0	  -0.00010999       -0.00012817
	-3	-5	0	   0.00025583        0.00124496
	-2	-5	0	  -0.00065886       -0.00049072
	-1	-5	0	   0.00070261        0.00242718
	0	-4	0	   0.00185766        0.00116427
	1	-4	0	  -0.00182107        0.00367669
	2	-4	0	   0.00076037        0.00152977
	3	-4	0	  -0.00025842       -0.00026655
	4	-4	0	   0.00009280        0.00059197
	5	-4	0	   0.00002286       -0.00042768
	-5	-4	0	   0.00002286       -0.00042768
	-4	-4	0	   0.00009280        0.00059198
	-3	-4	0	  -0.00025842       -0.00026655
	-2	-4	0	   0.00076037        0.00152978
	-1	-4	0	  -0.00182107        0.00367670
	0	-3	0	  -0.00993260       -0.00622515
	1	-3	0	   0.00726753        0.02628265
	2	-3	0	  -0.00224633       -0.00402886
	3	-3	0	   0.00134477        0.00857821
	4	-3	0	   0.00006170       -0.00098827
	5	-3	0	   0.00016619        0.00144707
	6	-3	0	   0.00004376       -0.00002024
	-6	-3	0	   0.00004376       -0.00002024
	-5	-3	0	   0.00016619        0.00144707
	-4	-3	0	   0.00006171       -0.00098827
	-3	-3	0	   0.00134477        0.00857821
	-2	-3	0	  -0.00224633       -0.00402886
	-1	-3	0	   0.00726754        0.02628265
	0	-2	0	   0.01671457        0.01047567
	1	-2	0	  -0.01315398        0.02467385
	2	-2	0	   0.00275181        0.01755356
	3	-2	0	   0.00013982       -0.00940848
	4	-2	0	  -0.00000887        0.00326402
	5	-2	0	   0.00020107       -0.00242945
	6	-2	0	  -0.00000968        0.00026651
	-6	-2	0	  -0.00000967        0.00026651
	-5	-2	0	   0.00020107       -0.00242945
	-4	-2	0	  -0.00000886        0.00326404
	-3	-2	0	   0.00013982       -0.00940848
	-2	-2	0	   0.00275181        0.01755360
	-1	-2	0	  -0.01315398        0.02467388
	0	-1	0	  -0.08264834       -0.05179893
	1	-1	0	   0.03748677        0.23912583
	2	-1	0	   0.01199985       -0.03203599
	3	-1	0	   0.00261667        0.03676812
	4	-1	0	   0.00172170       -0.00431057
	5	-1	0	   0.00022662        0.00350031
	6	-1	0	   0.00018754       -0.00024840
	7	-1	0	   0.00005131        0.00030431
	-7	-1	0	   0.00005131        0.00030431
	-6	-1	0	   0.00018754       -0.00024840
	-5	-1	0	   0.00022662        0.00350032
	-4	-1	0	   0.00172170       -0.00431056
	-3	-1	0	   0.00261667        0.03676812
	-2	-1	0	   0.01199985       -0.03203596
	-1	-1	0	   0.03748677        0.23912582
	0	0	1	   0.05516475        0.35189253
	1	0	1	  -0.05616303       -0.03519956
	2	0	1	  -0.00229659       -0.07391410
	3	0	1	  -0.00681982        0.00912610
	4	0	1	  -0.00037079       -0.01044005
	5	0	1	  -0.00063627        0.00097267
	6	0	1	  -0.00007233       -0.00100962
	7	0	1	  -0.00007355       -0.00006144
	-7	0	1	  -0.00007355       -0.00006144
	-6	0	1	  -0.00007233       -0.00100962
	-5	0	1	  -0.00063627        0.00097268
	-4	0	1	  -0.00037079       -0.01044005
	-3	0	1	  -0.00681982        0.00912610
	-2	0	1	  -0.00229659       -0.07391409
	-1	0	1	  -0.05616303       -0.03519956
	0	1	1	   0.01867626       -0.20392628
	1	1	1	  -0.00000000       -0.00000000
	2	1	1	  -0.00202056        0.02206250
	3	1	1	   0.00105739       -0.01154561
	4	1	1	  -0.00068242        0.00745133
	5	1	1	   0.00012802       -0.00139788
	6	1	1	  -0.00010621        0.00115976
	-6	1	1	  -0.00010622        0.00115976
	-5	1	1	   0.00012802       -0.00139788
	-4	1	1	  -0.00068242        0.00745133
	-3	1	1	   0.00105739       -0.01154561
	-2	1	1	  -0.00202056        0.02206249
	-1	1	1	  -0.00000000       -0.00000001
	0	2	1	  -0.01602556       -0.04296181
	1	2	1	   0.00607620        0.00380820
	2	2	1	  -0.00469334       -0.02993851
	3	2	1	  -0.00096780        0.00504054
	4	2	1	  -0.00042921       -0.00540711
	5	2	1	  -0.00025602        0.00060076
	6	2	1	  -0.00006467       -0.00064671
	-6	2	1	  -0.00006467       -0.00064671
	-5	2	1	  -0.00025602        0.00060076
	-4	2	1	  -0.00042921       -0.00540712
	-3	2	1	  -0.00096780        0.00504054
	-2	2	1	  -0.00469333       -0.02993852
	-1	2	1	   0.00607620        0.00380819
	0	3	1	   0.00537212       -0.01836088
	1	3	1	  -0.00317975       -0.00199288
	2	3	1	   0.00163001       -0.00081628
	3	3	1	  -0.00030353       -0.00193619
	4	3	1	  -0.00001414        0.00188617
	5	3	1	   0.00001073       -0.00041075
	6	3	1	  -0.00003155        0.00042110
	-6	3	1	  -0.00003155        0.00042110
	-5	3	1	   0.00001073       -0.00041075
	-4	3	1	  -0.00001415        0.00188617
	-3	3	1	  -0.00030352       -0.00193618
	-2	3	1	   0.00163001       -0.00081629
	-1	3	1	  -0.00317975       -0.00199287
	0	4	1	  -0.00224137       -0.00622279
	1	4	1	   0.00205216        0.00128617
	2	4	1	  -0.00104755       -0.00401304
	3	4	1	   0.00044370        0.00085395
	4	4	1	  -0.00020055       -0.00127931
	5	4	1	   0.00002154        0.00013623
	-5	4	1	   0.00002154        0.00013622
	-4	4	1	  -0.00020055       -0.00127931
	-3	4	1	   0.00044370        0.00085395
	-2	4	1	  -0.00104755       -0.00401305
	-1	4	1	   0.00205216        0.00128617
	0	5	1	   0.00052929       -0.00165511
	1	5	1	  -0.00038499       -0.00024129
	2	5	1	   0.00026148       -0.00056595
	3	5	1	  -0.00010028       -0.00016047
	4	5	1	   0.00002127        0.00013683
	-4	5	1	   0.00002127        0.00013683
	-3	5	1	  -0.00010028       -0.00016047
	-2	5	1	   0.00026148       -0.00056595
	-1	5	1	  -0.00038499       -0.00024129
	0	6	1	  -0.00019933       -0.00072328
	1	6	1	   0.00031941        0.00020019
	2	6	1	  -0.00011892       -0.00052439
	3	6	1	   0.00011263        0.00009605
	-3	6	1	   0.00011262        0.00009605
	-2	6	1	  -0.00011892       -0.00052439
	-1	6	1	   0.00031941        0.00020019
	0	7	1	   0.00002091       -0.00027439
	0	-7	1	   0.00002091       -0.00027439
	0	-6	1	  -0.00019933       -0.00072328
	1	-6	1	   0.00031941        0.00020018
	2	-6	1	  -0.00011892       -0.00052439
	3	-6	1	   0.00011262        0.00009605
	-3	-6	1	   0.00011262        0.00009605
	-2	-6	1	  -0.00011892       -0.00052439
	-1	-6	1	   0.00031941        0.00020019
	0	-5	1	   0.00052929       -0.00165511
	1	-5	1	  -0.00038499       -0.00024129
	2	-5	1	   0.00026148       -0.00056595
	3	-5	1	  -0.00010028       -0.00016047
	4	-5	1	   0.00002127        0.00013683
	-4	-5	1	   0.00002127        0.00013683
	-3	-5	1	  -0.00010028       -0.00016047
	-2	-5	1	   0.00026148       -0.00056595
	-1	-5	1	  -0.00038499       -0.00024129
	0	-4	1	  -0.00224137       -0.00622279
	1	-4	1	   0.00205216        0.00128616
	2	-4	1	  -0.00104755       -0.00401305
	3	-4	1	   0.00044370        0.00085394
	4	-4	1	  -0.00020055       -0.00127931
	5	-4	1	   0.00002154        0.00013622
	-5	-4	1	   0.00002154        0.00013622
	-4	-4	1	  -0.00020055       -0.00127931
	-3	-4	1	   0.00044370        0.00085395
	-2	-4	1	  -0.00104755       -0.00401304
	-1	-4	1	   0.00205216        0.00128617
	0	-3	1	   0.00537212       -0.01836089
	1	-3	1	  -0.00317977       -0.00199287
	2	-3	1	   0.00163001       -0.00081629
	3	-3	1	  -0.00030353       -0.00193617
	4	-3	1	  -0.00001414        0.00188617
	5	-3	1	   0.00001073       -0.00041075
	6	-3	1	  -0.00003155        0.00042110
	-6	-3	1	  -0.00003155        0.00042110
	-5	-3	1	   0.00001073       -0.00041075
	-4	-3	1	  -0.00001414        0.00188617
	-3	-3	1	  -0.00030353       -0.00193619
	-2	-3	1	   0.00163001       -0.00081628
	-1	-3	1	  -0.00317977       -0.00199288
	0	-2	1	  -0.01602557       -0.04296184
	1	-2	1	   0.00607619        0.00380817
	2	-2	1	  -0.00469333       -0.02993852
	3	-2	1	  -0.00096780        0.00504053
	4	-2	1	  -0.00042921       -0.00540712
	5	-2	1	  -0.00025602        0.00060076
	6	-2	1	  -0.00006467       -0.00064671
	-6	-2	1	  -0.00006467       -0.00064671
	-5	-2	1	  -0.00025602        0.00060076
	-4	-2	1	  -0.00042921       -0.00540711
	-3	-2	1	  -0.00096780        0.00504054
	-2	-2	1	  -0.00469334       -0.02993851
	-1	-2	1	   0.00607619        0.00380819
	0	-1	1	   0.01867626       -0.20392627
	1	-1	1	   0.00000000       -0.00000001
	2	-1	1	  -0.00202055        0.02206247
	3	-1	1	   0.00105739       -0.01154560
	4	-1	1	  -0.00068242        0.00745133
	5	-1	1	   0.00012802       -0.00139788
	6	-1	1	  -0.00010622        0.00115976
	-6	-1	1	  -0.00010621        0.00115976
	-5	-1	1	   0.00012802       -0.00139788
	-4	-1	1	  -0.00068242        0.00745134
	-3	-1	1	   0.00105738       -0.01154561
	-2	-1	1	  -0.00202056        0.02206249
	-1	-1	1	   0.00000000       -0.00000000
	0	0	2	  -0.01115637       -0.07116577
	1	0	2	   0.00402572        0.07499780
	2	0	2	  -0.00412278       -0.00258392
	3	0	2	   0.00127813       -0.00607407
	4	0	2	  -0.00046628        0.00192412
	5	0	2	   0.00023486       -0.00233049
	6	0	2	  -0.00003291        0.00019845
	-6	0	2	  -0.00003291        0.00019845
	-5	0	2	   0.00023486       -0.00233049
	-4	0	2	  -0.00046628        0.00192412
	-3	0	2	   0.00127813       -0.00607407
	-2	0	2	  -0.00412278       -0.00258391
	-1	0	2	   0.00402571        0.07499781
	0	1	2	   0.01545058        0.04924023
	1	1	2	  -0.00405563       -0.02587067
	2	1	2	   0.00703160        0.00440697
	3	1	2	  -0.00016959        0.00737868
	4	1	2	   0.00102854       -0.00113699
	5	1	2	   0.00006095        0.00152924
	6	1	2	   0.00013071       -0.00007440
	-6	1	2	   0.00013071       -0.00007440
	-5	1	2	   0.00006095        0.00152924
	-4	1	2	   0.00102854       -0.00113698
	-3	1	2	  -0.00016960        0.00737868
	-2	1	2	   0.00703160        0.00440697
	-1	1	2	  -0.00405564       -0.02587066
	0	2	2	   0.00137097       -0.01496967
	1	2	2	  -0.00233826        0.02553154
	2	2	2	  -0.00000000        0.00000000
	3	2	2	   0.00015131       -0.00165216
	4	2	2	  -0.00009741        0.00106359
	5	2	2	   0.00012015       -0.00131191
	6	2	2	  -0.00000953        0.00010406
	-6	2	2	  -0.00000953        0.00010406
	-5	2	2	   0.00012015       -0.00131191
	-4	2	2	  -0.00009741        0.00106359
	-3	2	2	   0.00015131       -0.00165216
	-2	2	2	  -0.00000000       -0.00000000
	-1	2	2	  -0.00233826        0.02553154
	0	3	2	  -0.00201769        0.00135642
	1	3	2	   0.00179034        0.00295996
	2	3	2	  -0.00045502       -0.00028518
	3	3	2	   0.00040291        0.00257012
	4	3	2	   0.00008800       -0.00033457
	5	3	2	   0.00007715        0.00070356
	6	3	2	   0.00003194        0.00002297
	-6	3	2	   0.00003194        0.00002297
	-5	3	2	   0.00007715        0.00070356
	-4	3	2	   0.00008800       -0.00033457
	-3	3	2	   0.00040291        0.00257012
	-2	3	2	  -0.00045502       -0.00028518
	-1	3	2	   0.00179034        0.00295996
	0	4	2	   0.00066849       -0.00063425
	1	4	2	  -0.00075475        0.00288348
	2	4	2	   0.00029292        0.00018359
	3	4	2	  -0.00011955        0.00013336
	4	4	2	   0.00003704        0.00023629
	5	4	2	   0.00001535       -0.00022645
	-5	4	2	   0.00001535       -0.00022645
	-4	4	2	   0.00003704        0.00023629
	-3	4	2	  -0.00011955        0.00013336
	-2	4	2	   0.00029292        0.00018358
	-1	4	2	  -0.00075475        0.00288348
	0	5	2	  -0.00065207       -0.00033089
	1	5	2	   0.00032514        0.00093360
	2	5	2	  -0.00036131       -0.00022645
	3	5	2	   0.00012613        0.00059313
	4	5	2	  -0.00005979       -0.00005704
	-4	5	2	  -0.00005979       -0.00005704
	-3	5	2	   0.00012613        0.00059313
	-2	5	2	  -0.00036131       -0.00022645
	-1	5	2	   0.00032514        0.00093360
	0	6	2	   0.00006169       -0.00001483
	1	6	2	  -0.00007968        0.00039992
	2	6	2	   0.00002866        0.00001796
	3	6	2	  -0.00000994        0.00011738
	-3	6	2	  -0.00000994        0.00011738
	-2	6	2	   0.00002866        0.00001796
	-1	6	2	  -0.00007968        0.00039992
	0	-6	2	   0.00006169       -0.00001483
	1	-6	2	  -0.00007968        0.00039992
	2	-6	2	   0.00002866        0.00001796
	3	-6	2	  -0.00000994        0.00011738
	-3	-6	2	  -0.00000994        0.00011738
	-2	-6	2	   0.00002866        0.00001796
	-1	-6	2	  -0.00007968        0.00039992
	0	-5	2	  -0.00065207       -0.00033089
	1	-5	2	   0.00032514        0.00093360
	2	-5	2	  -0.00036131       -0.00022645
	3	-5	2	   0.00012613        0.00059313
	4	-5	2	  -0.00005979       -0.00005704
	-4	-5	2	  -0.00005979       -0.00005704
	-3	-5	2	   0.00012613        0.00059313
	-2	-5	2	  -0.00036131       -0.00022645
	-1	-5	2	   0.00032514        0.00093360
	0	-4	2	   0.00066849       -0.00063426
	1	-4	2	  -0.00075475        0.00288347
	2	-4	2	   0.00029292        0.00018358
	3	-4	2	  -0.00011955        0.00013336
	4	-4	2	   0.00003704        0.00023629
	5	-4	2	   0.00001535       -0.00022645
	-5	-4	2	   0.00001535       -0.00022645
	-4	-4	2	   0.00003704        0.00023629
	-3	-4	2	  -0.00011955        0.00013336
	-2	-4	2	   0.00029292        0.00018359
	-1	-4	2	  -0.00075475        0.00288347
	0	-3	2	  -0.00201769        0.00135642
	1	-3	2	   0.00179034        0.00295995
	2	-3	2	  -0.00045502       -0.00028518
	3	-3	2	   0.00040291        0.00257012
	4	-3	2	   0.00008800       -0.00033457
	5	-3	2	   0.00007715        0.00070356
	6	-3	2	   0.00003194        0.00002297
	-6	-3	2	   0.00003194        0.00002297
	-5	-3	2	   0.00007715        0.00070356
	-4	-3	2	   0.00008800       -0.00033457
	-3	-3	2	   0.00040291        0.00257012
	-2	-3	2	  -0.00045502       -0.00028518
	-1	-3	2	   0.00179034        0.00295996
	0	-2	2	   0.00137097       -0.01496970
	1	-2	2	  -0.00233827        0.02553153
	2	-2	2	   0.00000000       -0.00000002
	3	-2	2	   0.00015131       -0.00165215
	4	-2	2	  -0.00009741        0.00106358
	5	-2	2	   0.00012015       -0.00131191
	6	-2	2	  -0.00000953        0.00010406
	-6	-2	2	  -0.00000953        0.00010406
	-5	-2	2	   0.00012015       -0.00131191
	-4	-2	2	  -0.00009741        0.00106359
	-3	-2	2	   0.00015131       -0.00165216
	-2	-2	2	   0.00000000        0.00000000
	-1	-2	2	  -0.00233827        0.02553153
	0	-1	2	   0.01545056        0.04924021
	1	-1	2	  -0.00405564       -0.02587069
	2	-1	2	   0.00703160        0.00440697
	3	-1	2	  -0.00016960        0.00737867
	4	-1	2	   0.00102854       -0.00113699
	5	-1	2	   0.00006095        0.00152924
	6	-1	2	   0.00013071       -0.00007440
	-6	-1	2	   0.00013071       -0.00007440
	-5	-1	2	   0.00006095        0.00152924
	-4	-1	2	   0.00102854       -0.00113698
	-3	-1	2	  -0.00016960        0.00737868
	-2	-1	2	   0.00703160        0.00440697
	-1	-1	2	  -0.00405564       -0.02587068
	0	0	3	   0.00662964        0.04229012
	1	0	3	  -0.00798880       -0.01840725
	2	0	3	   0.00187787        0.00805205
	3	0	3	  -0.00201475       -0.00126272
	4	0	3	   0.00010713       -0.00085522
	5	0	3	  -0.00030487        0.00006722
	6	0	3	  -0.00002232       -0.00021380
	-6	0	3	  -0.00002232       -0.00021380
	-5	0	3	  -0.00030487        0.00006722
	-4	0	3	   0.00010713       -0.00085522
	-3	0	3	  -0.00201475       -0.00126272
	-2	0	3	   0.00187788        0.00805205
	-1	0	3	  -0.00798880       -0.01840724
	0	1	3	  -0.00044772       -0.03540876
	1	1	3	   0.00212238        0.01353850
	2	1	3	  -0.00082254       -0.00800049
	3	1	3	   0.00045475        0.00028501
	4	1	3	  -0.00026424        0.00115356
	5	1	3	   0.00005313       -0.00028655
	6	1	3	  -0.00004261        0.00038871
	-6	1	3	  -0.00004261        0.00038871
	-5	1	3	   0.00005313       -0.00028655
	-4	1	3	  -0.00026424        0.00115356
	-3	1	3	   0.00045475        0.00028501
	-2	1	3	  -0.00082254       -0.00800049
	-1	1	3	   0.00212238        0.01353849
	0	2	3	   0.00096820        0.01010292
	1	2	3	  -0.00146042       -0.00656239
	2	2	3	   0.00030371        0.00193733
	3	2	3	  -0.00060364       -0.00037832
	4	2	3	  -0.00000245       -0.00059954
	5	2	3	  -0.00014612        0.00004955
	6	2	3	  -0.00002174       -0.00013428
	-6	2	3	  -0.00002174       -0.00013428
	-5	2	3	  -0.00014612        0.00004955
	-4	2	3	  -0.00000245       -0.00059955
	-3	2	3	  -0.00060364       -0.00037833
	-2	2	3	   0.00030371        0.00193733
	-1	2	3	  -0.00146042       -0.00656239
	0	3	3	   0.00066998       -0.00731549
	1	3	3	  -0.00015122        0.00165117
	2	3	3	   0.00020073       -0.00219180
	3	3	3	  -0.00000000       -0.00000000
	4	3	3	  -0.00003114        0.00034008
	5	3	3	   0.00000716       -0.00007817
	-5	3	3	   0.00000716       -0.00007817
	-4	3	3	  -0.00003115        0.00034008
	-3	3	3	   0.00000000        0.00000000
	-2	3	3	   0.00020073       -0.00219180
	-1	3	3	  -0.00015122        0.00165117
	0	4	3	  -0.00024930       -0.00005166
	1	4	3	   0.00039347       -0.00032926
	2	4	3	  -0.00013772       -0.00029459
	3	4	3	   0.00009366        0.00005870
	4	4	3	  -0.00004405       -0.00028103
	5	4	3	  -0.00000337        0.00000291
	-5	4	3	  -0.00000337        0.00000291
	-4	4	3	  -0.00004406       -0.00028103
	-3	4	3	   0.00009366        0.00005870
	-2	4	3	  -0.00013772       -0.00029459
	-1	4	3	   0.00039347       -0.00032926
	0	5	3	   0.00016122       -0.00098358
	1	5	3	  -0.00009176        0.00004011
	2	5	3	   0.00008128       -0.00046313
	3	5	3	  -0.00002153       -0.00001349
	4	5	3	   0.00000228       -0.00000985
	-4	5	3	   0.00000228       -0.00000985
	-3	5	3	  -0.00002153       -0.00001349
	-2	5	3	   0.00008128       -0.00046313
	-1	5	3	  -0.00009176        0.00004011
	0	6	3	  -0.00003886       -0.00017650
	1	6	3	   0.00011040        0.00004373
	2	6	3	  -0.00002072       -0.00013659
	-2	6	3	  -0.00002072       -0.00013659
	-1	6	3	   0.00011040        0.00004373
	0	-6	3	  -0.00003886       -0.00017650
	1	-6	3	   0.00011040        0.00004373
	2	-6	3	  -0.00002072       -0.00013659
	-2	-6	3	  -0.00002072       -0.00013659
	-1	-6	3	   0.00011040        0.00004373
	0	-5	3	   0.00016122       -0.00098358
	1	-5	3	  -0.00009176        0.00004011
	2	-5	3	   0.00008128       -0.00046313
	3	-5	3	  -0.00002153       -0.00001349
	4	-5	3	   0.00000228       -0.00000984
	-4	-5	3	   0.00000228       -0.00000984
	-3	-5	3	  -0.00002153       -0.00001349
	-2	-5	3	   0.00008128       -0.00046313
	-1	-5	3	  -0.00009176        0.00004011
	0	-4	3	  -0.00024929       -0.00005166
	1	-4	3	   0.00039347       -0.00032926
	2	-4	3	  -0.00013772       -0.00029460
	3	-4	3	   0.00009366        0.00005870
	4	-4	3	  -0.00004406       -0.00028103
	5	-4	3	  -0.00000337        0.00000291
	-5	-4	3	  -0.00000337        0.00000291
	-4	-4	3	  -0.00004406       -0.00028103
	-3	-4	3	   0.00009366        0.00005870
	-2	-4	3	  -0.00013772       -0.00029459
	-1	-4	3	   0.00039347       -0.00032926
	0	-3	3	   0.00066998       -0.00731549
	1	-3	3	  -0.00015122        0.00165118
	2	-3	3	   0.00020073       -0.00219180
	3	-3	3	  -0.00000000        0.00000000
	4	-3	3	  -0.00003115        0.00034008
	5	-3	3	   0.00000716       -0.00007817
	-5	-3	3	   0.00000716       -0.00007817
	-4	-3	3	  -0.00003115        0.00034008
	-3	-3	3	  -0.00000000       -0.00000000
	-2	-3	3	   0.00020073       -0.00219180
	-1	-3	3	  -0.00015122        0.00165117
	0	-2	3	   0.00096821        0.01010292
	1	-2	3	  -0.00146042       -0.00656240
	2	-2	3	   0.00030371        0.00193734
	3	-2	3	  -0.00060364       -0.00037833
	4	-2	3	  -0.00000245       -0.00059955
	5	-2	3	  -0.00014612        0.00004955
	6	-2	3	  -0.00002174       -0.00013428
	-6	-2	3	  -0.00002174       -0.00013428
	-5	-2	3	  -0.00014612        0.00004955
	-4	-2	3	  -0.00000245       -0.00059954
	-3	-2	3	  -0.00060364       -0.00037833
	-2	-2	3	   0.00030371        0.00193733
	-1	-2	3	  -0.00146042       -0.00656239
	0	-1	3	  -0.00044772       -0.03540876
	1	-1	3	   0.00212237        0.01353850
	2	-1	3	  -0.00082255       -0.00800050
	3	-1	3	   0.00045475        0.00028501
	4	-1	3	  -0.00026424        0.00115356
	5	-1	3	   0.00005313       -0.00028655
	6	-1	3	  -0.00004261        0.00038871
	-6	-1	3	  -0.00004261        0.00038871
	-5	-1	3	   0.00005313       -0.00028655
	-4	-1	3	  -0.00026424        0.00115356
	-3	-1	3	   0.00045475        0.00028501
	-2	-1	3	  -0.00082255       -0.00800049
	-1	-1	3	   0.00212237        0.01353849
	0	0	4	  -0.00123992       -0.00790939
	1	0	4	   0.00051967        0.01053335
	2	0	4	  -0.00065963       -0.00262978
	3	0	4	   0.00018759        0.00103993
	4	0	4	  -0.00013904       -0.00008714
	5	0	4	   0.00004858       -0.00035232
	-5	0	4	   0.00004858       -0.00035232
	-4	0	4	  -0.00013904       -0.00008714
	-3	0	4	   0.00018759        0.00103993
	-2	0	4	  -0.00065963       -0.00262978
	-1	0	4	   0.00051967        0.01053335
	0	1	4	   0.00219187        0.00676335
	1	1	4	  -0.00136974       -0.00873750
	2	1	4	   0.00118396        0.00252364
	3	1	4	  -0.00037932       -0.00155691
	4	1	4	   0.00030047        0.00018831
	5	1	4	  -0.00003210       -0.00002090
	-5	1	4	  -0.00003210       -0.00002089
	-4	1	4	   0.00030047        0.00018832
	-3	1	4	  -0.00037932       -0.00155691
	-2	1	4	   0.00118396        0.00252364
	-1	1	4	  -0.00136974       -0.00873750
	0	2	4	  -0.00029409       -0.00345390
	1	2	4	   0.00001901        0.00515003
	2	2	4	  -0.00019551       -0.00124717
	3	2	4	   0.00004971        0.00062916
	4	2	4	  -0.00005550       -0.00003478
	5	2	4	   0.00002385       -0.00020155
	-5	2	4	   0.00002385       -0.00020155
	-4	2	4	  -0.00005550       -0.00003478
	-3	2	4	   0.00004971        0.00062916
	-2	2	4	  -0.00019552       -0.00124717
	-1	2	4	   0.00001901        0.00515003
	0	3	4	   0.00015129        0.00112176
	1	3	4	  -0.00017946       -0.00200751
	2	3	4	   0.00012200        0.00046619
	3	3	4	  -0.00006252       -0.00039878
	4	3	4	   0.00006601        0.00004137
	5	3	4	   0.00000153        0.00001725
	-5	3	4	   0.00000153        0.00001725
	-4	3	4	   0.00006600        0.00004137
	-3	3	4	  -0.00006251       -0.00039878
	-2	3	4	   0.00012200        0.00046619
	-1	3	4	  -0.00017946       -0.00200751
	0	4	4	   0.00004623       -0.00050484
	1	4	4	  -0.00009992        0.00109099
	2	4	4	   0.00001845       -0.00020151
	3	4	4	  -0.00002195        0.00023966
	4	4	4	   0.00000000        0.00000000
	-4	4	4	  -0.00000000        0.00000000
	-3	4	4	  -0.00002195        0.00023966
	-2	4	4	   0.00001845       -0.00020151
	-1	4	4	  -0.00009992        0.00109099
	0	5	4	  -0.00010483       -0.00000647
	1	5	4	   0.00001049       -0.00011692
	2	5	4	  -0.00005808       -0.00001684
	3	5	4	   0.00000327        0.00001332
	-3	5	4	   0.00000327        0.00001333
	-2	5	4	  -0.00005808       -0.00001684
	-1	5	4	   0.00001049       -0.00011692
	0	-5	4	  -0.00010483       -0.00000647
	1	-5	4	   0.00001050       -0.00011692
	2	-5	4	  -0.00005808       -0.00001684
	3	-5	4	   0.00000327        0.00001332
	-3	-5	4	   0.00000327        0.00001332
	-2	-5	4	  -0.00005808       -0.00001684
	-1	-5	4	   0.00001049       -0.00011693
	0	-4	4	   0.00004624       -0.00050484
	1	-4	4	  -0.00009992        0.00109099
	2	-4	4	   0.00001846       -0.00020151
	3	-4	4	  -0.00002195        0.00023966
	4	-4	4	  -0.00000000       -0.00000000
	-4	-4	4	   0.00000000        0.00000000
	-3	-4	4	  -0.00002195        0.00023966
	-2	-4	4	   0.00001846       -0.00020151
	-1	-4	4	  -0.00009992        0.00109099
	0	-3	4	   0.00015129        0.00112176
	1	-3	4	  -0.00017946       -0.00200751
	2	-3	4	   0.00012200        0.00046619
	3	-3	4	  -0.00006251       -0.00039878
	4	-3	4	   0.00006601        0.00004137
	5	-3	4	   0.00000153        0.00001725
	-5	-3	4	   0.00000153        0.00001725
	-4	-3	4	   0.00006600        0.00004137
	-3	-3	4	  -0.00006252       -0.00039878
	-2	-3	4	   0.00012200        0.00046619
	-1	-3	4	  -0.00017946       -0.00200751
	0	-2	4	  -0.00029408       -0.00345391
	1	-2	4	   0.00001901        0.00515003
	2	-2	4	  -0.00019551       -0.00124718
	3	-2	4	   0.00004971        0.00062916
	4	-2	4	  -0.00005550       -0.00003479
	5	-2	4	   0.00002385       -0.00020155
	-5	-2	4	   0.00002385       -0.00020156
	-4	-2	4	  -0.00005550       -0.00003478
	-3	-2	4	   0.00004971        0.00062916
	-2	-2	4	  -0.00019551       -0.00124717
	-1	-2	4	   0.00001901        0.00515003
	0	-1	4	   0.00219186        0.00676335
	1	-1	4	  -0.00136974       -0.00873750
	2	-1	4	   0.00118396        0.00252364
	3	-1	4	  -0.00037932       -0.00155691
	4	-1	4	   0.00030047        0.00018831
	5	-1	4	  -0.00003210       -0.00002089
	-5	-1	4	  -0.00003210       -0.00002089
	-4	-1	4	   0.00030047        0.00018832
	-3	-1	4	  -0.00037932       -0.00155691
	-2	-1	4	   0.00118396        0.00252364
	-1	-1	4	  -0.00136974       -0.00873750
	0	0	5	   0.00082293        0.00524939
	1	0	5	  -0.00075591       -0.00184521
	2	0	5	   0.00045100        0.00276034
	3	0	5	  -0.00032740       -0.00046349
	4	0	5	   0.00008197        0.00043414
	5	0	5	  -0.00006779       -0.00004249
	-5	0	5	  -0.00006779       -0.00004249
	-4	0	5	   0.00008197        0.00043414
	-3	0	5	  -0.00032740       -0.00046349
	-2	0	5	   0.00045100        0.00276034
	-1	0	5	  -0.00075591       -0.00184521
	0	1	5	  -0.00006634       -0.00339986
	1	1	5	   0.00025696        0.00163916
	2	1	5	  -0.00006912       -0.00153436
	3	1	5	   0.00008103        0.00037064
	4	1	5	  -0.00003203       -0.00001930
	-4	1	5	  -0.00003203       -0.00001930
	-3	1	5	   0.00008103        0.00037064
	-2	1	5	  -0.00006912       -0.00153436
	-1	1	5	   0.00025697        0.00163916
	0	2	5	   0.00042400        0.00282121
	1	2	5	  -0.00032242       -0.00096329
	2	2	5	   0.00024116        0.00153836
	3	2	5	  -0.00015843       -0.00024043
	4	2	5	   0.00004273        0.00024328
	-4	2	5	   0.00004273        0.00024328
	-3	2	5	  -0.00015843       -0.00024043
	-2	2	5	   0.00024116        0.00153836
	-1	2	5	  -0.00032242       -0.00096329
	0	3	5	   0.00004904       -0.00131218
	1	3	5	   0.00004715        0.00044702
	2	3	5	   0.00001999       -0.00064268
	3	3	5	   0.00001437        0.00009166
	4	3	5	   0.00000010       -0.00001623
	-4	3	5	   0.00000010       -0.00001623
	-3	3	5	   0.00001437        0.00009166
	-2	3	5	   0.00001999       -0.00064268
	-1	3	5	   0.00004715        0.00044702
	0	4	5	   0.00006141        0.00048049
	1	4	5	   0.00001083       -0.00011594
	2	4	5	   0.00003594        0.00025860
	3	4	5	  -0.00000381       -0.00000741
	-3	4	5	  -0.00000381       -0.00000741
	-2	4	5	   0.00003594        0.00025859
	-1	4	5	   0.00001083       -0.00011594
	0	5	5	   0.00002254       -0.00024615
	0	-5	5	   0.00002254       -0.00024615
	0	-4	5	   0.00006141        0.00048049
	1	-4	5	   0.00001083       -0.00011594
	2	-4	5	   0.00003594        0.00025859
	3	-4	5	  -0.00000381       -0.00000741
	-3	-4	5	  -0.00000381       -0.00000741
	-2	-4	5	   0.00003594        0.00025860
	-1	-4	5	   0.00001083       -0.00011594
	0	-3	5	   0.00004904       -0.00131218
	1	-3	5	   0.00004715        0.00044702
	2	-3	5	   0.00001999       -0.00064268
	3	-3	5	   0.00001437        0.00009166
	4	-3	5	   0.00000010       -0.00001623
	-4	-3	5	   0.00000010       -0.00001623
	-3	-3	5	   0.00001437        0.00009166
	-2	-3	5	   0.00001999       -0.00064268
	-1	-3	5	   0.00004715        0.00044702
	0	-2	5	   0.00042400        0.00282121
	1	-2	5	  -0.00032242       -0.00096329
	2	-2	5	   0.00024116        0.00153836
	3	-2	5	  -0.00015843       -0.00024043
	4	-2	5	   0.00004273        0.00024328
	-4	-2	5	   0.00004273        0.00024328
	-3	-2	5	  -0.00015843       -0.00024043
	-2	-2	5	   0.00024116        0.00153836
	-1	-2	5	  -0.00032242       -0.00096329
	0	-1	5	  -0.00006634       -0.00339986
	1	-1	5	   0.00025696        0.00163916
	2	-1	5	  -0.00006912       -0.00153436
	3	-1	5	   0.00008103        0.00037064
	4	-1	5	  -0.00003203       -0.00001930
	-4	-1	5	  -0.00003203       -0.00001930
	-3	-1	5	   0.00008103        0.00037063
	-2	-1	5	  -0.00006912       -0.00153436
	-1	-1	5	   0.00025696        0.00163916
	0	0	6	  -0.00008325       -0.00053105
	1	0	6	   0.00001179        0.00097168
	2	0	6	  -0.00005202       -0.00025168
	3	0	6	  -0.00000489        0.00019674
	-3	0	6	  -0.00000489        0.00019674
	-2	0	6	  -0.00005202       -0.00025168
	-1	0	6	   0.00001179        0.00097168
	0	1	6	   0.00021946        0.00050349
	1	1	6	  -0.00021319       -0.00135995
	2	1	6	   0.00014435        0.00024678
	3	1	6	  -0.00007885       -0.00046483
	-3	1	6	  -0.00007885       -0.00046483
	-2	1	6	   0.00014435        0.00024679
	-1	1	6	  -0.00021319       -0.00135995
	0	2	6	  -0.00003345       -0.00029354
	1	2	6	  -0.00001179        0.00059879
	2	2	6	  -0.00001913       -0.00012203
	3	2	6	  -0.00001122        0.00011362
	-3	2	6	  -0.00001122        0.00011362
	-2	2	6	  -0.00001913       -0.00012203
	-1	2	6	  -0.00001179        0.00059879
	0	3	6	   0.00004791        0.00007769
	1	3	6	  -0.00007001       -0.00048476
	2	3	6	   0.00003168        0.00001690
	-2	3	6	   0.00003168        0.00001690
	-1	3	6	  -0.00007001       -0.00048476
	0	-3	6	   0.00004791        0.00007769
	1	-3	6	  -0.00007001       -0.00048476
	2	-3	6	   0.00003168        0.00001690
	-2	-3	6	   0.00003168        0.00001690
	-1	-3	6	  -0.00007001       -0.00048476
	0	-2	6	  -0.00003345       -0.00029354
	1	-2	6	  -0.00001179        0.00059879
	2	-2	6	  -0.00001913       -0.00012203
	3	-2	6	  -0.00001122        0.00011362
	-3	-2	6	  -0.00001122        0.00011362
	-2	-2	6	  -0.00001913       -0.00012203
	-1	-2	6	  -0.00001179        0.00059879
	0	-1	6	   0.00021946        0.00050349
	1	-1	6	  -0.00021319       -0.00135995
	2	-1	6	   0.00014435        0.00024678
	3	-1	6	  -0.00007885       -0.00046483
	-3	-1	6	  -0.00007885       -0.00046483
	-2	-1	6	   0.00014435        0.00024679
	-1	-1	6	  -0.00021319       -0.00135995
	0	0	7	   0.00009186        0.00058596
	1	0	7	  -0.00007221       -0.00002992
	-1	0	7	  -0.00007221       -0.00002992
	0	1	7	   0.00002757       -0.00025488
	0	-1	7	   0.00002757       -0.00025488
	0	0	-7	   0.00009186        0.00058596
	1	0	-7	  -0.00007221       -0.00002992
	-1	0	-7	  -0.00007221       -0.00002992
	0	1	-7	   0.00002757       -0.00025488
	0	-1	-7	   0.00002757       -0.00025488
	0	0	-6	  -0.00008325       -0.00053105
	1	0	-6	   0.00001179        0.00097168
	2	0	-6	  -0.00005202       -0.00025168
	3	0	-6	  -0.00000489        0.00019674
	-3	0	-6	  -0.00000489        0.00019674
	-2	0	-6	  -0.00005202       -0.00025168
	-1	0	-6	   0.00001179        0.00097168
	0	1	-6	   0.00021946        0.00050349
	1	1	-6	  -0.00021319       -0.00135995
	2	1	-6	   0.00014435        0.00024679
	3	1	-6	  -0.00007885       -0.00046483
	-3	1	-6	  -0.00007885       -0.00046483
	-2	1	-6	   0.00014435        0.00024679
	-1	1	-6	  -0.00021319       -0.00135995
	0	2	-6	  -0.00003345       -0.00029354
	1	2	-6	  -0.00001179        0.00059879
	2	2	-6	  -0.00001913       -0.00012202
	3	2	-6	  -0.00001122        0.00011362
	-3	2	-6	  -0.00001122        0.00011362
	-2	2	-6	  -0.00001913       -0.00012203
	-1	2	-6	  -0.00001179        0.00059879
	0	3	-6	   0.00004791        0.00007769
	1	3	-6	  -0.00007001       -0.00048476
	2	3	-6	   0.00003168        0.00001690
	-2	3	-6	   0.00003168        0.00001690
	-1	3	-6	  -0.00007001       -0.00048476
	0	-3	-6	   0.00004791        0.00007769
	1	-3	-6	  -0.00007001       -0.00048476
	2	-3	-6	   0.00003168        0.00001690
	-2	-3	-6	   0.00003168        0.00001690
	-1	-3	-6	  -0.00007001       -0.00048476
	0	-2	-6	  -0.00003345       -0.00029354
	1	-2	-6	  -0.00001179        0.00059879
	2	-2	-6	  -0.00001913       -0.00012202
	3	-2	-6	  -0.00001122        0.00011362
	-3	-2	-6	  -0.00001122        0.00011362
	-2	-2	-6	  -0.00001913       -0.00012203
	-1	-2	-6	  -0.00001179        0.00059879
	0	-1	-6	   0.00021946        0.00050349
	1	-1	-6	  -0.00021319       -0.00135995
	2	-1	-6	   0.00014435        0.00024679
	3	-1	-6	  -0.00007885       -0.00046483
	-3	-1	-6	  -0.00007885       -0.00046484
	-2	-1	-6	   0.00014435        0.00024679
	-1	-1	-6	  -0.00021319       -0.00135995
	0	0	-5	   0.00082293        0.00524940
	1	0	-5	  -0.00075591       -0.00184521
	2	0	-5	   0.00045100        0.00276034
	3	0	-5	  -0.00032740       -0.00046349
	4	0	-5	   0.00008197        0.00043414
	5	0	-5	  -0.00006779       -0.00004249
	-5	0	-5	  -0.00006779       -0.00004249
	-4	0	-5	   0.00008197        0.00043414
	-3	0	-5	  -0.00032740       -0.00046349
	-2	0	-5	   0.00045100        0.00276034
	-1	0	-5	  -0.00075591       -0.00184521
	0	1	-5	  -0.00006634       -0.00339986
	1	1	-5	   0.00025696        0.00163916
	2	1	-5	  -0.00006912       -0.00153436
	3	1	-5	   0.00008103        0.00037063
	4	1	-5	  -0.00003203       -0.00001930
	-4	1	-5	  -0.00003203       -0.00001930
	-3	1	-5	   0.00008103        0.00037064
	-2	1	-5	  -0.00006912       -0.00153436
	-1	1	-5	   0.00025696        0.00163916
	0	2	-5	   0.00042400        0.00282121
	1	2	-5	  -0.00032242       -0.00096329
	2	2	-5	   0.00024116        0.00153836
	3	2	-5	  -0.00015843       -0.00024043
	4	2	-5	   0.00004273        0.00024328
	-4	2	-5	   0.00004273        0.00024328
	-3	2	-5	  -0.00015843       -0.00024043
	-2	2	-5	   0.00024116        0.00153836
	-1	2	-5	  -0.00032242       -0.00096329
	0	3	-5	   0.00004904       -0.00131218
	1	3	-5	   0.00004715        0.00044702
	2	3	-5	   0.00001999       -0.00064268
	3	3	-5	   0.00001437        0.00009166
	4	3	-5	   0.00000010       -0.00001623
	-4	3	-5	   0.00000010       -0.00001623
	-3	3	-5	   0.00001437        0.00009166
	-2	3	-5	   0.00001999       -0.00064268
	-1	3	-5	   0.00004715        0.00044702
	0	4	-5	   0.00006141        0.00048049
	1	4	-5	   0.00001083       -0.00011594
	2	4	-5	   0.00003594        0.00025860
	3	4	-5	  -0.00000381       -0.00000741
	-3	4	-5	  -0.00000381       -0.00000741
	-2	4	-5	   0.00003594        0.00025859
	-1	4	-5	   0.00001083       -0.00011594
	0	5	-5	   0.00002254       -0.00024615
	0	-5	-5	   0.00002254       -0.00024615
	0	-4	-5	   0.00006141        0.00048049
	1	-4	-5	   0.00001083       -0.00011594
	2	-4	-5	   0.00003594        0.00025859
	3	-4	-5	  -0.00000381       -0.00000741
	-3	-4	-5	  -0.00000381       -0.00000741
	-2	-4	-5	   0.00003594        0.00025860
	-1	-4	-5	   0.00001083       -0.00011594
	0	-3	-5	   0.00004904       -0.00131218
	1	-3	-5	   0.00004715        0.00044702
	2	-3	-5	   0.00001999       -0.00064268
	3	-3	-5	   0.00001437        0.00009166
	4	-3	-5	   0.00000010       -0.00001623
	-4	-3	-5	   0.00000010       -0.00001623
	-3	-3	-5	   0.00001437        0.00009166
	-2	-3	-5	   0.00001999       -0.00064268
	-1	-3	-5	   0.00004715        0.00044702
	0	-2	-5	   0.00042400        0.00282121
	1	-2	-5	  -0.00032242       -0.00096329
	2	-2	-5	   0.00024116        0.00153836
	3	-2	-5	  -0.00015843       -0.00024043
	4	-2	-5	   0.00004273        0.00024328
	-4	-2	-5	   0.00004273        0.00024328
	-3	-2	-5	  -0.00015843       -0.00024043
	-2	-2	-5	   0.00024116        0.00153836
	-1	-2	-5	  -0.00032242       -0.00096329
	0	-1	-5	  -0.00006634       -0.00339986
	1	-1	-5	   0.00025696        0.00163916
	2	-1	-5	  -0.00006912       -0.00153436
	3	-1	-5	   0.00008103        0.00037063
	4	-1	-5	  -0.00003203       -0.00001930
	-4	-1	-5	  -0.00003203       -0.00001930
	-3	-1	-5	   0.00008103        0.00037064
	-2	-1	-5	  -0.00006912       -0.00153436
	-1	-1	-5	   0.00025696        0.00163916
	0	0	-4	  -0.00123992       -0.00790939
	1	0	-4	   0.00051967        0.01053335
	2	0	-4	  -0.00065963       -0.00262977
	3	0	-4	   0.00018759        0.00103993
	4	0	-4	  -0.00013904       -0.00008714
	5	0	-4	   0.00004858       -0.00035232
	-5	0	-4	   0.00004858       -0.00035232
	-4	0	-4	  -0.00013904       -0.00008714
	-3	0	-4	   0.00018759        0.00103993
	-2	0	-4	  -0.00065963       -0.00262978
	-1	0	-4	   0.00051967        0.01053335
	0	1	-4	   0.00219186        0.00676335
	1	1	-4	  -0.00136974       -0.00873750
	2	1	-4	   0.00118396        0.00252364
	3	1	-4	  -0.00037932       -0.00155691
	4	1	-4	   0.00030047        0.00018832
	5	1	-4	  -0.00003210       -0.00002089
	-5	1	-4	  -0.00003210       -0.00002089
	-4	1	-4	   0.00030047        0.00018831
	-3	1	-4	  -0.00037932       -0.00155691
	-2	1	-4	   0.00118396        0.00252364
	-1	1	-4	  -0.00136974       -0.00873751
	0	2	-4	  -0.00029409       -0.00345390
	1	2	-4	   0.00001901        0.00515003
	2	2	-4	  -0.00019551       -0.00124717
	3	2	-4	   0.00004971        0.00062916
	4	2	-4	  -0.00005550       -0.00003478
	5	2	-4	   0.00002385       -0.00020156
	-5	2	-4	   0.00002385       -0.00020155
	-4	2	-4	  -0.00005550       -0.00003479
	-3	2	-4	   0.00004971        0.00062916
	-2	2	-4	  -0.00019551       -0.00124718
	-1	2	-4	   0.00001901        0.00515003
	0	3	-4	   0.00015129        0.00112176
	1	3	-4	  -0.00017946       -0.00200751
	2	3	-4	   0.00012200        0.00046619
	3	3	-4	  -0.00006252       -0.00039878
	4	3	-4	   0.00006601        0.00004137
	5	3	-4	   0.00000153        0.00001725
	-5	3	-4	   0.00000153        0.00001725
	-4	3	-4	   0.00006601        0.00004137
	-3	3	-4	  -0.00006251       -0.00039878
	-2	3	-4	   0.00012200        0.00046619
	-1	3	-4	  -0.00017946       -0.00200751
	0	4	-4	   0.00004624       -0.00050484
	1	4	-4	  -0.00009992        0.00109099
	2	4	-4	   0.00001846       -0.00020151
	3	4	-4	  -0.00002195        0.00023966
	4	4	-4	   0.00000000        0.00000000
	-4	4	-4	  -0.00000000       -0.00000000
	-3	4	-4	  -0.00002195        0.00023966
	-2	4	-4	   0.00001845       -0.00020151
	-1	4	-4	  -0.00009992        0.00109099
	0	5	-4	  -0.00010483       -0.00000647
	1	5	-4	   0.00001049       -0.00011693
	2	5	-4	  -0.00005808       -0.00001684
	3	5	-4	   0.00000327        0.00001332
	-3	5	-4	   0.00000327        0.00001333
	-2	5	-4	  -0.00005808       -0.00001684
	-1	5	-4	   0.00001050       -0.00011693
	0	-5	-4	  -0.00010483       -0.00000647
	1	-5	-4	   0.00001049       -0.00011692
	2	-5	-4	  -0.00005808       -0.00001684
	3	-5	-4	   0.00000327        0.00001332
	-3	-5	-4	   0.00000327        0.00001332
	-2	-5	-4	  -0.00005808       -0.00001684
	-1	-5	-4	   0.00001049       -0.00011693
	0	-4	-4	   0.00004623       -0.00050484
	1	-4	-4	  -0.00009992        0.00109099
	2	-4	-4	   0.00001845       -0.00020151
	3	-4	-4	  -0.00002195        0.00023966
	4	-4	-4	  -0.00000000       -0.00000000
	-4	-4	-4	  -0.00000000        0.00000000
	-3	-4	-4	  -0.00002195        0.00023966
	-2	-4	-4	   0.00001846       -0.00020151
	-1	-4	-4	  -0.00009992        0.00109099
	0	-3	-4	   0.00015129        0.00112176
	1	-3	-4	  -0.00017946       -0.00200751
	2	-3	-4	   0.00012200        0.00046619
	3	-3	-4	  -0.00006251       -0.00039878
	4	-3	-4	   0.00006600        0.00004137
	5	-3	-4	   0.00000153        0.00001725
	-5	-3	-4	   0.00000153        0.00001725
	-4	-3	-4	   0.00006600        0.00004137
	-3	-3	-4	  -0.00006252       -0.00039878
	-2	-3	-4	   0.00012200        0.00046619
	-1	-3	-4	  -0.00017946       -0.00200751
	0	-2	-4	  -0.00029408       -0.00345389
	1	-2	-4	   0.00001901        0.00515003
	2	-2	-4	  -0.00019552       -0.00124717
	3	-2	-4	   0.00004971        0.00062916
	4	-2	-4	  -0.00005550       -0.00003478
	5	-2	-4	   0.00002385       -0.00020155
	-5	-2	-4	   0.00002385       -0.00020155
	-4	-2	-4	  -0.00005550       -0.00003478
	-3	-2	-4	   0.00004971        0.00062916
	-2	-2	-4	  -0.00019551       -0.00124717
	-1	-2	-4	   0.00001901        0.00515003
	0	-1	-4	   0.00219186        0.00676335
	1	-1	-4	  -0.00136974       -0.00873750
	2	-1	-4	   0.00118396        0.00252364
	3	-1	-4	  -0.00037932       -0.00155691
	4	-1	-4	   0.00030047        0.00018832
	5	-1	-4	  -0.00003210       -0.00002089
	-5	-1	-4	  -0.00003210       -0.00002090
	-4	-1	-4	   0.00030047        0.00018831
	-3	-1	-4	  -0.00037932       -0.00155691
	-2	-1	-4	   0.00118396        0.00252364
	-1	-1	-4	  -0.00136974       -0.00873750
	0	0	-3	   0.00662965        0.04229009
	1	0	-3	  -0.00798879       -0.01840723
	2	0	-3	   0.00187787        0.00805205
	3	0	-3	  -0.00201475       -0.00126272
	4	0	-3	   0.00010713       -0.00085522
	5	0	-3	  -0.00030487        0.00006722
	6	0	-3	  -0.00002232       -0.00021380
	-6	0	-3	  -0.00002232       -0.00021380
	-5	0	-3	  -0.00030487        0.00006722
	-4	0	-3	   0.00010713       -0.00085522
	-3	0	-3	  -0.00201475       -0.00126272
	-2	0	-3	   0.00187788        0.00805205
	-1	0	-3	  -0.00798879       -0.01840724
	0	1	-3	  -0.00044772       -0.03540876
	1	1	-3	   0.00212237        0.01353848
	2	1	-3	  -0.00082254       -0.00800049
	3	1	-3	   0.00045475        0.00028500
	4	1	-3	  -0.00026424        0.00115357
	5	1	-3	   0.00005313       -0.00028655
	6	1	-3	  -0.00004261        0.00038871
	-6	1	-3	  -0.00004261        0.00038871
	-5	1	-3	   0.00005313       -0.00028655
	-4	1	-3	  -0.00026424        0.00115356
	-3	1	-3	   0.00045475        0.00028501
	-2	1	-3	  -0.00082254       -0.00800050
	-1	1	-3	   0.00212237        0.01353848
	0	2	-3	   0.00096820        0.01010291
	1	2	-3	  -0.00146042       -0.00656239
	2	2	-3	   0.00030371        0.00193733
	3	2	-3	  -0.00060364       -0.00037832
	4	2	-3	  -0.00000245       -0.00059954
	5	2	-3	  -0.00014612        0.00004955
	6	2	-3	  -0.00002174       -0.00013428
	-6	2	-3	  -0.00002174       -0.00013428
	-5	2	-3	  -0.00014612        0.00004955
	-4	2	-3	  -0.00000245       -0.00059955
	-3	2	-3	  -0.00060364       -0.00037833
	-2	2	-3	   0.00030371        0.00193733
	-1	2	-3	  -0.00146042       -0.00656240
	0	3	-3	   0.00066998       -0.00731549
	1	3	-3	  -0.00015122        0.00165117
	2	3	-3	   0.00020073       -0.00219179
	3	3	-3	  -0.00000000       -0.00000000
	4	3	-3	  -0.00003115        0.00034008
	5	3	-3	   0.00000716       -0.00007817
	-5	3	-3	   0.00000716       -0.00007817
	-4	3	-3	  -0.00003115        0.00034008
	-3	3	-3	  -0.00000000        0.00000000
	-2	3	-3	   0.00020073       -0.00219180
	-1	3	-3	  -0.00015122        0.00165118
	0	4	-3	  -0.00024929       -0.00005166
	1	4	-3	   0.00039347       -0.00032926
	2	4	-3	  -0.00013772       -0.00029459
	3	4	-3	   0.00009366        0.00005870
	4	4	-3	  -0.00004405       -0.00028103
	5	4	-3	  -0.00000337        0.00000291
	-5	4	-3	  -0.00000337        0.00000291
	-4	4	-3	  -0.00004406       -0.00028103
	-3	4	-3	   0.00009366        0.00005870
	-2	4	-3	  -0.00013772       -0.00029459
	-1	4	-3	   0.00039347       -0.00032926
	0	5	-3	   0.00016122       -0.00098358
	1	5	-3	  -0.00009176        0.00004011
	2	5	-3	   0.00008128       -0.00046313
	3	5	-3	  -0.00002153       -0.00001349
	4	5	-3	   0.00000228       -0.00000984
	-4	5	-3	   0.00000228       -0.00000984
	-3	5	-3	  -0.00002153       -0.00001349
	-2	5	-3	   0.00008128       -0.00046313
	-1	5	-3	  -0.00009176        0.00004011
	0	6	-3	  -0.00003886       -0.00017650
	1	6	-3	   0.00011040        0.00004373
	2	6	-3	  -0.00002072       -0.00013659
	-2	6	-3	  -0.00002072       -0.00013659
	-1	6	-3	   0.00011040        0.00004373
	0	-6	-3	  -0.00003886       -0.00017650
	1	-6	-3	   0.00011040        0.00004373
	2	-6	-3	  -0.00002072       -0.00013659
	-2	-6	-3	  -0.00002072       -0.00013659
	-1	-6	-3	   0.00011040        0.00004373
	0	-5	-3	   0.00016122       -0.00098358
	1	-5	-3	  -0.00009176        0.00004011
	2	-5	-3	   0.00008128       -0.00046313
	3	-5	-3	  -0.00002153       -0.00001349
	4	-5	-3	   0.00000228       -0.00000985
	-4	-5	-3	   0.00000228       -0.00000985
	-3	-5	-3	  -0.00002153       -0.00001349
	-2	-5	-3	   0.00008128       -0.00046313
	-1	-5	-3	  -0.00009176        0.00004011
	0	-4	-3	  -0.00024929       -0.00005166
	1	-4	-3	   0.00039347       -0.00032926
	2	-4	-3	  -0.00013772       -0.00029460
	3	-4	-3	   0.00009366        0.00005870
	4	-4	-3	  -0.00004406       -0.00028103
	5	-4	-3	  -0.00000337        0.00000291
	-5	-4	-3	  -0.00000337        0.00000291
	-4	-4	-3	  -0.00004406       -0.00028103
	-3	-4	-3	   0.00009366        0.00005870
	-2	-4	-3	  -0.00013772       -0.00029459
	-1	-4	-3	   0.00039347       -0.00032926
	0	-3	-3	   0.00066998       -0.00731548
	1	-3	-3	  -0.00015122        0.00165117
	2	-3	-3	   0.00020073       -0.00219180
	3	-3	-3	   0.00000000       -0.00000000
	4	-3	-3	  -0.00003115        0.00034008
	5	-3	-3	   0.00000716       -0.00007817
	-5	-3	-3	   0.00000716       -0.00007817
	-4	-3	-3	  -0.00003114        0.00034008
	-3	-3	-3	  -0.00000000       -0.00000000
	-2	-3	-3	   0.00020073       -0.00219179
	-1	-3	-3	  -0.00015122        0.00165117
	0	-2	-3	   0.00096821        0.01010292
	1	-2	-3	  -0.00146042       -0.00656239
	2	-2	-3	   0.00030371        0.00193733
	3	-2	-3	  -0.00060364       -0.00037833
	4	-2	-3	  -0.00000246       -0.00059955
	5	-2	-3	  -0.00014612        0.00004955
	6	-2	-3	  -0.00002174       -0.00013428
	-6	-2	-3	  -0.00002174       -0.00013428
	-5	-2	-3	  -0.00014612        0.00004955
	-4	-2	-3	  -0.00000245       -0.00059954
	-3	-2	-3	  -0.00060364       -0.00037832
	-2	-2	-3	   0.00030371        0.00193733
	-1	-2	-3	  -0.00146042       -0.00656239
	0	-1	-3	  -0.00044772       -0.03540875
	1	-1	-3	   0.00212237        0.01353847
	2	-1	-3	  -0.00082255       -0.00800049
	3	-1	-3	   0.00045475        0.00028500
	4	-1	-3	  -0.00026425        0.00115356
	5	-1	-3	   0.00005313       -0.00028655
	6	-1	-3	  -0.00004261        0.00038871
	-6	-1	-3	  -0.00004261        0.00038871
	-5	-1	-3	   0.00005313       -0.00028655
	-4	-1	-3	  -0.00026424        0.00115356
	-3	-1	-3	   0.00045475        0.00028501
	-2	-1	-3	  -0.00082254       -0.00800049
	-1	-1	-3	   0.00212237        0.01353848
	0	0	-2	  -0.01115637       -0.07116579
	1	0	-2	   0.00402571        0.07499781
	2	0	-2	  -0.00412278       -0.00258389
	3	0	-2	   0.00127813       -0.00607406
	4	0	-2	  -0.00046629        0.00192413
	5	0	-2	   0.00023486       -0.00233049
	6	0	-2	  -0.00003291        0.00019845
	-6	0	-2	  -0.00003291        0.00019845
	-5	0	-2	   0.00023486       -0.00233049
	-4	0	-2	  -0.00046628        0.00192412
	-3	0	-2	   0.00127813       -0.00607406
	-2	0	-2	  -0.00412278       -0.00258390
	-1	0	-2	   0.00402571        0.07499779
	0	1	-2	   0.01545057        0.04924021
	1	1	-2	  -0.00405564       -0.02587068
	2	1	-2	   0.00703160        0.00440698
	3	1	-2	  -0.00016959        0.00737868
	4	1	-2	   0.00102854       -0.00113698
	5	1	-2	   0.00006095        0.00152924
	6	1	-2	   0.00013071       -0.00007440
	-6	1	-2	   0.00013071       -0.00007440
	-5	1	-2	   0.00006095        0.00152924
	-4	1	-2	   0.00102854       -0.00113699
	-3	1	-2	  -0.00016960        0.00737867
	-2	1	-2	   0.00703160        0.00440698
	-1	1	-2	  -0.00405565       -0.02587070
	0	2	-2	   0.00137096       -0.01496969
	1	2	-2	  -0.00233827        0.02553153
	2	2	-2	  -0.00000000        0.00000001
	3	2	-2	   0.00015131       -0.00165216
	4	2	-2	  -0.00009741        0.00106359
	5	2	-2	   0.00012015       -0.00131191
	6	2	-2	  -0.00000953        0.00010406
	-6	2	-2	  -0.00000953        0.00010406
	-5	2	-2	   0.00012015       -0.00131191
	-4	2	-2	  -0.00009741        0.00106358
	-3	2	-2	   0.00015131       -0.00165215
	-2	2	-2	  -0.00000000       -0.00000002
	-1	2	-2	  -0.00233827        0.02553153
	0	3	-2	  -0.00201769        0.00135643
	1	3	-2	   0.00179034        0.00295996
	2	3	-2	  -0.00045502       -0.00028518
	3	3	-2	   0.00040291        0.00257012
	4	3	-2	   0.00008800       -0.00033457
	5	3	-2	   0.00007715        0.00070356
	6	3	-2	   0.00003194        0.00002297
	-6	3	-2	   0.00003194        0.00002297
	-5	3	-2	   0.00007715        0.00070356
	-4	3	-2	   0.00008800       -0.00033457
	-3	3	-2	   0.00040291        0.00257012
	-2	3	-2	  -0.00045502       -0.00028517
	-1	3	-2	   0.00179034        0.00295995
	0	4	-2	   0.00066849       -0.00063426
	1	4	-2	  -0.00075475        0.00288347
	2	4	-2	   0.00029292        0.00018359
	3	4	-2	  -0.00011955        0.00013336
	4	4	-2	   0.00003704        0.00023629
	5	4	-2	   0.00001535       -0.00022645
	-5	4	-2	   0.00001535       -0.00022645
	-4	4	-2	   0.00003704        0.00023629
	-3	4	-2	  -0.00011955        0.00013336
	-2	4	-2	   0.00029292        0.00018358
	-1	4	-2	  -0.00075475        0.00288347
	0	5	-2	  -0.00065207       -0.00033090
	1	5	-2	   0.00032514        0.00093360
	2	5	-2	  -0.00036131       -0.00022645
	3	5	-2	   0.00012613        0.00059313
	4	5	-2	  -0.00005979       -0.00005704
	-4	5	-2	  -0.00005979       -0.00005704
	-3	5	-2	   0.00012613        0.00059313
	-2	5	-2	  -0.00036131       -0.00022645
	-1	5	-2	   0.00032514        0.00093360
	0	6	-2	   0.00006169       -0.00001483
	1	6	-2	  -0.00007968        0.00039992
	2	6	-2	   0.00002866        0.00001796
	3	6	-2	  -0.00000994        0.00011738
	-3	6	-2	  -0.00000994        0.00011738
	-2	6	-2	   0.00002866        0.00001796
	-1	6	-2	  -0.00007968        0.00039992
	0	-6	-2	   0.00006169       -0.00001483
	1	-6	-2	  -0.00007968        0.00039992
	2	-6	-2	   0.00002866        0.00001796
	3	-6	-2	  -0.00000994        0.00011738
	-3	-6	-2	  -0.00000994        0.00011738
	-2	-6	-2	   0.00002866        0.00001796
	-1	-6	-2	  -0.00007968        0.00039992
	0	-5	-2	  -0.00065207       -0.00033090
	1	-5	-2	   0.00032514        0.00093360
	2	-5	-2	  -0.00036131       -0.00022645
	3	-5	-2	   0.00012613        0.00059313
	4	-5	-2	  -0.00005979       -0.00005704
	-4	-5	-2	  -0.00005979       -0.00005704
	-3	-5	-2	   0.00012613        0.00059313
	-2	-5	-2	  -0.00036131       -0.00022645
	-1	-5	-2	   0.00032514        0.00093360
	0	-4	-2	   0.00066849       -0.00063425
	1	-4	-2	  -0.00075475        0.00288347
	2	-4	-2	   0.00029292        0.00018358
	3	-4	-2	  -0.00011955        0.00013336
	4	-4	-2	   0.00003704        0.00023629
	5	-4	-2	   0.00001535       -0.00022645
	-5	-4	-2	   0.00001535       -0.00022645
	-4	-4	-2	   0.00003704        0.00023629
	-3	-4	-2	  -0.00011955        0.00013336
	-2	-4	-2	   0.00029292        0.00018359
	-1	-4	-2	  -0.00075475        0.00288348
	0	-3	-2	  -0.00201769        0.00135643
	1	-3	-2	   0.00179034        0.00295996
	2	-3	-2	  -0.00045502       -0.00028518
	3	-3	-2	   0.00040291        0.00257012
	4	-3	-2	   0.00008800       -0.00033457
	5	-3	-2	   0.00007715        0.00070356
	6	-3	-2	   0.00003194        0.00002297
	-6	-3	-2	   0.00003194        0.00002297
	-5	-3	-2	   0.00007715        0.00070356
	-4	-3	-2	   0.00008800       -0.00033457
	-3	-3	-2	   0.00040291        0.00257012
	-2	-3	-2	  -0.00045502       -0.00028518
	-1	-3	-2	   0.00179034        0.00295996
	0	-2	-2	   0.00137098       -0.01496965
	1	-2	-2	  -0.00233826        0.02553154
	2	-2	-2	   0.00000000        0.00000000
	3	-2	-2	   0.00015131       -0.00165216
	4	-2	-2	  -0.00009741        0.00106359
	5	-2	-2	   0.00012015       -0.00131191
	6	-2	-2	  -0.00000953        0.00010406
	-6	-2	-2	  -0.00000953        0.00010406
	-5	-2	-2	   0.00012015       -0.00131191
	-4	-2	-2	  -0.00009741        0.00106359
	-3	-2	-2	   0.00015131       -0.00165216
	-2	-2	-2	   0.00000001        0.00000002
	-1	-2	-2	  -0.00233826        0.02553155
	0	-1	-2	   0.01545057        0.04924023
	1	-1	-2	  -0.00405564       -0.02587068
	2	-1	-2	   0.00703160        0.00440698
	3	-1	-2	  -0.00016960        0.00737868
	4	-1	-2	   0.00102854       -0.00113699
	5	-1	-2	   0.00006095        0.00152924
	6	-1	-2	   0.00013071       -0.00007440
	-6	-1	-2	   0.00013071       -0.00007440
	-5	-1	-2	   0.00006095        0.00152924
	-4	-1	-2	   0.00102854       -0.00113699
	-3	-1	-2	  -0.00016960        0.00737868
	-2	-1	-2	   0.00703160        0.00440698
	-1	-1	-2	  -0.00405563       -0.02587066
	0	0	-1	   0.05516475        0.35189253
	1	0	-1	  -0.05616303       -0.03519956
	2	0	-1	  -0.00229659       -0.07391409
	3	0	-1	  -0.00681982        0.00912611
	4	0	-1	  -0.00037079       -0.01044005
	5	0	-1	  -0.00063627        0.00097267
	6	0	-1	  -0.00007233       -0.00100962
	7	0	-1	  -0.00007355       -0.00006144
	-7	0	-1	  -0.00007355       -0.00006144
	-6	0	-1	  -0.00007233       -0.00100962
	-5	0	-1	  -0.00063627        0.00097268
	-4	0	-1	  -0.00037079       -0.01044005
	-3	0	-1	  -0.00681982        0.00912610
	-2	0	-1	  -0.00229659       -0.07391410
	-1	0	-1	  -0.05616303       -0.03519955
	0	1	-1	   0.01867626       -0.20392627
	1	1	-1	  -0.00000000        0.00000000
	2	1	-1	  -0.00202056        0.02206249
	3	1	-1	   0.00105739       -0.01154562
	4	1	-1	  -0.00068242        0.00745133
	5	1	-1	   0.00012802       -0.00139788
	6	1	-1	  -0.00010621        0.00115976
	-6	1	-1	  -0.00010622        0.00115976
	-5	1	-1	   0.00012802       -0.00139788
	-4	1	-1	  -0.00068242        0.00745133
	-3	1	-1	   0.00105739       -0.01154560
	-2	1	-1	  -0.00202056        0.02206247
	-1	1	-1	  -0.00000000       -0.00000000
	0	2	-1	  -0.01602557       -0.04296184
	1	2	-1	   0.00607619        0.00380820
	2	2	-1	  -0.00469334       -0.02993851
	3	2	-1	  -0.00096780        0.00504053
	4	2	-1	  -0.00042921       -0.00540711
	5	2	-1	  -0.00025602        0.00060076
	6	2	-1	  -0.00006467       -0.00064671
	-6	2	-1	  -0.00006467       -0.00064671
	-5	2	-1	  -0.00025602        0.00060076
	-4	2	-1	  -0.00042921       -0.00540712
	-3	2	-1	  -0.00096780        0.00504052
	-2	2	-1	  -0.00469334       -0.02993852
	-1	2	-1	   0.00607620        0.00380817
	0	3	-1	   0.00537212       -0.01836089
	1	3	-1	  -0.00317976       -0.00199288
	2	3	-1	   0.00163001       -0.00081629
	3	3	-1	  -0.00030353       -0.00193619
	4	3	-1	  -0.00001414        0.00188617
	5	3	-1	   0.00001073       -0.00041075
	6	3	-1	  -0.00003155        0.00042110
	-6	3	-1	  -0.00003155        0.00042110
	-5	3	-1	   0.00001073       -0.00041075
	-4	3	-1	  -0.00001415        0.00188617
	-3	3	-1	  -0.00030352       -0.00193617
	-2	3	-1	   0.00163001       -0.00081630
	-1	3	-1	  -0.00317975       -0.00199287
	0	4	-1	  -0.00224137       -0.00622279
	1	4	-1	   0.00205216        0.00128617
	2	4	-1	  -0.00104755       -0.00401305
	3	4	-1	   0.00044370        0.00085395
	4	4	-1	  -0.00020055       -0.00127931
	5	4	-1	   0.00002154        0.00013623
	-5	4	-1	   0.00002154        0.00013622
	-4	4	-1	  -0.00020055       -0.00127931
	-3	4	-1	   0.00044370        0.00085394
	-2	4	-1	  -0.00104755       -0.00401305
	-1	4	-1	   0.00205216        0.00128616
	0	5	-1	   0.00052929       -0.00165511
	1	5	-1	  -0.00038499       -0.00024129
	2	5	-1	   0.00026148       -0.00056595
	3	5	-1	  -0.00010028       -0.00016047
	4	5	-1	   0.00002127        0.00013683
	-4	5	-1	   0.00002127        0.00013683
	-3	5	-1	  -0.00010028       -0.00016047
	-2	5	-1	   0.00026148       -0.00056595
	-1	5	-1	  -0.00038499       -0.00024129
	0	6	-1	  -0.00019933       -0.00072328
	1	6	-1	   0.00031941        0.00020019
	2	6	-1	  -0.00011892       -0.00052439
	3	6	-1	   0.00011263        0.00009605
	-3	6	-1	   0.00011262        0.00009605
	-2	6	-1	  -0.00011892       -0.00052439
	-1	6	-1	   0.00031941        0.00020019
	0	7	-1	   0.00002091       -0.00027439
	0	-7	-1	   0.00002091       -0.00027439
	0	-6	-1	  -0.00019933       -0.00072328
	1	-6	-1	   0.00031941        0.00020019
	2	-6	-1	  -0.00011892       -0.00052439
	3	-6	-1	   0.00011262        0.00009605
	-3	-6	-1	   0.00011262        0.00009605
	-2	-6	-1	  -0.00011892       -0.00052439
	-1	-6	-1	   0.00031941        0.00020019
	0	-5	-1	   0.00052929       -0.00165511
	1	-5	-1	  -0.00038499       -0.00024129
	2	-5	-1	   0.00026148       -0.00056595
	3	-5	-1	  -0.00010028       -0.00016047
	4	-5	-1	   0.00002127        0.00013683
	-4	-5	-1	   0.00002127        0.00013683
	-3	-5	-1	  -0.00010028       -0.00016047
	-2	-5	-1	   0.00026148       -0.00056595
	-1	-5	-1	  -0.00038499       -0.00024129
	0	-4	-1	  -0.00224137       -0.00622279
	1	-4	-1	   0.00205216        0.00128617
	2	-4	-1	  -0.00104755       -0.00401305
	3	-4	-1	   0.00044370        0.00085394
	4	-4	-1	  -0.00020055       -0.00127931
	5	-4	-1	   0.00002154        0.00013622
	-5	-4	-1	   0.00002154        0.00013623
	-4	-4	-1	  -0.00020055       -0.00127931
	-3	-4	-1	   0.00044370        0.00085395
	-2	-4	-1	  -0.00104755       -0.00401304
	-1	-4	-1	   0.00205216        0.00128617
	0	-3	-1	   0.00537212       -0.01836088
	1	-3	-1	  -0.00317976       -0.00199288
	2	-3	-1	   0.00163001       -0.00081629
	3	-3	-1	  -0.00030353       -0.00193618
	4	-3	-1	  -0.00001415        0.00188617
	5	-3	-1	   0.00001073       -0.00041075
	6	-3	-1	  -0.00003155        0.00042110
	-6	-3	-1	  -0.00003155        0.00042110
	-5	-3	-1	   0.00001073       -0.00041075
	-4	-3	-1	  -0.00001414        0.00188617
	-3	-3	-1	  -0.00030353       -0.00193619
	-2	-3	-1	   0.00163002       -0.00081628
	-1	-3	-1	  -0.00317977       -0.00199289
	0	-2	-1	  -0.01602556       -0.04296182
	1	-2	-1	   0.00607619        0.00380819
	2	-2	-1	  -0.00469334       -0.02993852
	3	-2	-1	  -0.00096780        0.00504053
	4	-2	-1	  -0.00042921       -0.00540712
	5	-2	-1	  -0.00025602        0.00060076
	6	-2	-1	  -0.00006467       -0.00064671
	-6	-2	-1	  -0.00006467       -0.00064671
	-5	-2	-1	  -0.00025602        0.00060076
	-4	-2	-1	  -0.00042921       -0.00540712
	-3	-2	-1	  -0.00096780        0.00504054
	-2	-2	-1	  -0.00469334       -0.02993851
	-1	-2	-1	   0.00607620        0.00380820
	0	-1	-1	   0.01867626       -0.20392628
	1	-1	-1	   0.00000000        0.00000001
	2	-1	-1	  -0.00202056        0.02206248
	3	-1	-1	   0.00105739       -0.01154561
	4	-1	-1	  -0.00068242        0.00745133
	5	-1	-1	   0.00012802       -0.00139788
	6	-1	-1	  -0.00010622        0.00115976
	-6	-1	-1	  -0.00010621        0.00115976
	-5	-1	-1	   0.00012802       -0.00139788
	-4	-1	-1	  -0.00068242        0.00745133
	-3	-1	-1	   0.00105738       -0.01154562
	-2	-1	-1	  -0.00202056        0.02206250
	-1	-1	-1	   0.00000000        0.00000001

n_band : 19,	energy : 2.4816,	occupation : 0.0
	0	0	0	  -0.00000000       -0.00000000
	1	0	0	  -0.23844947        0.06160302
	2	0	0	   0.04822337       -0.01245842
	3	0	0	  -0.02865662        0.00740340
	4	0	0	   0.00535956       -0.00138463
	5	0	0	  -0.00355710        0.00091897
	6	0	0	   0.00035985       -0.00009297
	7	0	0	  -0.00039706        0.00010258
	-7	0	0	  -0.00039706        0.00010258
	-6	0	0	   0.00035985       -0.00009297
	-5	0	0	  -0.00355710        0.00091897
	-4	0	0	   0.00535956       -0.00138463
	-3	0	0	  -0.02865663        0.00740338
	-2	0	0	   0.04822337       -0.01245843
	-1	0	0	  -0.23844947        0.06160302
	0	1	0	   0.32327604       -0.19350280
	1	1	0	  -0.05764323        0.08963147
	2	1	0	  -0.06326096        0.02775296
	3	1	0	   0.00426137        0.00643010
	4	1	0	  -0.00895853        0.00398439
	5	1	0	   0.00049945        0.00055962
	6	1	0	  -0.00088457        0.00043592
	7	1	0	  -0.00008838        0.00012248
	-7	1	0	  -0.00008838        0.00012248
	-6	1	0	  -0.00088457        0.00043592
	-5	1	0	   0.00049945        0.00055962
	-4	1	0	  -0.00895853        0.00398439
	-3	1	0	   0.00426137        0.00643010
	-2	1	0	  -0.06326095        0.02775298
	-1	1	0	  -0.05764323        0.08963146
	0	2	0	  -0.06537846        0.03913347
	1	2	0	   0.06503564       -0.03051252
	2	2	0	  -0.00423144        0.00657959
	3	2	0	  -0.00446566        0.00024524
	4	2	0	   0.00138393        0.00000751
	5	2	0	  -0.00184107        0.00044868
	6	2	0	   0.00015033       -0.00002030
	-6	2	0	   0.00015033       -0.00002029
	-5	2	0	  -0.00184107        0.00044868
	-4	2	0	   0.00138394        0.00000753
	-3	2	0	  -0.00446567        0.00024524
	-2	2	0	  -0.00423143        0.00657962
	-1	2	0	   0.06503566       -0.03051250
	0	3	0	   0.03885101       -0.02325497
	1	3	0	  -0.01946027        0.01720320
	2	3	0	   0.00770484       -0.00528195
	3	3	0	  -0.00206785        0.00321537
	4	3	0	  -0.00066515        0.00013559
	5	3	0	  -0.00009585        0.00040070
	6	3	0	  -0.00019082        0.00010203
	-6	3	0	  -0.00019082        0.00010203
	-5	3	0	  -0.00009585        0.00040070
	-4	3	0	  -0.00066515        0.00013559
	-3	3	0	  -0.00206785        0.00321537
	-2	3	0	   0.00770484       -0.00528195
	-1	3	0	  -0.01946027        0.01720321
	0	4	0	  -0.00726618        0.00434931
	1	4	0	   0.00911132       -0.00422198
	2	4	0	  -0.00253953        0.00178933
	3	4	0	   0.00096763       -0.00060593
	4	4	0	  -0.00014270        0.00022189
	5	4	0	  -0.00027180        0.00004969
	-5	4	0	  -0.00027180        0.00004969
	-4	4	0	  -0.00014270        0.00022190
	-3	4	0	   0.00096763       -0.00060593
	-2	4	0	  -0.00253952        0.00178935
	-1	4	0	   0.00911132       -0.00422198
	0	5	0	   0.00482251       -0.00288660
	1	5	0	  -0.00192832        0.00166219
	2	5	0	   0.00254500       -0.00154324
	3	5	0	  -0.00055308        0.00060835
	4	5	0	   0.00040579       -0.00025804
	5	5	0	  -0.00006958        0.00010819
	-5	5	0	  -0.00006958        0.00010819
	-4	5	0	   0.00040579       -0.00025804
	-3	5	0	  -0.00055309        0.00060835
	-2	5	0	   0.00254500       -0.00154324
	-1	5	0	  -0.00192833        0.00166219
	0	6	0	  -0.00048787        0.00029202
	1	6	0	   0.00082244       -0.00033931
	2	6	0	  -0.00023749        0.00015583
	3	6	0	   0.00016289       -0.00005860
	-3	6	0	   0.00016289       -0.00005860
	-2	6	0	  -0.00023749        0.00015583
	-1	6	0	   0.00082244       -0.00033931
	0	7	0	   0.00053831       -0.00032221
	1	7	0	  -0.00006123        0.00011015
	-1	7	0	  -0.00006123        0.00011015
	0	-7	0	   0.00053831       -0.00032221
	1	-7	0	  -0.00006123        0.00011015
	-1	-7	0	  -0.00006123        0.00011015
	0	-6	0	  -0.00048787        0.00029202
	1	-6	0	   0.00082244       -0.00033931
	2	-6	0	  -0.00023749        0.00015583
	3	-6	0	   0.00016289       -0.00005860
	-3	-6	0	   0.00016289       -0.00005860
	-2	-6	0	  -0.00023749        0.00015583
	-1	-6	0	   0.00082244       -0.00033931
	0	-5	0	   0.00482251       -0.00288660
	1	-5	0	  -0.00192833        0.00166218
	2	-5	0	   0.00254500       -0.00154324
	3	-5	0	  -0.00055309        0.00060835
	4	-5	0	   0.00040579       -0.00025804
	5	-5	0	  -0.00006958        0.00010819
	-5	-5	0	  -0.00006958        0.00010819
	-4	-5	0	   0.00040579       -0.00025804
	-3	-5	0	  -0.00055308        0.00060835
	-2	-5	0	   0.00254500       -0.00154324
	-1	-5	0	  -0.00192833        0.00166218
	0	-4	0	  -0.00726618        0.00434930
	1	-4	0	   0.00911133       -0.00422198
	2	-4	0	  -0.00253952        0.00178935
	3	-4	0	   0.00096763       -0.00060593
	4	-4	0	  -0.00014270        0.00022190
	5	-4	0	  -0.00027180        0.00004969
	-5	-4	0	  -0.00027180        0.00004969
	-4	-4	0	  -0.00014270        0.00022189
	-3	-4	0	   0.00096763       -0.00060593
	-2	-4	0	  -0.00253953        0.00178933
	-1	-4	0	   0.00911132       -0.00422198
	0	-3	0	   0.03885100       -0.02325499
	1	-3	0	  -0.01946027        0.01720321
	2	-3	0	   0.00770484       -0.00528196
	3	-3	0	  -0.00206785        0.00321537
	4	-3	0	  -0.00066515        0.00013559
	5	-3	0	  -0.00009585        0.00040070
	6	-3	0	  -0.00019082        0.00010203
	-6	-3	0	  -0.00019082        0.00010203
	-5	-3	0	  -0.00009585        0.00040070
	-4	-3	0	  -0.00066515        0.00013559
	-3	-3	0	  -0.00206785        0.00321537
	-2	-3	0	   0.00770484       -0.00528195
	-1	-3	0	  -0.01946027        0.01720320
	0	-2	0	  -0.06537846        0.03913347
	1	-2	0	   0.06503565       -0.03051250
	2	-2	0	  -0.00423143        0.00657961
	3	-2	0	  -0.00446566        0.00024524
	4	-2	0	   0.00138394        0.00000753
	5	-2	0	  -0.00184107        0.00044868
	6	-2	0	   0.00015033       -0.00002029
	-6	-2	0	   0.00015033       -0.00002030
	-5	-2	0	  -0.00184107        0.00044868
	-4	-2	0	   0.00138393        0.00000751
	-3	-2	0	  -0.00446566        0.00024524
	-2	-2	0	  -0.00423144        0.00657960
	-1	-2	0	   0.06503564       -0.03051252
	0	-1	0	   0.32327604       -0.19350280
	1	-1	0	  -0.05764324        0.08963146
	2	-1	0	  -0.06326094        0.02775299
	3	-1	0	   0.00426137        0.00643010
	4	-1	0	  -0.00895853        0.00398439
	5	-1	0	   0.00049945        0.00055962
	6	-1	0	  -0.00088457        0.00043592
	7	-1	0	  -0.00008838        0.00012248
	-7	-1	0	  -0.00008838        0.00012248
	-6	-1	0	  -0.00088457        0.00043592
	-5	-1	0	   0.00049945        0.00055962
	-4	-1	0	  -0.00895853        0.00398438
	-3	-1	0	   0.00426136        0.00643010
	-2	-1	0	  -0.06326096        0.02775297
	-1	-1	0	  -0.05764323        0.08963147
	0	0	1	  -0.08482657        0.13189977
	1	0	1	   0.21967971       -0.13149332
	2	0	1	  -0.02092524       -0.00600361
	3	0	1	   0.03220544       -0.01585124
	4	0	1	  -0.00276207       -0.00095639
	5	0	1	   0.00305471       -0.00147783
	6	0	1	  -0.00011504       -0.00017767
	7	0	1	   0.00028137       -0.00017234
	-7	0	1	   0.00028137       -0.00017234
	-6	0	1	  -0.00011503       -0.00017767
	-5	0	1	   0.00305471       -0.00147783
	-4	0	1	  -0.00276207       -0.00095639
	-3	0	1	   0.03220543       -0.01585124
	-2	0	1	  -0.02092523       -0.00600362
	-1	0	1	   0.21967971       -0.13149332
	0	1	1	  -0.16203648        0.04186185
	1	1	1	  -0.00000000        0.00000001
	2	1	1	   0.01753050       -0.00452898
	3	1	1	  -0.00917395        0.00237007
	4	1	1	   0.00592070       -0.00152961
	5	1	1	  -0.00111073        0.00028695
	6	1	1	   0.00092153       -0.00023808
	-6	1	1	   0.00092153       -0.00023808
	-5	1	1	  -0.00111073        0.00028695
	-4	1	1	   0.00592071       -0.00152960
	-3	1	1	  -0.00917396        0.00237007
	-2	1	1	   0.01753050       -0.00452897
	-1	1	1	   0.00000001        0.00000001
	0	2	1	   0.04909913       -0.03780494
	1	2	1	  -0.02376682        0.01422607
	2	2	1	   0.00721693       -0.01122184
	3	2	1	   0.00611590       -0.00221706
	4	2	1	  -0.00044153       -0.00104933
	5	2	1	   0.00131554       -0.00059283
	6	2	1	   0.00000279       -0.00015665
	-6	2	1	   0.00000279       -0.00015665
	-5	2	1	   0.00131554       -0.00059283
	-4	2	1	  -0.00044152       -0.00104932
	-3	2	1	   0.00611590       -0.00221705
	-2	2	1	   0.00721691       -0.01122185
	-1	2	1	  -0.02376682        0.01422607
	0	3	1	  -0.02997931        0.01238977
	1	3	1	   0.01243752       -0.00744471
	2	3	1	  -0.00713419        0.00380043
	3	3	1	   0.00046674       -0.00072573
	4	3	1	   0.00083735       -0.00001673
	5	3	1	  -0.00021425        0.00002152
	6	3	1	   0.00030536       -0.00007006
	-6	3	1	   0.00030536       -0.00007006
	-5	3	1	  -0.00021426        0.00002151
	-4	3	1	   0.00083736       -0.00001673
	-3	3	1	   0.00046672       -0.00072575
	-2	3	1	  -0.00713418        0.00380043
	-1	3	1	   0.01243751       -0.00744472
	0	4	1	   0.00677878       -0.00528933
	1	4	1	  -0.00802695        0.00480468
	2	4	1	   0.00271233       -0.00248164
	3	4	1	  -0.00149788        0.00104381
	4	4	1	   0.00030839       -0.00047953
	5	4	1	  -0.00003360        0.00005149
	-5	4	1	  -0.00003360        0.00005149
	-4	4	1	   0.00030839       -0.00047952
	-3	4	1	  -0.00149788        0.00104381
	-2	4	1	   0.00271233       -0.00248163
	-1	4	1	  -0.00802695        0.00480468
	0	5	1	  -0.00289021        0.00122204
	1	5	1	   0.00150586       -0.00090136
	2	5	1	  -0.00132393        0.00060588
	3	5	1	   0.00035195       -0.00023562
	4	5	1	  -0.00003223        0.00005086
	-4	5	1	  -0.00003222        0.00005086
	-3	5	1	   0.00035195       -0.00023563
	-2	5	1	  -0.00132393        0.00060588
	-1	5	1	   0.00150586       -0.00090136
	0	6	1	   0.00053276       -0.00047187
	1	6	1	  -0.00124935        0.00074782
	2	6	1	   0.00027951       -0.00028232
	3	6	1	  -0.00043002        0.00026391
	-3	6	1	  -0.00043002        0.00026391
	-2	6	1	   0.00027951       -0.00028232
	-1	6	1	  -0.00124935        0.00074782
	0	7	1	  -0.00020041        0.00004646
	0	-7	1	  -0.00020041        0.00004646
	0	-6	1	   0.00053276       -0.00047187
	1	-6	1	  -0.00124935        0.00074782
	2	-6	1	   0.00027951       -0.00028232
	3	-6	1	  -0.00043002        0.00026391
	-3	-6	1	  -0.00043002        0.00026391
	-2	-6	1	   0.00027951       -0.00028232
	-1	-6	1	  -0.00124935        0.00074782
	0	-5	1	  -0.00289021        0.00122203
	1	-5	1	   0.00150586       -0.00090136
	2	-5	1	  -0.00132393        0.00060588
	3	-5	1	   0.00035195       -0.00023563
	4	-5	1	  -0.00003222        0.00005086
	-4	-5	1	  -0.00003222        0.00005086
	-3	-5	1	   0.00035195       -0.00023562
	-2	-5	1	  -0.00132393        0.00060588
	-1	-5	1	   0.00150587       -0.00090136
	0	-4	1	   0.00677878       -0.00528933
	1	-4	1	  -0.00802696        0.00480468
	2	-4	1	   0.00271233       -0.00248163
	3	-4	1	  -0.00149788        0.00104381
	4	-4	1	   0.00030839       -0.00047952
	5	-4	1	  -0.00003360        0.00005149
	-5	-4	1	  -0.00003360        0.00005149
	-4	-4	1	   0.00030839       -0.00047953
	-3	-4	1	  -0.00149789        0.00104381
	-2	-4	1	   0.00271233       -0.00248164
	-1	-4	1	  -0.00802696        0.00480467
	0	-3	1	  -0.02997931        0.01238976
	1	-3	1	   0.01243752       -0.00744471
	2	-3	1	  -0.00713419        0.00380043
	3	-3	1	   0.00046673       -0.00072575
	4	-3	1	   0.00083736       -0.00001673
	5	-3	1	  -0.00021426        0.00002151
	6	-3	1	   0.00030536       -0.00007006
	-6	-3	1	   0.00030536       -0.00007006
	-5	-3	1	  -0.00021425        0.00002152
	-4	-3	1	   0.00083735       -0.00001674
	-3	-3	1	   0.00046674       -0.00072573
	-2	-3	1	  -0.00713419        0.00380042
	-1	-3	1	   0.01243752       -0.00744469
	0	-2	1	   0.04909911       -0.03780495
	1	-2	1	  -0.02376683        0.01422607
	2	-2	1	   0.00721692       -0.01122185
	3	-2	1	   0.00611590       -0.00221706
	4	-2	1	  -0.00044152       -0.00104932
	5	-2	1	   0.00131554       -0.00059283
	6	-2	1	   0.00000279       -0.00015665
	-6	-2	1	   0.00000279       -0.00015665
	-5	-2	1	   0.00131554       -0.00059283
	-4	-2	1	  -0.00044152       -0.00104933
	-3	-2	1	   0.00611589       -0.00221706
	-2	-2	1	   0.00721693       -0.01122183
	-1	-2	1	  -0.02376682        0.01422606
	0	-1	1	  -0.16203648        0.04186186
	1	-1	1	  -0.00000000        0.00000001
	2	-1	1	   0.01753049       -0.00452898
	3	-1	1	  -0.00917395        0.00237007
	4	-1	1	   0.00592071       -0.00152960
	5	-1	1	  -0.00111073        0.00028695
	6	-1	1	   0.00092153       -0.00023807
	-6	-1	1	   0.00092153       -0.00023808
	-5	-1	1	  -0.00111073        0.00028696
	-4	-1	1	   0.00592071       -0.00152961
	-3	-1	1	  -0.00917395        0.00237008
	-2	-1	1	   0.01753049       -0.00452899
	-1	-1	1	  -0.00000001       -0.00000000
	0	0	2	   0.01715510       -0.02667506
	1	0	2	   0.01416182        0.01005197
	2	0	2	   0.01612609       -0.00965255
	3	0	2	  -0.00783651        0.00293301
	4	0	2	   0.00273848       -0.00107253
	5	0	2	  -0.00194110        0.00052844
	6	0	2	   0.00021913       -0.00007515
	-6	0	2	   0.00021913       -0.00007515
	-5	0	2	  -0.00194110        0.00052844
	-4	0	2	   0.00273849       -0.00107254
	-3	0	2	  -0.00783652        0.00293301
	-2	0	2	   0.01612609       -0.00965256
	-1	0	2	   0.01416183        0.01005197
	0	1	2	  -0.04411041        0.03651612
	1	1	2	   0.00623634       -0.00969710
	2	1	2	  -0.02750387        0.01646294
	3	1	2	   0.00375220       -0.00033235
	4	1	2	  -0.00475832        0.00239269
	5	1	2	   0.00037692        0.00015559
	6	1	2	  -0.00057577        0.00030468
	-6	1	2	  -0.00057577        0.00030467
	-5	1	2	   0.00037692        0.00015559
	-4	1	2	  -0.00475831        0.00239269
	-3	1	2	   0.00375221       -0.00033235
	-2	1	2	  -0.02750386        0.01646295
	-1	1	2	   0.00623635       -0.00969709
	0	2	2	  -0.01189465        0.00307298
	1	2	2	   0.02028693       -0.00524110
	2	2	2	  -0.00000000        0.00000001
	3	2	2	  -0.00131277        0.00033916
	4	2	2	   0.00084511       -0.00021833
	5	2	2	  -0.00104242        0.00026931
	6	2	2	   0.00008269       -0.00002136
	-6	2	2	   0.00008269       -0.00002136
	-5	2	2	  -0.00104242        0.00026931
	-4	2	2	   0.00084512       -0.00021833
	-3	2	2	  -0.00131278        0.00033915
	-2	2	2	   0.00000002        0.00000002
	-1	2	2	   0.02028693       -0.00524109
	0	3	2	   0.00897373       -0.00470131
	1	3	2	  -0.00624441        0.00420758
	2	3	2	   0.00177978       -0.00106532
	3	3	2	  -0.00061955        0.00096336
	4	3	2	  -0.00050505        0.00020267
	5	3	2	  -0.00003137        0.00018629
	6	3	2	  -0.00012370        0.00007480
	-6	3	2	  -0.00012370        0.00007480
	-5	3	2	  -0.00003137        0.00018629
	-4	3	2	  -0.00050505        0.00020267
	-3	3	2	  -0.00061955        0.00096336
	-2	3	2	   0.00177979       -0.00106533
	-1	3	2	  -0.00624441        0.00420759
	0	4	2	  -0.00304941        0.00155603
	1	4	2	   0.00433731       -0.00173805
	2	4	2	  -0.00114575        0.00068581
	3	4	2	   0.00055356       -0.00027809
	4	4	2	  -0.00005696        0.00008857
	5	4	2	  -0.00015746        0.00003390
	-5	4	2	  -0.00015746        0.00003390
	-4	4	2	  -0.00005696        0.00008857
	-3	4	2	   0.00055356       -0.00027809
	-2	4	2	  -0.00114574        0.00068582
	-1	4	2	   0.00433731       -0.00173805
	0	5	2	   0.00258266       -0.00152601
	1	5	2	  -0.00097060        0.00076756
	2	5	2	   0.00141326       -0.00084593
	3	5	2	  -0.00028120        0.00029975
	4	5	2	   0.00022580       -0.00014016
	-4	5	2	   0.00022580       -0.00014016
	-3	5	2	  -0.00028121        0.00029975
	-2	5	2	   0.00141326       -0.00084593
	-1	5	2	  -0.00097060        0.00076756
	0	6	2	  -0.00026339        0.00014398
	1	6	2	   0.00049730       -0.00018266
	2	6	2	  -0.00011210        0.00006710
	3	6	2	   0.00008987       -0.00002219
	-3	6	2	   0.00008987       -0.00002219
	-2	6	2	  -0.00011210        0.00006710
	-1	6	2	   0.00049730       -0.00018266
	0	-6	2	  -0.00026339        0.00014398
	1	-6	2	   0.00049730       -0.00018266
	2	-6	2	  -0.00011210        0.00006710
	3	-6	2	   0.00008987       -0.00002219
	-3	-6	2	   0.00008987       -0.00002219
	-2	-6	2	  -0.00011210        0.00006710
	-1	-6	2	   0.00049730       -0.00018266
	0	-5	2	   0.00258266       -0.00152601
	1	-5	2	  -0.00097061        0.00076756
	2	-5	2	   0.00141326       -0.00084593
	3	-5	2	  -0.00028121        0.00029975
	4	-5	2	   0.00022580       -0.00014016
	-4	-5	2	   0.00022580       -0.00014016
	-3	-5	2	  -0.00028121        0.00029975
	-2	-5	2	   0.00141326       -0.00084593
	-1	-5	2	  -0.00097061        0.00076756
	0	-4	2	  -0.00304943        0.00155601
	1	-4	2	   0.00433731       -0.00173806
	2	-4	2	  -0.00114576        0.00068581
	3	-4	2	   0.00055355       -0.00027809
	4	-4	2	  -0.00005696        0.00008857
	5	-4	2	  -0.00015746        0.00003390
	-5	-4	2	  -0.00015746        0.00003390
	-4	-4	2	  -0.00005696        0.00008856
	-3	-4	2	   0.00055355       -0.00027809
	-2	-4	2	  -0.00114576        0.00068580
	-1	-4	2	   0.00433731       -0.00173806
	0	-3	2	   0.00897373       -0.00470131
	1	-3	2	  -0.00624442        0.00420758
	2	-3	2	   0.00177979       -0.00106532
	3	-3	2	  -0.00061955        0.00096336
	4	-3	2	  -0.00050505        0.00020267
	5	-3	2	  -0.00003137        0.00018629
	6	-3	2	  -0.00012370        0.00007480
	-6	-3	2	  -0.00012370        0.00007480
	-5	-3	2	  -0.00003137        0.00018629
	-4	-3	2	  -0.00050505        0.00020267
	-3	-3	2	  -0.00061955        0.00096335
	-2	-3	2	   0.00177979       -0.00106532
	-1	-3	2	  -0.00624442        0.00420757
	0	-2	2	  -0.01189467        0.00307297
	1	-2	2	   0.02028694       -0.00524109
	2	-2	2	  -0.00000001        0.00000002
	3	-2	2	  -0.00131278        0.00033915
	4	-2	2	   0.00084511       -0.00021832
	5	-2	2	  -0.00104242        0.00026931
	6	-2	2	   0.00008269       -0.00002136
	-6	-2	2	   0.00008269       -0.00002136
	-5	-2	2	  -0.00104242        0.00026931
	-4	-2	2	   0.00084511       -0.00021834
	-3	-2	2	  -0.00131278        0.00033916
	-2	-2	2	  -0.00000001       -0.00000002
	-1	-2	2	   0.02028695       -0.00524109
	0	-1	2	  -0.04411042        0.03651612
	1	-1	2	   0.00623634       -0.00969709
	2	-1	2	  -0.02750386        0.01646295
	3	-1	2	   0.00375220       -0.00033235
	4	-1	2	  -0.00475832        0.00239270
	5	-1	2	   0.00037692        0.00015559
	6	-1	2	  -0.00057577        0.00030468
	-6	-1	2	  -0.00057577        0.00030467
	-5	-1	2	   0.00037692        0.00015558
	-4	-1	2	  -0.00475831        0.00239269
	-3	-1	2	   0.00375220       -0.00033236
	-2	-1	2	  -0.02750387        0.01646295
	-1	-1	2	   0.00623633       -0.00969711
	0	0	3	  -0.01019436        0.01585157
	1	0	3	   0.02571794       -0.01881986
	2	0	3	  -0.00450807        0.00445607
	3	0	3	   0.00788061       -0.00471708
	4	0	3	  -0.00079966        0.00024284
	5	0	3	   0.00129908       -0.00071155
	6	0	3	   0.00000485       -0.00005399
	-6	0	3	   0.00000485       -0.00005399
	-5	0	3	   0.00129908       -0.00071155
	-4	0	3	  -0.00079966        0.00024284
	-3	0	3	   0.00788061       -0.00471709
	-2	0	3	  -0.00450808        0.00445607
	-1	0	3	   0.02571794       -0.01881986
	0	1	3	  -0.01274516       -0.00135197
	1	1	3	  -0.00326356        0.00507461
	2	1	3	   0.00012851       -0.00199052
	3	1	3	  -0.00177873        0.00106468
	4	1	3	   0.00157797       -0.00060726
	5	1	3	  -0.00033981        0.00012162
	6	1	3	   0.00033810       -0.00009617
	-6	1	3	   0.00033810       -0.00009617
	-5	1	3	  -0.00033981        0.00012163
	-4	1	3	   0.00157797       -0.00060726
	-3	1	3	  -0.00177873        0.00106469
	-2	1	3	   0.00012853       -0.00199052
	-1	1	3	  -0.00326357        0.00507461
	0	2	3	   0.00013167        0.00234895
	1	2	3	   0.00338199       -0.00346807
	2	2	3	  -0.00046701        0.00072617
	3	2	3	   0.00236111       -0.00141329
	4	2	3	  -0.00023718       -0.00001092
	5	2	3	   0.00062978       -0.00034089
	6	2	3	   0.00003526       -0.00005195
	-6	2	3	   0.00003526       -0.00005195
	-5	2	3	   0.00062978       -0.00034088
	-4	2	3	  -0.00023718       -0.00001092
	-3	2	3	   0.00236112       -0.00141328
	-2	2	3	  -0.00046701        0.00072617
	-1	2	3	   0.00338199       -0.00346807
	0	3	3	  -0.00581277        0.00150172
	1	3	3	   0.00131199       -0.00033896
	2	3	3	  -0.00174157        0.00044993
	3	3	3	   0.00000000       -0.00000000
	4	3	3	   0.00027022       -0.00006981
	5	3	3	  -0.00006211        0.00001605
	-5	3	3	  -0.00006211        0.00001605
	-4	3	3	   0.00027022       -0.00006981
	-3	3	3	  -0.00000001       -0.00000000
	-2	3	3	  -0.00174156        0.00044993
	-1	3	3	   0.00131198       -0.00033896
	0	4	3	   0.00101827       -0.00058276
	1	4	3	  -0.00177667        0.00091624
	2	4	3	   0.00045272       -0.00032423
	3	4	3	  -0.00036635        0.00021928
	4	4	3	   0.00006774       -0.00010534
	5	4	3	   0.00001526       -0.00000785
	-5	4	3	   0.00001526       -0.00000785
	-4	4	3	   0.00006775       -0.00010534
	-3	4	3	  -0.00036635        0.00021929
	-2	4	3	   0.00045272       -0.00032423
	-1	4	3	  -0.00177667        0.00091624
	0	5	3	  -0.00107818        0.00036807
	1	5	3	   0.00039921       -0.00021400
	2	5	3	  -0.00053009        0.00018586
	3	5	3	   0.00008421       -0.00005040
	4	5	3	  -0.00001359        0.00000525
	-4	5	3	  -0.00001359        0.00000525
	-3	5	3	   0.00008421       -0.00005040
	-2	5	3	  -0.00053009        0.00018586
	-1	5	3	   0.00039921       -0.00021400
	0	6	3	   0.00008923       -0.00009231
	1	6	3	  -0.00044235        0.00025827
	2	6	3	   0.00003003       -0.00004958
	-2	6	3	   0.00003003       -0.00004958
	-1	6	3	  -0.00044235        0.00025827
	0	-6	3	   0.00008923       -0.00009231
	1	-6	3	  -0.00044235        0.00025827
	2	-6	3	   0.00003003       -0.00004958
	-2	-6	3	   0.00003003       -0.00004958
	-1	-6	3	  -0.00044235        0.00025827
	0	-5	3	  -0.00107818        0.00036807
	1	-5	3	   0.00039922       -0.00021400
	2	-5	3	  -0.00053008        0.00018587
	3	-5	3	   0.00008421       -0.00005041
	4	-5	3	  -0.00001359        0.00000525
	-4	-5	3	  -0.00001359        0.00000525
	-3	-5	3	   0.00008421       -0.00005040
	-2	-5	3	  -0.00053008        0.00018586
	-1	-5	3	   0.00039922       -0.00021400
	0	-4	3	   0.00101827       -0.00058276
	1	-4	3	  -0.00177668        0.00091624
	2	-4	3	   0.00045272       -0.00032423
	3	-4	3	  -0.00036635        0.00021929
	4	-4	3	   0.00006775       -0.00010534
	5	-4	3	   0.00001526       -0.00000785
	-5	-4	3	   0.00001526       -0.00000785
	-4	-4	3	   0.00006774       -0.00010534
	-3	-4	3	  -0.00036635        0.00021928
	-2	-4	3	   0.00045272       -0.00032423
	-1	-4	3	  -0.00177668        0.00091623
	0	-3	3	  -0.00581277        0.00150172
	1	-3	3	   0.00131200       -0.00033895
	2	-3	3	  -0.00174157        0.00044994
	3	-3	3	   0.00000000       -0.00000000
	4	-3	3	   0.00027022       -0.00006981
	5	-3	3	  -0.00006211        0.00001605
	-5	-3	3	  -0.00006211        0.00001605
	-4	-3	3	   0.00027022       -0.00006981
	-3	-3	3	   0.00000000        0.00000001
	-2	-3	3	  -0.00174157        0.00044993
	-1	-3	3	   0.00131200       -0.00033894
	0	-2	3	   0.00013168        0.00234895
	1	-2	3	   0.00338198       -0.00346807
	2	-2	3	  -0.00046701        0.00072617
	3	-2	3	   0.00236111       -0.00141329
	4	-2	3	  -0.00023718       -0.00001091
	5	-2	3	   0.00062978       -0.00034089
	6	-2	3	   0.00003526       -0.00005195
	-6	-2	3	   0.00003526       -0.00005195
	-5	-2	3	   0.00062978       -0.00034089
	-4	-2	3	  -0.00023718       -0.00001092
	-3	-2	3	   0.00236111       -0.00141329
	-2	-2	3	  -0.00046701        0.00072617
	-1	-2	3	   0.00338198       -0.00346808
	0	-1	3	  -0.01274517       -0.00135197
	1	-1	3	  -0.00326355        0.00507461
	2	-1	3	   0.00012852       -0.00199052
	3	-1	3	  -0.00177872        0.00106468
	4	-1	3	   0.00157797       -0.00060726
	5	-1	3	  -0.00033981        0.00012162
	6	-1	3	   0.00033810       -0.00009617
	-6	-1	3	   0.00033810       -0.00009617
	-5	-1	3	  -0.00033981        0.00012163
	-4	-1	3	   0.00157797       -0.00060727
	-3	-1	3	  -0.00177873        0.00106470
	-2	-1	3	   0.00012852       -0.00199053
	-1	-1	3	  -0.00326355        0.00507462
	0	0	4	   0.00190662       -0.00296467
	1	0	4	   0.00217975        0.00130495
	2	0	4	   0.00166548       -0.00156353
	3	0	4	  -0.00035312        0.00044717
	4	0	4	   0.00054383       -0.00032552
	5	0	4	  -0.00034798        0.00011043
	-5	0	4	  -0.00034798        0.00011043
	-4	0	4	   0.00054384       -0.00032553
	-3	0	4	  -0.00035312        0.00044717
	-2	0	4	   0.00166549       -0.00156354
	-1	0	4	   0.00217975        0.00130495
	0	1	4	  -0.00634926        0.00517837
	1	1	4	   0.00210625       -0.00327507
	2	1	4	  -0.00389579        0.00278738
	3	1	4	   0.00093932       -0.00089950
	4	1	4	  -0.00117527        0.00070348
	5	1	4	   0.00012524       -0.00007516
	-5	1	4	   0.00012524       -0.00007516
	-4	1	4	  -0.00117527        0.00070348
	-3	1	4	   0.00093932       -0.00089951
	-2	1	4	  -0.00389578        0.00278738
	-1	1	4	   0.00210625       -0.00327507
	0	2	4	  -0.00019895       -0.00071680
	1	2	4	   0.00204599        0.00008895
	2	2	4	   0.00030064       -0.00046747
	3	2	4	   0.00005233        0.00012156
	4	2	4	   0.00021708       -0.00012993
	5	2	4	  -0.00018262        0.00005396
	-5	2	4	  -0.00018262        0.00005396
	-4	2	4	   0.00021708       -0.00012993
	-3	2	4	   0.00005233        0.00012156
	-2	2	4	   0.00030065       -0.00046747
	-1	2	4	   0.00204599        0.00008895
	0	3	4	  -0.00016798        0.00036309
	1	3	4	  -0.00008008       -0.00043654
	2	3	4	  -0.00031637        0.00028901
	3	3	4	   0.00009613       -0.00014947
	4	3	4	  -0.00025818        0.00015454
	5	3	4	   0.00000076        0.00000371
	-5	3	4	   0.00000076        0.00000371
	-4	3	4	  -0.00025818        0.00015453
	-3	3	4	   0.00009613       -0.00014947
	-2	3	4	  -0.00031637        0.00028901
	-1	3	4	  -0.00008008       -0.00043654
	0	4	4	  -0.00040113        0.00010364
	1	4	4	   0.00086689       -0.00022396
	2	4	4	  -0.00016012        0.00004137
	3	4	4	   0.00019043       -0.00004920
	4	4	4	  -0.00000000       -0.00000000
	-4	4	4	   0.00000000        0.00000000
	-3	4	4	   0.00019043       -0.00004920
	-2	4	4	  -0.00016011        0.00004137
	-1	4	4	   0.00086689       -0.00022396
	0	5	4	   0.00043447       -0.00024491
	1	5	4	  -0.00009201        0.00002350
	2	5	4	   0.00023527       -0.00013582
	3	5	4	  -0.00000813        0.00000775
	-3	5	4	  -0.00000813        0.00000775
	-2	5	4	   0.00023527       -0.00013582
	-1	5	4	  -0.00009201        0.00002350
	0	-5	4	   0.00043447       -0.00024491
	1	-5	4	  -0.00009202        0.00002350
	2	-5	4	   0.00023527       -0.00013582
	3	-5	4	  -0.00000813        0.00000775
	-3	-5	4	  -0.00000813        0.00000775
	-2	-5	4	   0.00023527       -0.00013582
	-1	-5	4	  -0.00009202        0.00002350
	0	-4	4	  -0.00040114        0.00010363
	1	-4	4	   0.00086688       -0.00022396
	2	-4	4	  -0.00016012        0.00004137
	3	-4	4	   0.00019043       -0.00004920
	4	-4	4	  -0.00000000        0.00000000
	-4	-4	4	  -0.00000000       -0.00000000
	-3	-4	4	   0.00019043       -0.00004920
	-2	-4	4	  -0.00016012        0.00004136
	-1	-4	4	   0.00086688       -0.00022396
	0	-3	4	  -0.00016798        0.00036309
	1	-3	4	  -0.00008009       -0.00043655
	2	-3	4	  -0.00031638        0.00028901
	3	-3	4	   0.00009613       -0.00014948
	4	-3	4	  -0.00025818        0.00015454
	5	-3	4	   0.00000076        0.00000371
	-5	-3	4	   0.00000076        0.00000371
	-4	-3	4	  -0.00025818        0.00015453
	-3	-3	4	   0.00009613       -0.00014948
	-2	-3	4	  -0.00031637        0.00028901
	-1	-3	4	  -0.00008009       -0.00043655
	0	-2	4	  -0.00019897       -0.00071681
	1	-2	4	   0.00204598        0.00008894
	2	-2	4	   0.00030063       -0.00046747
	3	-2	4	   0.00005233        0.00012156
	4	-2	4	   0.00021707       -0.00012993
	5	-2	4	  -0.00018263        0.00005396
	-5	-2	4	  -0.00018263        0.00005396
	-4	-2	4	   0.00021708       -0.00012994
	-3	-2	4	   0.00005233        0.00012156
	-2	-2	4	   0.00030064       -0.00046749
	-1	-2	4	   0.00204598        0.00008894
	0	-1	4	  -0.00634926        0.00517837
	1	-1	4	   0.00210624       -0.00327507
	2	-1	4	  -0.00389579        0.00278738
	3	-1	4	   0.00093932       -0.00089950
	4	-1	4	  -0.00117527        0.00070348
	5	-1	4	   0.00012524       -0.00007516
	-5	-1	4	   0.00012524       -0.00007516
	-4	-1	4	  -0.00117527        0.00070348
	-3	-1	4	   0.00093932       -0.00089951
	-2	-1	4	  -0.00389578        0.00278738
	-1	-1	4	   0.00210624       -0.00327508
	0	0	5	  -0.00126541        0.00196763
	1	0	5	   0.00239076       -0.00178165
	2	0	5	  -0.00074159        0.00107733
	3	0	5	   0.00117403       -0.00076877
	4	0	5	  -0.00016267        0.00019523
	5	0	5	   0.00026516       -0.00015872
	-5	0	5	   0.00026516       -0.00015872
	-4	0	5	  -0.00016267        0.00019523
	-3	0	5	   0.00117403       -0.00076877
	-2	0	5	  -0.00074159        0.00107733
	-1	0	5	   0.00239075       -0.00178165
	0	1	5	  -0.00112639       -0.00018436
	1	1	5	  -0.00039513        0.00061441
	2	1	5	  -0.00034494       -0.00017473
	3	1	5	  -0.00018496        0.00019248
	4	1	5	   0.00012561       -0.00007499
	-4	1	5	   0.00012561       -0.00007499
	-3	1	5	  -0.00018496        0.00019248
	-2	1	5	  -0.00034494       -0.00017473
	-1	1	5	  -0.00039514        0.00061441
	0	2	5	  -0.00060389        0.00101480
	1	2	5	   0.00094702       -0.00076146
	2	2	5	  -0.00037083        0.00057662
	3	2	5	   0.00056146       -0.00037215
	4	2	5	  -0.00007781        0.00010192
	-4	2	5	  -0.00007781        0.00010193
	-3	2	5	   0.00056146       -0.00037215
	-2	2	5	  -0.00037083        0.00057662
	-1	2	5	   0.00094702       -0.00076146
	0	3	5	  -0.00074599        0.00010320
	1	3	5	  -0.00001214        0.00011400
	2	3	5	  -0.00034858        0.00004114
	3	3	5	  -0.00002210        0.00003436
	4	3	5	  -0.00000713        0.00000010
	-4	3	5	  -0.00000713        0.00000010
	-3	3	5	  -0.00002210        0.00003436
	-2	3	5	  -0.00034858        0.00004114
	-1	3	5	  -0.00001215        0.00011400
	0	4	5	  -0.00005781        0.00014761
	1	4	5	  -0.00009301        0.00002430
	2	4	5	  -0.00004317        0.00008619
	3	4	5	   0.00001283       -0.00000896
	-3	4	5	   0.00001283       -0.00000896
	-2	4	5	  -0.00004317        0.00008620
	-1	4	5	  -0.00009301        0.00002430
	0	5	5	  -0.00019559        0.00005053
	0	-5	5	  -0.00019558        0.00005053
	0	-4	5	  -0.00005781        0.00014761
	1	-4	5	  -0.00009301        0.00002430
	2	-4	5	  -0.00004317        0.00008620
	3	-4	5	   0.00001283       -0.00000896
	-3	-4	5	   0.00001283       -0.00000896
	-2	-4	5	  -0.00004317        0.00008619
	-1	-4	5	  -0.00009302        0.00002430
	0	-3	5	  -0.00074599        0.00010320
	1	-3	5	  -0.00001214        0.00011400
	2	-3	5	  -0.00034858        0.00004114
	3	-3	5	  -0.00002209        0.00003436
	4	-3	5	  -0.00000713        0.00000010
	-4	-3	5	  -0.00000713        0.00000010
	-3	-3	5	  -0.00002210        0.00003436
	-2	-3	5	  -0.00034858        0.00004114
	-1	-3	5	  -0.00001214        0.00011400
	0	-2	5	  -0.00060389        0.00101480
	1	-2	5	   0.00094701       -0.00076147
	2	-2	5	  -0.00037083        0.00057662
	3	-2	5	   0.00056146       -0.00037215
	4	-2	5	  -0.00007781        0.00010193
	-4	-2	5	  -0.00007781        0.00010192
	-3	-2	5	   0.00056145       -0.00037215
	-2	-2	5	  -0.00037083        0.00057662
	-1	-2	5	   0.00094701       -0.00076147
	0	-1	5	  -0.00112639       -0.00018436
	1	-1	5	  -0.00039513        0.00061441
	2	-1	5	  -0.00034494       -0.00017473
	3	-1	5	  -0.00018496        0.00019248
	4	-1	5	   0.00012561       -0.00007499
	-4	-1	5	   0.00012561       -0.00007499
	-3	-1	5	  -0.00018496        0.00019248
	-2	-1	5	  -0.00034494       -0.00017473
	-1	-1	5	  -0.00039513        0.00061441
	0	0	6	   0.00012802       -0.00019905
	1	0	6	   0.00035180        0.00003595
	2	0	6	   0.00011306       -0.00012369
	3	0	6	   0.00010159       -0.00000972
	-3	0	6	   0.00010159       -0.00000972
	-2	0	6	   0.00011307       -0.00012369
	-1	0	6	   0.00035180        0.00003595
	0	1	6	  -0.00070741        0.00051699
	1	1	6	   0.00032783       -0.00050975
	2	1	6	  -0.00050009        0.00033931
	3	1	6	   0.00013699       -0.00018820
	-3	1	6	   0.00013699       -0.00018820
	-2	1	6	  -0.00050009        0.00033930
	-1	1	6	   0.00032783       -0.00050975
	0	2	6	   0.00001837       -0.00008068
	1	2	6	   0.00029626       -0.00002236
	2	2	6	   0.00002942       -0.00004574
	3	2	6	   0.00009367       -0.00002522
	-3	2	6	   0.00009367       -0.00002522
	-2	2	6	   0.00002942       -0.00004574
	-1	2	6	   0.00029626       -0.00002236
	0	3	6	  -0.00016774        0.00011259
	1	3	6	   0.00009192       -0.00016773
	2	3	6	  -0.00012513        0.00007415
	-2	3	6	  -0.00012513        0.00007415
	-1	3	6	   0.00009192       -0.00016773
	0	-3	6	  -0.00016774        0.00011259
	1	-3	6	   0.00009192       -0.00016773
	2	-3	6	  -0.00012513        0.00007415
	-2	-3	6	  -0.00012513        0.00007415
	-1	-3	6	   0.00009192       -0.00016773
	0	-2	6	   0.00001836       -0.00008068
	1	-2	6	   0.00029626       -0.00002236
	2	-2	6	   0.00002941       -0.00004574
	3	-2	6	   0.00009367       -0.00002522
	-3	-2	6	   0.00009367       -0.00002523
	-2	-2	6	   0.00002941       -0.00004574
	-1	-2	6	   0.00029626       -0.00002236
	0	-1	6	  -0.00070741        0.00051699
	1	-1	6	   0.00032783       -0.00050975
	2	-1	6	  -0.00050009        0.00033931
	3	-1	6	   0.00013699       -0.00018820
	-3	-1	6	   0.00013699       -0.00018820
	-2	-1	6	  -0.00050009        0.00033930
	-1	-1	6	   0.00032783       -0.00050975
	0	0	7	  -0.00014125        0.00021963
	1	0	7	   0.00028879       -0.00016894
	-1	0	7	   0.00028879       -0.00016894
	0	1	7	  -0.00022014        0.00006219
	0	-1	7	  -0.00022014        0.00006219
	0	0	-7	  -0.00014125        0.00021963
	1	0	-7	   0.00028879       -0.00016894
	-1	0	-7	   0.00028879       -0.00016894
	0	1	-7	  -0.00022014        0.00006219
	0	-1	-7	  -0.00022014        0.00006219
	0	0	-6	   0.00012801       -0.00019905
	1	0	-6	   0.00035180        0.00003595
	2	0	-6	   0.00011307       -0.00012369
	3	0	-6	   0.00010159       -0.00000972
	-3	0	-6	   0.00010159       -0.00000972
	-2	0	-6	   0.00011306       -0.00012369
	-1	0	-6	   0.00035180        0.00003595
	0	1	-6	  -0.00070741        0.00051699
	1	1	-6	   0.00032783       -0.00050975
	2	1	-6	  -0.00050009        0.00033930
	3	1	-6	   0.00013699       -0.00018820
	-3	1	-6	   0.00013699       -0.00018820
	-2	1	-6	  -0.00050009        0.00033931
	-1	1	-6	   0.00032783       -0.00050975
	0	2	-6	   0.00001836       -0.00008068
	1	2	-6	   0.00029626       -0.00002236
	2	2	-6	   0.00002941       -0.00004574
	3	2	-6	   0.00009367       -0.00002522
	-3	2	-6	   0.00009367       -0.00002523
	-2	2	-6	   0.00002941       -0.00004574
	-1	2	-6	   0.00029626       -0.00002236
	0	3	-6	  -0.00016774        0.00011259
	1	3	-6	   0.00009192       -0.00016773
	2	3	-6	  -0.00012513        0.00007415
	-2	3	-6	  -0.00012513        0.00007415
	-1	3	-6	   0.00009192       -0.00016773
	0	-3	-6	  -0.00016774        0.00011259
	1	-3	-6	   0.00009192       -0.00016773
	2	-3	-6	  -0.00012513        0.00007415
	-2	-3	-6	  -0.00012514        0.00007415
	-1	-3	-6	   0.00009192       -0.00016773
	0	-2	-6	   0.00001837       -0.00008068
	1	-2	-6	   0.00029626       -0.00002236
	2	-2	-6	   0.00002942       -0.00004574
	3	-2	-6	   0.00009367       -0.00002522
	-3	-2	-6	   0.00009367       -0.00002522
	-2	-2	-6	   0.00002942       -0.00004574
	-1	-2	-6	   0.00029626       -0.00002236
	0	-1	-6	  -0.00070740        0.00051699
	1	-1	-6	   0.00032783       -0.00050975
	2	-1	-6	  -0.00050009        0.00033930
	3	-1	-6	   0.00013699       -0.00018820
	-3	-1	-6	   0.00013699       -0.00018820
	-2	-1	-6	  -0.00050009        0.00033931
	-1	-1	-6	   0.00032783       -0.00050975
	0	0	-5	  -0.00126541        0.00196763
	1	0	-5	   0.00239075       -0.00178165
	2	0	-5	  -0.00074159        0.00107733
	3	0	-5	   0.00117403       -0.00076877
	4	0	-5	  -0.00016267        0.00019523
	5	0	-5	   0.00026516       -0.00015872
	-5	0	-5	   0.00026516       -0.00015872
	-4	0	-5	  -0.00016267        0.00019522
	-3	0	-5	   0.00117403       -0.00076877
	-2	0	-5	  -0.00074159        0.00107733
	-1	0	-5	   0.00239075       -0.00178165
	0	1	-5	  -0.00112639       -0.00018435
	1	1	-5	  -0.00039513        0.00061441
	2	1	-5	  -0.00034494       -0.00017473
	3	1	-5	  -0.00018496        0.00019249
	4	1	-5	   0.00012561       -0.00007499
	-4	1	-5	   0.00012561       -0.00007499
	-3	1	-5	  -0.00018496        0.00019248
	-2	1	-5	  -0.00034494       -0.00017473
	-1	1	-5	  -0.00039513        0.00061441
	0	2	-5	  -0.00060389        0.00101480
	1	2	-5	   0.00094701       -0.00076147
	2	2	-5	  -0.00037083        0.00057662
	3	2	-5	   0.00056145       -0.00037215
	4	2	-5	  -0.00007781        0.00010192
	-4	2	-5	  -0.00007781        0.00010193
	-3	2	-5	   0.00056146       -0.00037215
	-2	2	-5	  -0.00037083        0.00057662
	-1	2	-5	   0.00094701       -0.00076147
	0	3	-5	  -0.00074599        0.00010320
	1	3	-5	  -0.00001214        0.00011400
	2	3	-5	  -0.00034858        0.00004114
	3	3	-5	  -0.00002210        0.00003436
	4	3	-5	  -0.00000713        0.00000010
	-4	3	-5	  -0.00000713        0.00000010
	-3	3	-5	  -0.00002210        0.00003436
	-2	3	-5	  -0.00034858        0.00004114
	-1	3	-5	  -0.00001214        0.00011400
	0	4	-5	  -0.00005781        0.00014761
	1	4	-5	  -0.00009301        0.00002430
	2	4	-5	  -0.00004317        0.00008619
	3	4	-5	   0.00001283       -0.00000896
	-3	4	-5	   0.00001283       -0.00000896
	-2	4	-5	  -0.00004317        0.00008620
	-1	4	-5	  -0.00009301        0.00002430
	0	5	-5	  -0.00019558        0.00005053
	0	-5	-5	  -0.00019559        0.00005053
	0	-4	-5	  -0.00005781        0.00014761
	1	-4	-5	  -0.00009301        0.00002430
	2	-4	-5	  -0.00004317        0.00008620
	3	-4	-5	   0.00001283       -0.00000896
	-3	-4	-5	   0.00001283       -0.00000896
	-2	-4	-5	  -0.00004317        0.00008619
	-1	-4	-5	  -0.00009301        0.00002430
	0	-3	-5	  -0.00074599        0.00010320
	1	-3	-5	  -0.00001215        0.00011400
	2	-3	-5	  -0.00034858        0.00004114
	3	-3	-5	  -0.00002210        0.00003436
	4	-3	-5	  -0.00000713        0.00000010
	-4	-3	-5	  -0.00000713        0.00000010
	-3	-3	-5	  -0.00002210        0.00003436
	-2	-3	-5	  -0.00034858        0.00004114
	-1	-3	-5	  -0.00001215        0.00011400
	0	-2	-5	  -0.00060389        0.00101480
	1	-2	-5	   0.00094702       -0.00076146
	2	-2	-5	  -0.00037083        0.00057662
	3	-2	-5	   0.00056146       -0.00037215
	4	-2	-5	  -0.00007781        0.00010193
	-4	-2	-5	  -0.00007781        0.00010192
	-3	-2	-5	   0.00056146       -0.00037215
	-2	-2	-5	  -0.00037083        0.00057662
	-1	-2	-5	   0.00094702       -0.00076146
	0	-1	-5	  -0.00112639       -0.00018435
	1	-1	-5	  -0.00039513        0.00061441
	2	-1	-5	  -0.00034494       -0.00017473
	3	-1	-5	  -0.00018496        0.00019248
	4	-1	-5	   0.00012561       -0.00007499
	-4	-1	-5	   0.00012561       -0.00007499
	-3	-1	-5	  -0.00018496        0.00019248
	-2	-1	-5	  -0.00034494       -0.00017473
	-1	-1	-5	  -0.00039513        0.00061441
	0	0	-4	   0.00190662       -0.00296467
	1	0	-4	   0.00217975        0.00130495
	2	0	-4	   0.00166549       -0.00156355
	3	0	-4	  -0.00035312        0.00044717
	4	0	-4	   0.00054384       -0.00032553
	5	0	-4	  -0.00034798        0.00011043
	-5	0	-4	  -0.00034798        0.00011043
	-4	0	-4	   0.00054383       -0.00032552
	-3	0	-4	  -0.00035312        0.00044717
	-2	0	-4	   0.00166548       -0.00156353
	-1	0	-4	   0.00217975        0.00130495
	0	1	-4	  -0.00634926        0.00517837
	1	1	-4	   0.00210625       -0.00327508
	2	1	-4	  -0.00389578        0.00278738
	3	1	-4	   0.00093932       -0.00089951
	4	1	-4	  -0.00117527        0.00070348
	5	1	-4	   0.00012524       -0.00007516
	-5	1	-4	   0.00012524       -0.00007516
	-4	1	-4	  -0.00117527        0.00070348
	-3	1	-4	   0.00093932       -0.00089950
	-2	1	-4	  -0.00389579        0.00278738
	-1	1	-4	   0.00210624       -0.00327507
	0	2	-4	  -0.00019897       -0.00071682
	1	2	-4	   0.00204598        0.00008894
	2	2	-4	   0.00030064       -0.00046749
	3	2	-4	   0.00005233        0.00012156
	4	2	-4	   0.00021708       -0.00012994
	5	2	-4	  -0.00018263        0.00005396
	-5	2	-4	  -0.00018263        0.00005396
	-4	2	-4	   0.00021708       -0.00012993
	-3	2	-4	   0.00005233        0.00012156
	-2	2	-4	   0.00030063       -0.00046748
	-1	2	-4	   0.00204598        0.00008894
	0	3	-4	  -0.00016798        0.00036309
	1	3	-4	  -0.00008009       -0.00043655
	2	3	-4	  -0.00031637        0.00028901
	3	3	-4	   0.00009613       -0.00014948
	4	3	-4	  -0.00025818        0.00015454
	5	3	-4	   0.00000076        0.00000371
	-5	3	-4	   0.00000076        0.00000371
	-4	3	-4	  -0.00025818        0.00015454
	-3	3	-4	   0.00009613       -0.00014947
	-2	3	-4	  -0.00031638        0.00028901
	-1	3	-4	  -0.00008009       -0.00043655
	0	4	-4	  -0.00040114        0.00010363
	1	4	-4	   0.00086688       -0.00022396
	2	4	-4	  -0.00016012        0.00004136
	3	4	-4	   0.00019043       -0.00004920
	4	4	-4	  -0.00000000       -0.00000000
	-4	4	-4	  -0.00000000        0.00000000
	-3	4	-4	   0.00019043       -0.00004920
	-2	4	-4	  -0.00016012        0.00004137
	-1	4	-4	   0.00086688       -0.00022396
	0	5	-4	   0.00043447       -0.00024491
	1	5	-4	  -0.00009202        0.00002350
	2	5	-4	   0.00023527       -0.00013582
	3	5	-4	  -0.00000813        0.00000775
	-3	5	-4	  -0.00000813        0.00000775
	-2	5	-4	   0.00023527       -0.00013582
	-1	5	-4	  -0.00009202        0.00002350
	0	-5	-4	   0.00043446       -0.00024491
	1	-5	-4	  -0.00009201        0.00002350
	2	-5	-4	   0.00023527       -0.00013582
	3	-5	-4	  -0.00000813        0.00000775
	-3	-5	-4	  -0.00000813        0.00000775
	-2	-5	-4	   0.00023527       -0.00013582
	-1	-5	-4	  -0.00009201        0.00002350
	0	-4	-4	  -0.00040113        0.00010364
	1	-4	-4	   0.00086689       -0.00022396
	2	-4	-4	  -0.00016011        0.00004137
	3	-4	-4	   0.00019043       -0.00004920
	4	-4	-4	   0.00000000        0.00000000
	-4	-4	-4	  -0.00000000        0.00000000
	-3	-4	-4	   0.00019043       -0.00004920
	-2	-4	-4	  -0.00016012        0.00004137
	-1	-4	-4	   0.00086689       -0.00022396
	0	-3	-4	  -0.00016798        0.00036309
	1	-3	-4	  -0.00008008       -0.00043654
	2	-3	-4	  -0.00031637        0.00028901
	3	-3	-4	   0.00009613       -0.00014947
	4	-3	-4	  -0.00025818        0.00015454
	5	-3	-4	   0.00000076        0.00000371
	-5	-3	-4	   0.00000076        0.00000371
	-4	-3	-4	  -0.00025818        0.00015454
	-3	-3	-4	   0.00009613       -0.00014947
	-2	-3	-4	  -0.00031638        0.00028901
	-1	-3	-4	  -0.00008008       -0.00043654
	0	-2	-4	  -0.00019895       -0.00071680
	1	-2	-4	   0.00204599        0.00008894
	2	-2	-4	   0.00030065       -0.00046748
	3	-2	-4	   0.00005233        0.00012156
	4	-2	-4	   0.00021708       -0.00012993
	5	-2	-4	  -0.00018262        0.00005396
	-5	-2	-4	  -0.00018262        0.00005396
	-4	-2	-4	   0.00021708       -0.00012993
	-3	-2	-4	   0.00005233        0.00012156
	-2	-2	-4	   0.00030064       -0.00046747
	-1	-2	-4	   0.00204599        0.00008895
	0	-1	-4	  -0.00634926        0.00517837
	1	-1	-4	   0.00210625       -0.00327507
	2	-1	-4	  -0.00389578        0.00278737
	3	-1	-4	   0.00093932       -0.00089951
	4	-1	-4	  -0.00117527        0.00070348
	5	-1	-4	   0.00012524       -0.00007516
	-5	-1	-4	   0.00012524       -0.00007516
	-4	-1	-4	  -0.00117527        0.00070348
	-3	-1	-4	   0.00093932       -0.00089950
	-2	-1	-4	  -0.00389579        0.00278738
	-1	-1	-4	   0.00210625       -0.00327507
	0	0	-3	  -0.01019440        0.01585161
	1	0	-3	   0.02571795       -0.01881986
	2	0	-3	  -0.00450808        0.00445607
	3	0	-3	   0.00788062       -0.00471709
	4	0	-3	  -0.00079966        0.00024284
	5	0	-3	   0.00129908       -0.00071155
	6	0	-3	   0.00000485       -0.00005399
	-6	0	-3	   0.00000485       -0.00005399
	-5	0	-3	   0.00129908       -0.00071155
	-4	0	-3	  -0.00079966        0.00024284
	-3	0	-3	   0.00788062       -0.00471709
	-2	0	-3	  -0.00450808        0.00445608
	-1	0	-3	   0.02571795       -0.01881986
	0	1	-3	  -0.01274516       -0.00135197
	1	1	-3	  -0.00326356        0.00507465
	2	1	-3	   0.00012852       -0.00199053
	3	1	-3	  -0.00177873        0.00106470
	4	1	-3	   0.00157797       -0.00060727
	5	1	-3	  -0.00033981        0.00012163
	6	1	-3	   0.00033810       -0.00009617
	-6	1	-3	   0.00033810       -0.00009617
	-5	1	-3	  -0.00033981        0.00012162
	-4	1	-3	   0.00157797       -0.00060726
	-3	1	-3	  -0.00177872        0.00106469
	-2	1	-3	   0.00012852       -0.00199052
	-1	1	-3	  -0.00326356        0.00507464
	0	2	-3	   0.00013167        0.00234895
	1	2	-3	   0.00338198       -0.00346808
	2	2	-3	  -0.00046701        0.00072617
	3	2	-3	   0.00236111       -0.00141329
	4	2	-3	  -0.00023718       -0.00001092
	5	2	-3	   0.00062978       -0.00034089
	6	2	-3	   0.00003526       -0.00005195
	-6	2	-3	   0.00003526       -0.00005195
	-5	2	-3	   0.00062978       -0.00034089
	-4	2	-3	  -0.00023718       -0.00001091
	-3	2	-3	   0.00236111       -0.00141329
	-2	2	-3	  -0.00046701        0.00072617
	-1	2	-3	   0.00338198       -0.00346808
	0	3	-3	  -0.00581277        0.00150172
	1	3	-3	   0.00131200       -0.00033894
	2	3	-3	  -0.00174157        0.00044993
	3	3	-3	   0.00000000        0.00000001
	4	3	-3	   0.00027022       -0.00006981
	5	3	-3	  -0.00006211        0.00001605
	-5	3	-3	  -0.00006211        0.00001605
	-4	3	-3	   0.00027022       -0.00006981
	-3	3	-3	   0.00000000       -0.00000000
	-2	3	-3	  -0.00174156        0.00044994
	-1	3	-3	   0.00131200       -0.00033895
	0	4	-3	   0.00101827       -0.00058276
	1	4	-3	  -0.00177668        0.00091623
	2	4	-3	   0.00045272       -0.00032423
	3	4	-3	  -0.00036635        0.00021928
	4	4	-3	   0.00006774       -0.00010534
	5	4	-3	   0.00001526       -0.00000785
	-5	4	-3	   0.00001526       -0.00000785
	-4	4	-3	   0.00006775       -0.00010534
	-3	4	-3	  -0.00036635        0.00021928
	-2	4	-3	   0.00045272       -0.00032423
	-1	4	-3	  -0.00177668        0.00091623
	0	5	-3	  -0.00107818        0.00036807
	1	5	-3	   0.00039922       -0.00021400
	2	5	-3	  -0.00053008        0.00018586
	3	5	-3	   0.00008421       -0.00005040
	4	5	-3	  -0.00001359        0.00000525
	-4	5	-3	  -0.00001359        0.00000525
	-3	5	-3	   0.00008421       -0.00005040
	-2	5	-3	  -0.00053008        0.00018587
	-1	5	-3	   0.00039922       -0.00021400
	0	6	-3	   0.00008923       -0.00009231
	1	6	-3	  -0.00044235        0.00025827
	2	6	-3	   0.00003003       -0.00004958
	-2	6	-3	   0.00003003       -0.00004957
	-1	6	-3	  -0.00044235        0.00025827
	0	-6	-3	   0.00008923       -0.00009231
	1	-6	-3	  -0.00044235        0.00025827
	2	-6	-3	   0.00003003       -0.00004958
	-2	-6	-3	   0.00003003       -0.00004958
	-1	-6	-3	  -0.00044235        0.00025827
	0	-5	-3	  -0.00107818        0.00036807
	1	-5	-3	   0.00039921       -0.00021400
	2	-5	-3	  -0.00053009        0.00018586
	3	-5	-3	   0.00008421       -0.00005041
	4	-5	-3	  -0.00001359        0.00000525
	-4	-5	-3	  -0.00001359        0.00000525
	-3	-5	-3	   0.00008421       -0.00005040
	-2	-5	-3	  -0.00053009        0.00018586
	-1	-5	-3	   0.00039921       -0.00021400
	0	-4	-3	   0.00101827       -0.00058276
	1	-4	-3	  -0.00177667        0.00091624
	2	-4	-3	   0.00045272       -0.00032423
	3	-4	-3	  -0.00036635        0.00021929
	4	-4	-3	   0.00006775       -0.00010534
	5	-4	-3	   0.00001526       -0.00000785
	-5	-4	-3	   0.00001526       -0.00000785
	-4	-4	-3	   0.00006774       -0.00010534
	-3	-4	-3	  -0.00036635        0.00021928
	-2	-4	-3	   0.00045272       -0.00032423
	-1	-4	-3	  -0.00177667        0.00091624
	0	-3	-3	  -0.00581277        0.00150172
	1	-3	-3	   0.00131199       -0.00033896
	2	-3	-3	  -0.00174156        0.00044993
	3	-3	-3	  -0.00000001       -0.00000000
	4	-3	-3	   0.00027022       -0.00006981
	5	-3	-3	  -0.00006211        0.00001605
	-5	-3	-3	  -0.00006211        0.00001605
	-4	-3	-3	   0.00027022       -0.00006981
	-3	-3	-3	   0.00000000       -0.00000000
	-2	-3	-3	  -0.00174157        0.00044993
	-1	-3	-3	   0.00131199       -0.00033895
	0	-2	-3	   0.00013167        0.00234895
	1	-2	-3	   0.00338199       -0.00346807
	2	-2	-3	  -0.00046701        0.00072617
	3	-2	-3	   0.00236112       -0.00141328
	4	-2	-3	  -0.00023718       -0.00001092
	5	-2	-3	   0.00062978       -0.00034088
	6	-2	-3	   0.00003526       -0.00005195
	-6	-2	-3	   0.00003526       -0.00005195
	-5	-2	-3	   0.00062978       -0.00034089
	-4	-2	-3	  -0.00023718       -0.00001092
	-3	-2	-3	   0.00236112       -0.00141329
	-2	-2	-3	  -0.00046701        0.00072617
	-1	-2	-3	   0.00338198       -0.00346808
	0	-1	-3	  -0.01274515       -0.00135197
	1	-1	-3	  -0.00326358        0.00507464
	2	-1	-3	   0.00012852       -0.00199053
	3	-1	-3	  -0.00177873        0.00106469
	4	-1	-3	   0.00157797       -0.00060727
	5	-1	-3	  -0.00033981        0.00012163
	6	-1	-3	   0.00033810       -0.00009617
	-6	-1	-3	   0.00033810       -0.00009617
	-5	-1	-3	  -0.00033981        0.00012163
	-4	-1	-3	   0.00157797       -0.00060726
	-3	-1	-3	  -0.00177872        0.00106469
	-2	-1	-3	   0.00012852       -0.00199052
	-1	-1	-3	  -0.00326357        0.00507463
	0	0	-2	   0.01715509       -0.02667503
	1	0	-2	   0.01416183        0.01005197
	2	0	-2	   0.01612610       -0.00965259
	3	0	-2	  -0.00783651        0.00293300
	4	0	-2	   0.00273849       -0.00107255
	5	0	-2	  -0.00194111        0.00052844
	6	0	-2	   0.00021913       -0.00007515
	-6	0	-2	   0.00021913       -0.00007515
	-5	0	-2	  -0.00194111        0.00052844
	-4	0	-2	   0.00273848       -0.00107253
	-3	0	-2	  -0.00783651        0.00293300
	-2	0	-2	   0.01612609       -0.00965257
	-1	0	-2	   0.01416182        0.01005199
	0	1	-2	  -0.04411043        0.03651612
	1	1	-2	   0.00623634       -0.00969710
	2	1	-2	  -0.02750386        0.01646294
	3	1	-2	   0.00375221       -0.00033236
	4	1	-2	  -0.00475831        0.00239269
	5	1	-2	   0.00037692        0.00015559
	6	1	-2	  -0.00057577        0.00030467
	-6	1	-2	  -0.00057577        0.00030468
	-5	1	-2	   0.00037692        0.00015559
	-4	1	-2	  -0.00475831        0.00239270
	-3	1	-2	   0.00375220       -0.00033235
	-2	1	-2	  -0.02750386        0.01646293
	-1	1	-2	   0.00623634       -0.00969709
	0	2	-2	  -0.01189467        0.00307295
	1	2	-2	   0.02028694       -0.00524110
	2	2	-2	  -0.00000001       -0.00000003
	3	2	-2	  -0.00131278        0.00033916
	4	2	-2	   0.00084511       -0.00021835
	5	2	-2	  -0.00104242        0.00026931
	6	2	-2	   0.00008269       -0.00002136
	-6	2	-2	   0.00008269       -0.00002136
	-5	2	-2	  -0.00104242        0.00026931
	-4	2	-2	   0.00084511       -0.00021833
	-3	2	-2	  -0.00131278        0.00033915
	-2	2	-2	  -0.00000001        0.00000000
	-1	2	-2	   0.02028695       -0.00524110
	0	3	-2	   0.00897374       -0.00470132
	1	3	-2	  -0.00624442        0.00420757
	2	3	-2	   0.00177979       -0.00106532
	3	3	-2	  -0.00061955        0.00096335
	4	3	-2	  -0.00050505        0.00020267
	5	3	-2	  -0.00003137        0.00018629
	6	3	-2	  -0.00012370        0.00007480
	-6	3	-2	  -0.00012370        0.00007480
	-5	3	-2	  -0.00003137        0.00018629
	-4	3	-2	  -0.00050505        0.00020267
	-3	3	-2	  -0.00061955        0.00096336
	-2	3	-2	   0.00177979       -0.00106532
	-1	3	-2	  -0.00624442        0.00420758
	0	4	-2	  -0.00304943        0.00155601
	1	4	-2	   0.00433730       -0.00173806
	2	4	-2	  -0.00114576        0.00068580
	3	4	-2	   0.00055355       -0.00027809
	4	4	-2	  -0.00005696        0.00008856
	5	4	-2	  -0.00015746        0.00003390
	-5	4	-2	  -0.00015746        0.00003390
	-4	4	-2	  -0.00005696        0.00008857
	-3	4	-2	   0.00055355       -0.00027809
	-2	4	-2	  -0.00114575        0.00068581
	-1	4	-2	   0.00433730       -0.00173806
	0	5	-2	   0.00258265       -0.00152601
	1	5	-2	  -0.00097061        0.00076756
	2	5	-2	   0.00141326       -0.00084593
	3	5	-2	  -0.00028121        0.00029975
	4	5	-2	   0.00022580       -0.00014016
	-4	5	-2	   0.00022580       -0.00014016
	-3	5	-2	  -0.00028121        0.00029975
	-2	5	-2	   0.00141326       -0.00084593
	-1	5	-2	  -0.00097061        0.00076756
	0	6	-2	  -0.00026339        0.00014398
	1	6	-2	   0.00049730       -0.00018266
	2	6	-2	  -0.00011210        0.00006710
	3	6	-2	   0.00008987       -0.00002219
	-3	6	-2	   0.00008987       -0.00002219
	-2	6	-2	  -0.00011210        0.00006710
	-1	6	-2	   0.00049730       -0.00018266
	0	-6	-2	  -0.00026339        0.00014398
	1	-6	-2	   0.00049730       -0.00018266
	2	-6	-2	  -0.00011210        0.00006710
	3	-6	-2	   0.00008987       -0.00002219
	-3	-6	-2	   0.00008987       -0.00002219
	-2	-6	-2	  -0.00011210        0.00006710
	-1	-6	-2	   0.00049730       -0.00018266
	0	-5	-2	   0.00258265       -0.00152601
	1	-5	-2	  -0.00097060        0.00076756
	2	-5	-2	   0.00141326       -0.00084593
	3	-5	-2	  -0.00028120        0.00029975
	4	-5	-2	   0.00022580       -0.00014016
	-4	-5	-2	   0.00022580       -0.00014016
	-3	-5	-2	  -0.00028120        0.00029975
	-2	-5	-2	   0.00141326       -0.00084593
	-1	-5	-2	  -0.00097060        0.00076756
	0	-4	-2	  -0.00304941        0.00155602
	1	-4	-2	   0.00433731       -0.00173805
	2	-4	-2	  -0.00114574        0.00068582
	3	-4	-2	   0.00055356       -0.00027809
	4	-4	-2	  -0.00005696        0.00008857
	5	-4	-2	  -0.00015746        0.00003390
	-5	-4	-2	  -0.00015746        0.00003390
	-4	-4	-2	  -0.00005696        0.00008857
	-3	-4	-2	   0.00055356       -0.00027809
	-2	-4	-2	  -0.00114575        0.00068581
	-1	-4	-2	   0.00433731       -0.00173805
	0	-3	-2	   0.00897374       -0.00470132
	1	-3	-2	  -0.00624441        0.00420759
	2	-3	-2	   0.00177978       -0.00106533
	3	-3	-2	  -0.00061954        0.00096336
	4	-3	-2	  -0.00050505        0.00020267
	5	-3	-2	  -0.00003137        0.00018629
	6	-3	-2	  -0.00012370        0.00007480
	-6	-3	-2	  -0.00012370        0.00007480
	-5	-3	-2	  -0.00003137        0.00018629
	-4	-3	-2	  -0.00050505        0.00020267
	-3	-3	-2	  -0.00061955        0.00096336
	-2	-3	-2	   0.00177979       -0.00106532
	-1	-3	-2	  -0.00624442        0.00420758
	0	-2	-2	  -0.01189465        0.00307296
	1	-2	-2	   0.02028694       -0.00524111
	2	-2	-2	   0.00000002        0.00000000
	3	-2	-2	  -0.00131278        0.00033915
	4	-2	-2	   0.00084512       -0.00021833
	5	-2	-2	  -0.00104242        0.00026931
	6	-2	-2	   0.00008269       -0.00002136
	-6	-2	-2	   0.00008269       -0.00002136
	-5	-2	-2	  -0.00104242        0.00026931
	-4	-2	-2	   0.00084511       -0.00021833
	-3	-2	-2	  -0.00131277        0.00033915
	-2	-2	-2	  -0.00000000       -0.00000000
	-1	-2	-2	   0.02028694       -0.00524111
	0	-1	-2	  -0.04411041        0.03651614
	1	-1	-2	   0.00623634       -0.00969709
	2	-1	-2	  -0.02750387        0.01646294
	3	-1	-2	   0.00375221       -0.00033236
	4	-1	-2	  -0.00475831        0.00239269
	5	-1	-2	   0.00037692        0.00015559
	6	-1	-2	  -0.00057577        0.00030467
	-6	-1	-2	  -0.00057577        0.00030468
	-5	-1	-2	   0.00037692        0.00015559
	-4	-1	-2	  -0.00475832        0.00239269
	-3	-1	-2	   0.00375220       -0.00033235
	-2	-1	-2	  -0.02750385        0.01646294
	-1	-1	-2	   0.00623634       -0.00969710
	0	0	-1	  -0.08482657        0.13189977
	1	0	-1	   0.21967971       -0.13149332
	2	0	-1	  -0.02092522       -0.00600362
	3	0	-1	   0.03220543       -0.01585124
	4	0	-1	  -0.00276207       -0.00095639
	5	0	-1	   0.00305471       -0.00147783
	6	0	-1	  -0.00011504       -0.00017767
	7	0	-1	   0.00028137       -0.00017234
	-7	0	-1	   0.00028137       -0.00017234
	-6	0	-1	  -0.00011504       -0.00017767
	-5	0	-1	   0.00305471       -0.00147783
	-4	0	-1	  -0.00276207       -0.00095639
	-3	0	-1	   0.03220543       -0.01585123
	-2	0	-1	  -0.02092524       -0.00600361
	-1	0	-1	   0.21967971       -0.13149332
	0	1	-1	  -0.16203648        0.04186185
	1	1	-1	  -0.00000001       -0.00000002
	2	1	-1	   0.01753049       -0.00452897
	3	1	-1	  -0.00917395        0.00237010
	4	1	-1	   0.00592070       -0.00152961
	5	1	-1	  -0.00111073        0.00028696
	6	1	-1	   0.00092153       -0.00023808
	-6	1	-1	   0.00092153       -0.00023807
	-5	1	-1	  -0.00111073        0.00028695
	-4	1	-1	   0.00592071       -0.00152960
	-3	1	-1	  -0.00917396        0.00237006
	-2	1	-1	   0.01753048       -0.00452897
	-1	1	-1	  -0.00000000        0.00000000
	0	2	-1	   0.04909912       -0.03780495
	1	2	-1	  -0.02376683        0.01422607
	2	2	-1	   0.00721692       -0.01122185
	3	2	-1	   0.00611589       -0.00221706
	4	2	-1	  -0.00044152       -0.00104933
	5	2	-1	   0.00131554       -0.00059283
	6	2	-1	   0.00000279       -0.00015665
	-6	2	-1	   0.00000279       -0.00015665
	-5	2	-1	   0.00131554       -0.00059283
	-4	2	-1	  -0.00044152       -0.00104932
	-3	2	-1	   0.00611590       -0.00221705
	-2	2	-1	   0.00721693       -0.01122185
	-1	2	-1	  -0.02376684        0.01422608
	0	3	-1	  -0.02997931        0.01238977
	1	3	-1	   0.01243753       -0.00744468
	2	3	-1	  -0.00713419        0.00380042
	3	3	-1	   0.00046674       -0.00072573
	4	3	-1	   0.00083735       -0.00001674
	5	3	-1	  -0.00021425        0.00002152
	6	3	-1	   0.00030536       -0.00007006
	-6	3	-1	   0.00030536       -0.00007006
	-5	3	-1	  -0.00021425        0.00002151
	-4	3	-1	   0.00083736       -0.00001673
	-3	3	-1	   0.00046673       -0.00072575
	-2	3	-1	  -0.00713419        0.00380044
	-1	3	-1	   0.01243752       -0.00744470
	0	4	-1	   0.00677878       -0.00528933
	1	4	-1	  -0.00802696        0.00480467
	2	4	-1	   0.00271233       -0.00248164
	3	4	-1	  -0.00149789        0.00104380
	4	4	-1	   0.00030839       -0.00047953
	5	4	-1	  -0.00003360        0.00005149
	-5	4	-1	  -0.00003360        0.00005149
	-4	4	-1	   0.00030839       -0.00047952
	-3	4	-1	  -0.00149788        0.00104381
	-2	4	-1	   0.00271233       -0.00248163
	-1	4	-1	  -0.00802695        0.00480468
	0	5	-1	  -0.00289021        0.00122204
	1	5	-1	   0.00150586       -0.00090136
	2	5	-1	  -0.00132393        0.00060588
	3	5	-1	   0.00035195       -0.00023562
	4	5	-1	  -0.00003222        0.00005086
	-4	5	-1	  -0.00003222        0.00005086
	-3	5	-1	   0.00035195       -0.00023563
	-2	5	-1	  -0.00132393        0.00060588
	-1	5	-1	   0.00150586       -0.00090136
	0	6	-1	   0.00053276       -0.00047187
	1	6	-1	  -0.00124935        0.00074782
	2	6	-1	   0.00027951       -0.00028232
	3	6	-1	  -0.00043002        0.00026391
	-3	6	-1	  -0.00043002        0.00026391
	-2	6	-1	   0.00027951       -0.00028232
	-1	6	-1	  -0.00124935        0.00074782
	0	7	-1	  -0.00020041        0.00004646
	0	-7	-1	  -0.00020041        0.00004646
	0	-6	-1	   0.00053276       -0.00047187
	1	-6	-1	  -0.00124935        0.00074782
	2	-6	-1	   0.00027951       -0.00028232
	3	-6	-1	  -0.00043002        0.00026391
	-3	-6	-1	  -0.00043002        0.00026391
	-2	-6	-1	   0.00027951       -0.00028232
	-1	-6	-1	  -0.00124935        0.00074782
	0	-5	-1	  -0.00289021        0.00122203
	1	-5	-1	   0.00150586       -0.00090136
	2	-5	-1	  -0.00132393        0.00060588
	3	-5	-1	   0.00035195       -0.00023563
	4	-5	-1	  -0.00003222        0.00005086
	-4	-5	-1	  -0.00003223        0.00005086
	-3	-5	-1	   0.00035195       -0.00023562
	-2	-5	-1	  -0.00132393        0.00060588
	-1	-5	-1	   0.00150586       -0.00090136
	0	-4	-1	   0.00677878       -0.00528934
	1	-4	-1	  -0.00802695        0.00480469
	2	-4	-1	   0.00271233       -0.00248163
	3	-4	-1	  -0.00149788        0.00104381
	4	-4	-1	   0.00030839       -0.00047952
	5	-4	-1	  -0.00003360        0.00005149
	-5	-4	-1	  -0.00003360        0.00005149
	-4	-4	-1	   0.00030839       -0.00047953
	-3	-4	-1	  -0.00149788        0.00104381
	-2	-4	-1	   0.00271233       -0.00248164
	-1	-4	-1	  -0.00802695        0.00480468
	0	-3	-1	  -0.02997931        0.01238977
	1	-3	-1	   0.01243750       -0.00744471
	2	-3	-1	  -0.00713418        0.00380043
	3	-3	-1	   0.00046672       -0.00072574
	4	-3	-1	   0.00083736       -0.00001673
	5	-3	-1	  -0.00021426        0.00002151
	6	-3	-1	   0.00030536       -0.00007006
	-6	-3	-1	   0.00030536       -0.00007007
	-5	-3	-1	  -0.00021425        0.00002152
	-4	-3	-1	   0.00083735       -0.00001673
	-3	-3	-1	   0.00046674       -0.00072573
	-2	-3	-1	  -0.00713419        0.00380043
	-1	-3	-1	   0.01243751       -0.00744470
	0	-2	-1	   0.04909914       -0.03780495
	1	-2	-1	  -0.02376682        0.01422608
	2	-2	-1	   0.00721693       -0.01122185
	3	-2	-1	   0.00611591       -0.00221705
	4	-2	-1	  -0.00044152       -0.00104932
	5	-2	-1	   0.00131554       -0.00059283
	6	-2	-1	   0.00000279       -0.00015665
	-6	-2	-1	   0.00000279       -0.00015665
	-5	-2	-1	   0.00131554       -0.00059283
	-4	-2	-1	  -0.00044152       -0.00104933
	-3	-2	-1	   0.00611589       -0.00221705
	-2	-2	-1	   0.00721693       -0.01122184
	-1	-2	-1	  -0.02376683        0.01422607
	0	-1	-1	  -0.16203648        0.04186185
	1	-1	-1	   0.00000001       -0.00000000
	2	-1	-1	   0.01753049       -0.00452897
	3	-1	-1	  -0.00917396        0.00237008
	4	-1	-1	   0.00592071       -0.00152960
	5	-1	-1	  -0.00111073        0.00028695
	6	-1	-1	   0.00092153       -0.00023808
	-6	-1	-1	   0.00092153       -0.00023808
	-5	-1	-1	  -0.00111073        0.00028696
	-4	-1	-1	   0.00592070       -0.00152960
	-3	-1	-1	  -0.00917395        0.00237007
	-2	-1	-1	   0.01753049       -0.00452897
	-1	-1	-1	   0.00000000       -0.00000000

n_band : 20,	energy : 2.4816,	occupation : 0.0
	0	0	0	  -0.00000000       -0.00000000
	1	0	0	   0.00000000        0.00000000
	2	0	0	   0.00000000        0.00000000
	3	0	0	  -0.00000000       -0.00000000
	4	0	0	  -0.00000000       -0.00000000
	5	0	0	   0.00000000       -0.00000000
	6	0	0	   0.00000000       -0.00000000
	7	0	0	   0.00000000       -0.00000000
	-7	0	0	   0.00000000        0.00000000
	-6	0	0	  -0.00000000        0.00000000
	-5	0	0	   0.00000000        0.00000000
	-4	0	0	   0.00000000        0.00000000
	-3	0	0	   0.00000000        0.00000000
	-2	0	0	  -0.00000000       -0.00000000
	-1	0	0	  -0.00000000       -0.00000000
	0	1	0	   0.00000000        0.00000000
	1	1	0	   0.18643314       -0.04164449
	2	1	0	  -0.01367235        0.00305406
	3	1	0	   0.01446853       -0.00323191
	4	1	0	  -0.00135507        0.00030269
	5	1	0	   0.00105176       -0.00023494
	6	1	0	  -0.00003859        0.00000862
	7	1	0	   0.00009437       -0.00002108
	-7	1	0	  -0.00009437        0.00002108
	-6	1	0	   0.00003859       -0.00000862
	-5	1	0	  -0.00105175        0.00023494
	-4	1	0	   0.00135507       -0.00030269
	-3	1	0	  -0.01446853        0.00323191
	-2	1	0	   0.01367235       -0.00305406
	-1	1	0	  -0.18643314        0.04164449
	0	2	0	   0.00000000        0.00000000
	1	2	0	  -0.01367235        0.00305406
	2	2	0	   0.01485008       -0.00331714
	3	2	0	  -0.00483226        0.00107941
	4	2	0	   0.00138430       -0.00030922
	5	2	0	  -0.00034621        0.00007733
	6	2	0	   0.00010861       -0.00002426
	-6	2	0	  -0.00010861        0.00002426
	-5	2	0	   0.00034621       -0.00007733
	-4	2	0	  -0.00138430        0.00030922
	-3	2	0	   0.00483226       -0.00107941
	-2	2	0	  -0.01485009        0.00331714
	-1	2	0	   0.01367235       -0.00305406
	0	3	0	  -0.00000000       -0.00000000
	1	3	0	   0.01446853       -0.00323191
	2	3	0	  -0.00483226        0.00107941
	3	3	0	   0.00675188       -0.00150820
	4	3	0	  -0.00080346        0.00017947
	5	3	0	   0.00120473       -0.00026911
	6	3	0	  -0.00001372        0.00000306
	-6	3	0	   0.00001372       -0.00000306
	-5	3	0	  -0.00120473        0.00026911
	-4	3	0	   0.00080346       -0.00017947
	-3	3	0	  -0.00675188        0.00150820
	-2	3	0	   0.00483226       -0.00107941
	-1	3	0	  -0.01446853        0.00323191
	0	4	0	  -0.00000000       -0.00000000
	1	4	0	  -0.00135507        0.00030269
	2	4	0	   0.00138430       -0.00030922
	3	4	0	  -0.00080346        0.00017947
	4	4	0	   0.00047346       -0.00010576
	5	4	0	  -0.00007261        0.00001622
	-5	4	0	   0.00007261       -0.00001622
	-4	4	0	  -0.00047346        0.00010576
	-3	4	0	   0.00080346       -0.00017947
	-2	4	0	  -0.00138430        0.00030922
	-1	4	0	   0.00135507       -0.00030269
	0	5	0	  -0.00000000       -0.00000000
	1	5	0	   0.00105175       -0.00023494
	2	5	0	  -0.00034621        0.00007733
	3	5	0	   0.00120473       -0.00026911
	4	5	0	  -0.00007261        0.00001622
	5	5	0	   0.00032973       -0.00007365
	-5	5	0	  -0.00032973        0.00007365
	-4	5	0	   0.00007261       -0.00001622
	-3	5	0	  -0.00120473        0.00026911
	-2	5	0	   0.00034621       -0.00007733
	-1	5	0	  -0.00105176        0.00023494
	0	6	0	  -0.00000000       -0.00000000
	1	6	0	  -0.00003859        0.00000862
	2	6	0	   0.00010861       -0.00002426
	3	6	0	  -0.00001372        0.00000306
	-3	6	0	   0.00001372       -0.00000306
	-2	6	0	  -0.00010861        0.00002426
	-1	6	0	   0.00003859       -0.00000862
	0	7	0	  -0.00000000       -0.00000000
	1	7	0	   0.00009437       -0.00002108
	-1	7	0	  -0.00009437        0.00002108
	0	-7	0	   0.00000000        0.00000000
	1	-7	0	  -0.00009437        0.00002108
	-1	-7	0	   0.00009437       -0.00002108
	0	-6	0	   0.00000000        0.00000000
	1	-6	0	   0.00003859       -0.00000862
	2	-6	0	  -0.00010861        0.00002426
	3	-6	0	   0.00001372       -0.00000306
	-3	-6	0	  -0.00001372        0.00000306
	-2	-6	0	   0.00010861       -0.00002426
	-1	-6	0	  -0.00003859        0.00000862
	0	-5	0	   0.00000000        0.00000000
	1	-5	0	  -0.00105175        0.00023494
	2	-5	0	   0.00034621       -0.00007733
	3	-5	0	  -0.00120473        0.00026911
	4	-5	0	   0.00007261       -0.00001622
	5	-5	0	  -0.00032973        0.00007365
	-5	-5	0	   0.00032973       -0.00007365
	-4	-5	0	  -0.00007261        0.00001622
	-3	-5	0	   0.00120473       -0.00026911
	-2	-5	0	  -0.00034621        0.00007734
	-1	-5	0	   0.00105176       -0.00023494
	0	-4	0	   0.00000000        0.00000000
	1	-4	0	   0.00135507       -0.00030269
	2	-4	0	  -0.00138430        0.00030922
	3	-4	0	   0.00080346       -0.00017947
	4	-4	0	  -0.00047346        0.00010576
	5	-4	0	   0.00007261       -0.00001622
	-5	-4	0	  -0.00007261        0.00001622
	-4	-4	0	   0.00047346       -0.00010576
	-3	-4	0	  -0.00080346        0.00017947
	-2	-4	0	   0.00138430       -0.00030922
	-1	-4	0	  -0.00135507        0.00030269
	0	-3	0	  -0.00000000        0.00000000
	1	-3	0	  -0.01446853        0.00323191
	2	-3	0	   0.00483226       -0.00107941
	3	-3	0	  -0.00675188        0.00150820
	4	-3	0	   0.00080346       -0.00017947
	5	-3	0	  -0.00120473        0.00026911
	6	-3	0	   0.00001372       -0.00000306
	-6	-3	0	  -0.00001372        0.00000306
	-5	-3	0	   0.00120473       -0.00026911
	-4	-3	0	  -0.00080346        0.00017947
	-3	-3	0	   0.00675188       -0.00150820
	-2	-3	0	  -0.00483226        0.00107941
	-1	-3	0	   0.01446853       -0.00323191
	0	-2	0	  -0.00000000       -0.00000000
	1	-2	0	   0.01367235       -0.00305406
	2	-2	0	  -0.01485008        0.00331714
	3	-2	0	   0.00483226       -0.00107941
	4	-2	0	  -0.00138430        0.00030922
	5	-2	0	   0.00034621       -0.00007734
	6	-2	0	  -0.00010861        0.00002426
	-6	-2	0	   0.00010861       -0.00002426
	-5	-2	0	  -0.00034621        0.00007734
	-4	-2	0	   0.00138430       -0.00030922
	-3	-2	0	  -0.00483226        0.00107941
	-2	-2	0	   0.01485008       -0.00331714
	-1	-2	0	  -0.01367235        0.00305406
	0	-1	0	  -0.00000000       -0.00000000
	1	-1	0	  -0.18643314        0.04164449
	2	-1	0	   0.01367235       -0.00305406
	3	-1	0	  -0.01446853        0.00323191
	4	-1	0	   0.00135507       -0.00030269
	5	-1	0	  -0.00105176        0.00023494
	6	-1	0	   0.00003859       -0.00000862
	7	-1	0	  -0.00009437        0.00002108
	-7	-1	0	   0.00009437       -0.00002108
	-6	-1	0	  -0.00003859        0.00000862
	-5	-1	0	   0.00105176       -0.00023494
	-4	-1	0	  -0.00135507        0.00030269
	-3	-1	0	   0.01446853       -0.00323191
	-2	-1	0	  -0.01367235        0.00305406
	-1	-1	0	   0.18643314       -0.04164449
	0	0	1	   0.00000000       -0.00000000
	1	0	1	   0.30540767        0.27514160
	2	0	1	  -0.02239752       -0.02017792
	3	0	1	   0.02370180        0.02135293
	4	0	1	  -0.00221982       -0.00199983
	5	0	1	   0.00172295        0.00155220
	6	0	1	  -0.00006321       -0.00005695
	7	0	1	   0.00015460        0.00013928
	-7	0	1	  -0.00015460       -0.00013928
	-6	0	1	   0.00006321        0.00005695
	-5	0	1	  -0.00172295       -0.00155220
	-4	0	1	   0.00221982        0.00199983
	-3	0	1	  -0.02370180       -0.02135294
	-2	0	1	   0.02239752        0.02017792
	-1	0	1	  -0.30540767       -0.27514160
	0	1	1	  -0.04467160        0.10680790
	1	1	1	  -0.05099600       -0.03880901
	2	1	1	   0.03324594        0.02714377
	3	1	1	  -0.01052049       -0.00607849
	4	1	1	   0.00237656        0.00159393
	5	1	1	  -0.00071135       -0.00037907
	6	1	1	   0.00015186        0.00010482
	-6	1	1	  -0.00017470       -0.00005021
	-5	1	1	   0.00074022        0.00031005
	-4	1	1	  -0.00270156       -0.00081686
	-3	1	1	   0.01127701        0.00426968
	-2	1	1	  -0.04117458       -0.00818672
	-1	1	1	   0.06118486        0.01444787
	0	2	1	   0.00327606       -0.00783292
	1	2	1	   0.03782798        0.02934702
	2	2	1	  -0.03060428       -0.00309687
	3	2	1	   0.01112294        0.00704524
	4	2	1	  -0.00462945       -0.00022419
	5	2	1	   0.00131052        0.00090062
	6	2	1	  -0.00042968        0.00006414
	-6	2	1	   0.00043433       -0.00007526
	-5	2	1	  -0.00133756       -0.00083595
	-4	2	1	   0.00477781       -0.00013052
	-3	2	1	  -0.01161951       -0.00585796
	-2	2	1	   0.03262035       -0.00172346
	-1	2	1	  -0.04458724       -0.01318590
	0	3	1	  -0.00346683        0.00828905
	1	3	1	  -0.00572738       -0.00377375
	2	3	1	   0.00390114        0.00357268
	3	3	1	  -0.00329049       -0.00106046
	4	3	1	   0.00090585        0.00054195
	5	3	1	  -0.00033234       -0.00008530
	6	3	1	   0.00004503        0.00004534
	-6	3	1	  -0.00007579        0.00002818
	-5	3	1	   0.00035404        0.00003342
	-4	3	1	  -0.00119833        0.00015737
	-3	3	1	   0.00365490        0.00018915
	-2	3	1	  -0.00624077        0.00202129
	-1	3	1	   0.00770715       -0.00095978
	0	4	1	   0.00032469       -0.00077632
	1	4	1	   0.00184280        0.00133727
	2	4	1	  -0.00409178        0.00003435
	3	4	1	   0.00161625        0.00088354
	4	4	1	  -0.00147484        0.00016946
	5	4	1	   0.00036594        0.00022959
	-5	4	1	  -0.00037463       -0.00020883
	-4	4	1	   0.00150731       -0.00024709
	-3	4	1	  -0.00172743       -0.00061771
	-2	4	1	   0.00437735       -0.00071714
	-1	4	1	  -0.00230402       -0.00023451
	0	5	1	  -0.00025201        0.00060255
	1	5	1	  -0.00030787       -0.00018506
	2	5	1	   0.00022969        0.00038091
	3	5	1	  -0.00027869       -0.00005950
	4	5	1	   0.00009214        0.00009794
	-4	5	1	  -0.00017070        0.00008990
	-3	5	1	   0.00031408       -0.00002512
	-2	5	1	  -0.00053257        0.00034328
	-1	5	1	   0.00043971       -0.00013017
	0	6	1	   0.00000925       -0.00002211
	1	6	1	   0.00012515        0.00009198
	2	6	1	  -0.00042057        0.00006852
	3	6	1	   0.00014302        0.00009246
	-3	6	1	  -0.00014877       -0.00007873
	-2	6	1	   0.00042755       -0.00008519
	-1	6	1	  -0.00015481       -0.00002107
	0	7	1	  -0.00002261        0.00005407
	0	-7	1	   0.00002261       -0.00005407
	0	-6	1	  -0.00000925        0.00002211
	1	-6	1	   0.00003103        0.00004872
	2	-6	1	   0.00038878       -0.00009716
	3	-6	1	   0.00006721        0.00009694
	-3	-6	1	  -0.00006147       -0.00011068
	-2	-6	1	  -0.00039576        0.00011383
	-1	-6	1	  -0.00000137       -0.00011963
	0	-5	1	   0.00025201       -0.00060255
	1	-5	1	   0.00011051        0.00000726
	2	-5	1	  -0.00004477       -0.00021431
	3	-5	1	   0.00013033       -0.00007415
	4	-5	1	  -0.00003277       -0.00004445
	-4	-5	1	   0.00011133       -0.00014339
	-3	-5	1	  -0.00016572        0.00015877
	-2	-5	1	   0.00034765       -0.00050987
	-1	-5	1	  -0.00024235        0.00030796
	0	-4	1	  -0.00032469        0.00077632
	1	-4	1	   0.00037915        0.00066448
	2	-4	1	   0.00307753       -0.00094809
	3	-4	1	   0.00038339        0.00091793
	4	-4	1	   0.00125284       -0.00036945
	5	-4	1	   0.00017116        0.00025428
	-5	-4	1	  -0.00016248       -0.00027504
	-4	-4	1	  -0.00128531        0.00044709
	-3	-4	1	  -0.00027221       -0.00118377
	-2	-4	1	  -0.00336310        0.00163088
	-1	-4	1	   0.00008207       -0.00176724
	0	-3	1	   0.00346683       -0.00828905
	1	-3	1	   0.00055523       -0.00088583
	2	-3	1	  -0.00050621       -0.00051419
	3	-3	1	   0.00079907       -0.00118406
	4	-3	1	  -0.00014571        0.00014286
	5	-3	1	   0.00009037       -0.00013269
	6	-3	1	  -0.00000577       -0.00000997
	-6	-3	1	   0.00003652       -0.00006356
	-5	-3	1	  -0.00011207        0.00018457
	-4	-3	1	   0.00043819       -0.00084218
	-3	-3	1	  -0.00116349        0.00205536
	-2	-3	1	   0.00284584       -0.00507979
	-1	-3	1	  -0.00253500        0.00561936
	0	-2	1	  -0.00327606        0.00783292
	1	-2	1	   0.01637802        0.01948713
	2	-2	1	   0.01682099       -0.00932050
	3	-2	1	   0.00487253        0.00736506
	4	-2	1	   0.00267707       -0.00153472
	5	-2	1	   0.00076022        0.00096491
	6	-2	1	   0.00038200       -0.00010709
	-6	-2	1	  -0.00038665        0.00011821
	-5	-2	1	  -0.00073317       -0.00102958
	-4	-2	1	  -0.00282542        0.00188942
	-3	-2	1	  -0.00437596       -0.00855235
	-2	-2	1	  -0.01883705        0.01414082
	-1	-2	1	  -0.00961875       -0.03564825
	0	-1	1	   0.04467160       -0.10680790
	1	-1	1	  -0.01866251       -0.02394630
	2	-1	1	   0.01296535        0.01448795
	3	-1	1	  -0.00301463       -0.00611529
	4	-1	1	   0.00077669        0.00124683
	5	-1	1	  -0.00019000       -0.00043295
	6	-1	1	   0.00005092        0.00007786
	-6	-1	1	  -0.00002808       -0.00013248
	-5	-1	1	   0.00016113        0.00050197
	-4	-1	1	  -0.00045169       -0.00202390
	-3	-1	1	   0.00225811        0.00792410
	-2	-1	1	  -0.00503671       -0.03344500
	-1	-1	1	   0.00847364        0.04830744
	0	0	2	   0.00000000       -0.00000000
	1	0	2	  -0.02239752       -0.02017792
	2	0	2	   0.02432684        0.02191604
	3	0	2	  -0.00791603       -0.00713154
	4	0	2	   0.00226770        0.00204297
	5	0	2	  -0.00056715       -0.00051094
	6	0	2	   0.00017792        0.00016029
	-6	0	2	  -0.00017792       -0.00016029
	-5	0	2	   0.00056715        0.00051094
	-4	0	2	  -0.00226770       -0.00204297
	-3	0	2	   0.00791603        0.00713154
	-2	0	2	  -0.02432685       -0.02191604
	-1	0	2	   0.02239752        0.02017792
	0	1	2	   0.00327606       -0.00783292
	1	1	2	   0.03627077        0.02520074
	2	1	2	  -0.04369536       -0.03795368
	3	1	2	   0.01016018        0.00448176
	4	1	2	  -0.00662788       -0.00554527
	5	1	2	   0.00109140        0.00031718
	6	1	2	  -0.00068087       -0.00060469
	-6	1	2	   0.00068552        0.00059357
	-5	1	2	  -0.00111844       -0.00025251
	-4	1	2	   0.00677623        0.00519056
	-3	1	2	  -0.01065675       -0.00329447
	-2	1	2	   0.04571143        0.03313335
	-1	1	2	  -0.04303003       -0.00903962
	0	2	2	  -0.00355826        0.00850764
	1	2	2	  -0.00517522       -0.01943148
	2	2	2	   0.00981481        0.00746927
	3	2	2	  -0.00470870       -0.00478931
	4	2	2	   0.00171503        0.00102328
	5	2	2	  -0.00038306       -0.00041381
	6	2	2	   0.00013776        0.00007593
	-6	2	2	  -0.00014511       -0.00005836
	-5	2	2	   0.00054494        0.00002675
	-4	2	2	  -0.00186096       -0.00067439
	-3	2	2	   0.00649109        0.00052769
	-2	2	2	  -0.01177578       -0.00278067
	-1	2	2	   0.01702195       -0.00889356
	0	3	2	   0.00115787       -0.00276841
	1	3	2	   0.00577128        0.00237138
	2	3	2	  -0.00770690       -0.00623098
	3	3	2	   0.00412735        0.00046264
	4	3	2	  -0.00219162       -0.00171826
	5	3	2	   0.00090318       -0.00000441
	6	3	2	  -0.00028624       -0.00025738
	-6	3	2	   0.00028642        0.00025694
	-5	3	2	  -0.00092972        0.00006785
	-4	3	2	   0.00229793        0.00146409
	-3	3	2	  -0.00440837        0.00020927
	-2	3	2	   0.00872413        0.00379884
	-1	3	2	  -0.00738793        0.00149398
	0	4	2	  -0.00033169        0.00079306
	1	4	2	  -0.00020989       -0.00245921
	2	4	2	   0.00101417        0.00068627
	3	4	2	  -0.00047462       -0.00089265
	4	4	2	   0.00044200        0.00019842
	5	4	2	  -0.00001052       -0.00011648
	-5	4	2	   0.00009612       -0.00008819
	-4	4	2	  -0.00050231       -0.00005422
	-3	4	2	   0.00101912       -0.00040922
	-2	4	2	  -0.00133896        0.00009029
	-1	4	2	   0.00199617       -0.00181170
	0	5	2	   0.00008296       -0.00019834
	1	5	2	   0.00065532        0.00010750
	2	5	2	  -0.00068711       -0.00056001
	3	5	2	   0.00083527       -0.00003707
	4	5	2	  -0.00031938       -0.00026500
	-4	5	2	   0.00032616        0.00024879
	-3	5	2	  -0.00087913        0.00014195
	-2	5	2	   0.00077140        0.00035848
	-1	5	2	  -0.00079366        0.00022326
	0	6	2	  -0.00002602        0.00006222
	1	6	2	   0.00006736       -0.00024491
	2	6	2	   0.00006588        0.00004137
	3	6	2	   0.00004045       -0.00010029
	-3	6	2	   0.00004311       -0.00009949
	-2	6	2	  -0.00009157        0.00002006
	-1	6	2	   0.00012825       -0.00022277
	0	-6	2	   0.00002602       -0.00006222
	1	-6	2	  -0.00009914        0.00021627
	2	-6	2	  -0.00001565        0.00000389
	3	-6	2	  -0.00004169        0.00009917
	-3	-6	2	  -0.00004186        0.00010061
	-2	-6	2	   0.00004134       -0.00006532
	-1	-6	2	  -0.00009646        0.00025141
	0	-5	2	  -0.00008296        0.00019835
	1	-5	2	  -0.00047040        0.00005910
	2	-5	2	  -0.00041964       -0.00043706
	3	-5	2	  -0.00065387        0.00020049
	4	-5	2	  -0.00026587       -0.00026226
	-4	-5	2	   0.00025909        0.00027847
	-3	-5	2	   0.00069774       -0.00030537
	-2	-5	2	   0.00033535        0.00063858
	-1	-5	2	   0.00060874       -0.00038986
	0	-4	2	   0.00033169       -0.00079307
	1	-4	2	  -0.00080435        0.00154548
	2	-4	2	  -0.00001653        0.00021250
	3	-4	2	  -0.00025215        0.00023790
	4	-4	2	  -0.00002967        0.00017305
	5	-4	2	  -0.00003583        0.00007473
	-5	-4	2	  -0.00004977        0.00012995
	-4	-4	2	   0.00008998       -0.00031725
	-3	-4	2	  -0.00029235        0.00106397
	-2	-4	2	   0.00034132       -0.00098906
	-1	-4	2	  -0.00098192        0.00272543
	0	-3	2	  -0.00115787        0.00276841
	1	-3	2	  -0.00237634        0.00068711
	2	-3	2	  -0.00447883       -0.00474713
	3	-3	2	  -0.00220607        0.00126823
	4	-3	2	  -0.00153096       -0.00163541
	5	-3	2	  -0.00060329        0.00027458
	6	-3	2	  -0.00028501       -0.00025726
	-6	-3	2	   0.00028482        0.00025769
	-5	-3	2	   0.00062983       -0.00033802
	-4	-3	2	   0.00142466        0.00188958
	-3	-3	2	   0.00248709       -0.00194014
	-2	-3	2	   0.00346160        0.00717927
	-1	-3	2	   0.00399300       -0.00455247
	0	-2	2	   0.00355826       -0.00850764
	1	-2	2	  -0.00860807        0.00701411
	2	-2	2	   0.00359183        0.00460876
	3	-2	2	  -0.00224579       -0.00147598
	4	-2	2	   0.00050547        0.00097717
	5	-2	2	  -0.00019318       -0.00010533
	6	-2	2	   0.00003789        0.00008231
	-6	-2	2	  -0.00003054       -0.00009988
	-5	-2	2	   0.00003130        0.00049238
	-4	-2	2	  -0.00035955       -0.00132606
	-3	-2	2	   0.00046340        0.00573760
	-2	-2	2	  -0.00163086       -0.00929736
	-1	-2	2	  -0.00323866        0.02131093
	0	-1	2	  -0.00327606        0.00783292
	1	-1	2	   0.00994052        0.01643099
	2	-1	2	  -0.03729755       -0.03501280
	3	-1	2	   0.00089247        0.00547557
	4	-1	2	  -0.00558441       -0.00545678
	5	-1	2	  -0.00014562        0.00053487
	6	-1	2	  -0.00065642       -0.00060007
	-6	-1	2	   0.00065177        0.00061119
	-5	-1	2	   0.00017267       -0.00059954
	-4	-1	2	   0.00543606        0.00581149
	-3	-1	2	  -0.00039590       -0.00666285
	-2	-1	2	   0.03528149        0.03983312
	-1	-1	2	  -0.00318125       -0.03259210
	0	0	3	   0.00000000        0.00000000
	1	0	3	   0.02370180        0.02135294
	2	0	3	  -0.00791603       -0.00713154
	3	0	3	   0.01106067        0.00996455
	4	0	3	  -0.00131620       -0.00118577
	5	0	3	   0.00197355        0.00177797
	6	0	3	  -0.00002247       -0.00002025
	-6	0	3	   0.00002247        0.00002025
	-5	0	3	  -0.00197354       -0.00177797
	-4	0	3	   0.00131620        0.00118577
	-3	0	3	  -0.01106067       -0.00996455
	-2	0	3	   0.00791603        0.00713154
	-1	0	3	  -0.02370180       -0.02135293
	0	1	3	  -0.00346683        0.00828905
	1	1	3	  -0.00735632       -0.00811103
	2	1	3	   0.00539271        0.00754419
	3	1	3	  -0.00422639       -0.00355242
	4	1	3	   0.00118664        0.00128961
	5	1	3	  -0.00042701       -0.00033738
	6	1	3	   0.00006341        0.00009427
	-6	1	3	  -0.00009416       -0.00002074
	-5	1	3	   0.00044871        0.00028549
	-4	1	3	  -0.00147913       -0.00059029
	-3	1	3	   0.00459080        0.00268111
	-2	1	3	  -0.00773234       -0.00195022
	-1	1	3	   0.00933608        0.00337749
	0	2	3	   0.00115787       -0.00276841
	1	2	3	   0.00822561        0.00890637
	2	2	3	  -0.00668796       -0.00351791
	3	2	3	   0.00586366        0.00508583
	4	2	3	  -0.00171126       -0.00043924
	5	2	3	   0.00133392        0.00114250
	6	2	3	  -0.00017542        0.00003769
	-6	2	3	   0.00017560       -0.00003812
	-5	2	3	  -0.00136046       -0.00107906
	-4	2	3	   0.00181757        0.00018507
	-3	2	3	  -0.00614468       -0.00441391
	-2	2	3	   0.00770518        0.00108577
	-1	2	3	  -0.00984226       -0.00504101
	0	3	3	  -0.00161783        0.00386816
	1	3	3	  -0.00147253       -0.00222824
	2	3	3	   0.00075460        0.00262916
	3	3	3	  -0.00119181       -0.00090699
	4	3	3	   0.00039266        0.00067114
	5	3	3	  -0.00014151       -0.00009353
	-5	3	3	   0.00015990        0.00004957
	-4	3	3	  -0.00073095        0.00013771
	-3	3	3	   0.00142993        0.00033765
	-2	3	3	  -0.00233950        0.00116026
	-1	3	3	   0.00253975       -0.00032345
	0	4	3	   0.00019252       -0.00046031
	1	4	3	   0.00107081        0.00123391
	2	4	3	  -0.00140771       -0.00029327
	3	4	3	   0.00131835        0.00111625
	4	4	3	  -0.00062310        0.00002797
	5	4	3	   0.00032202        0.00028646
	-5	4	3	  -0.00032198       -0.00028654
	-4	4	3	   0.00064567       -0.00008194
	-3	4	3	  -0.00142040       -0.00087225
	-2	4	3	   0.00159148       -0.00014612
	-1	4	3	  -0.00139285       -0.00046391
	0	5	3	  -0.00028867        0.00069019
	1	5	3	  -0.00009479       -0.00017763
	2	5	3	  -0.00000143        0.00050040
	3	5	3	  -0.00010629       -0.00007659
	4	5	3	  -0.00004356        0.00011067
	-4	5	3	  -0.00004971        0.00011232
	-3	5	3	   0.00013367        0.00001114
	-2	5	3	  -0.00036589        0.00037787
	-1	5	3	   0.00020128       -0.00007697
	0	6	3	   0.00000329       -0.00000786
	1	6	3	   0.00010733        0.00011539
	2	6	3	  -0.00017481        0.00003798
	-2	6	3	   0.00017515       -0.00003879
	-1	6	3	  -0.00012687       -0.00006866
	0	-6	3	  -0.00000329        0.00000786
	1	-6	3	   0.00010290        0.00007402
	2	-6	3	   0.00017356       -0.00003910
	-2	-6	3	  -0.00017390        0.00003991
	-1	-6	3	  -0.00008336       -0.00012074
	0	-5	3	   0.00028867       -0.00069019
	1	-5	3	  -0.00005357        0.00004398
	2	-5	3	   0.00018283       -0.00033698
	3	-5	3	  -0.00001941       -0.00003666
	4	-5	3	   0.00004332       -0.00011089
	-4	-5	3	   0.00004995       -0.00011210
	-3	-5	3	  -0.00000796        0.00010211
	-2	-5	3	   0.00018450       -0.00054129
	-1	-5	3	  -0.00005292        0.00021063
	0	-4	3	  -0.00019252        0.00046031
	1	-4	3	   0.00092883        0.00056756
	2	-4	3	   0.00068093       -0.00036148
	3	-4	3	   0.00099449        0.00096738
	4	-4	3	   0.00046877       -0.00016700
	5	-4	3	   0.00031559        0.00028797
	-5	-4	3	  -0.00031563       -0.00028789
	-4	-4	3	  -0.00049134        0.00022097
	-3	-4	3	  -0.00089244       -0.00121139
	-2	-4	3	  -0.00086471        0.00080087
	-1	-4	3	  -0.00060678       -0.00133756
	0	-3	3	   0.00161783       -0.00386816
	1	-3	3	  -0.00101889       -0.00001627
	2	-3	3	   0.00116667       -0.00089829
	3	-3	3	  -0.00043615       -0.00055964
	4	-3	3	   0.00030505       -0.00004258
	5	-3	3	  -0.00004565       -0.00007509
	-5	-3	3	   0.00002726        0.00011905
	-4	-3	3	   0.00003325       -0.00076627
	-3	-3	3	   0.00019803        0.00112897
	-2	-3	3	   0.00041822       -0.00289114
	-1	-3	3	  -0.00004833        0.00256796
	0	-2	3	  -0.00115787        0.00276841
	1	-2	3	   0.00776986        0.00550393
	2	-2	3	  -0.00026653       -0.00274738
	3	-2	3	   0.00497186        0.00467589
	4	-2	3	   0.00045485       -0.00069267
	5	-2	3	   0.00117739        0.00111995
	6	-2	3	   0.00017311       -0.00003977
	-6	-2	3	  -0.00017329        0.00004021
	-5	-2	3	  -0.00115086       -0.00118339
	-4	-2	3	  -0.00056115        0.00094684
	-3	-2	3	  -0.00469084       -0.00534781
	-2	-2	3	  -0.00075070        0.00517952
	-1	-2	3	  -0.00615320       -0.00936929
	0	-1	3	   0.00346683       -0.00828905
	1	-1	3	  -0.00617880       -0.00408275
	2	-1	3	   0.00565994        0.00241314
	3	-1	3	  -0.00306994       -0.00302084
	4	-1	3	   0.00101511        0.00069394
	5	-1	3	  -0.00030101       -0.00031849
	6	-1	3	   0.00007019        0.00002610
	-6	-1	3	  -0.00003944       -0.00009962
	-5	-1	3	   0.00027931        0.00037037
	-4	-1	3	  -0.00072262       -0.00139326
	-3	-1	3	   0.00270553        0.00389214
	-2	-1	3	  -0.00332030       -0.00800711
	-1	-1	3	   0.00419903        0.00881629
	0	0	4	  -0.00000000        0.00000000
	1	0	4	  -0.00221982       -0.00199983
	2	0	4	   0.00226770        0.00204297
	3	0	4	  -0.00131620       -0.00118577
	4	0	4	   0.00077560        0.00069874
	5	0	4	  -0.00011895       -0.00010717
	-5	0	4	   0.00011895        0.00010717
	-4	0	4	  -0.00077560       -0.00069874
	-3	0	4	   0.00131620        0.00118577
	-2	0	4	  -0.00226770       -0.00204297
	-1	0	4	   0.00221982        0.00199983
	0	1	4	   0.00032469       -0.00077632
	1	1	4	   0.00202420        0.00182027
	2	1	4	  -0.00627293       -0.00577327
	3	1	4	   0.00165561        0.00098836
	4	1	4	  -0.00231231       -0.00206042
	5	1	4	   0.00032625        0.00012390
	-5	1	4	  -0.00033493       -0.00010314
	-4	1	4	   0.00234478        0.00198278
	-3	1	4	  -0.00176680       -0.00072253
	-2	1	4	   0.00655850        0.00509048
	-1	1	4	  -0.00248542       -0.00071751
	0	2	4	  -0.00033169        0.00079307
	1	2	4	  -0.00039262       -0.00294576
	2	2	4	   0.00125236        0.00132049
	3	2	4	  -0.00057778       -0.00116734
	4	2	4	   0.00053143        0.00043654
	5	2	4	  -0.00002073       -0.00014367
	-5	2	4	   0.00010633       -0.00006101
	-4	2	4	  -0.00059174       -0.00029234
	-3	2	4	   0.00112228       -0.00013453
	-2	2	4	  -0.00157715       -0.00054393
	-1	2	4	   0.00217890       -0.00132515
	0	3	4	   0.00019252       -0.00046031
	1	3	4	   0.00082938        0.00059107
	2	3	4	  -0.00199123       -0.00184698
	3	3	4	   0.00100375        0.00027860
	4	3	4	  -0.00094863       -0.00083882
	5	3	4	   0.00019986       -0.00003880
	-5	3	4	  -0.00019983        0.00003871
	-4	3	4	   0.00097121        0.00078485
	-3	3	4	  -0.00110580       -0.00003459
	-2	3	4	   0.00217500        0.00140759
	-1	3	4	  -0.00115142        0.00017893
	0	4	4	  -0.00011345        0.00027125
	1	4	4	   0.00015192       -0.00087551
	2	4	4	   0.00026828        0.00031001
	3	4	4	   0.00000925       -0.00037823
	4	4	4	   0.00006849        0.00005212
	-4	4	4	  -0.00008217       -0.00001940
	-3	4	4	   0.00025778       -0.00026024
	-2	4	4	  -0.00039575       -0.00000523
	-1	4	4	   0.00050944       -0.00070578
	0	5	4	   0.00001740       -0.00004160
	1	5	4	   0.00016924        0.00004841
	2	5	4	  -0.00029955       -0.00027774
	3	5	4	   0.00019373       -0.00004175
	-3	5	4	  -0.00019526        0.00004541
	-2	5	4	   0.00031400        0.00024320
	-1	5	4	  -0.00021800        0.00006816
	0	-5	4	  -0.00001740        0.00004160
	1	-5	4	  -0.00010987        0.00000508
	2	-5	4	  -0.00028570       -0.00024952
	3	-5	4	  -0.00019397        0.00004153
	-3	-5	4	   0.00019550       -0.00004519
	-2	-5	4	   0.00027126        0.00028406
	-1	-5	4	   0.00015863       -0.00012165
	0	-4	4	   0.00011345       -0.00027125
	1	-4	4	  -0.00037392        0.00067551
	2	-4	4	   0.00014405        0.00006146
	3	-4	4	  -0.00016358        0.00023919
	4	-4	4	   0.00002506        0.00003216
	-4	-4	4	  -0.00001138       -0.00006488
	-3	-4	4	  -0.00010346        0.00039927
	-2	-4	4	  -0.00001658       -0.00036623
	-1	-4	4	  -0.00028744        0.00090578
	0	-3	4	  -0.00019252        0.00046031
	1	-3	4	  -0.00006924        0.00009374
	2	-3	4	  -0.00173135       -0.00150669
	3	-3	4	  -0.00030605        0.00034996
	4	-3	4	  -0.00087700       -0.00080589
	5	-3	4	  -0.00018940        0.00004823
	-5	-3	4	   0.00018936       -0.00004815
	-4	-3	4	   0.00085443        0.00085986
	-3	-3	4	   0.00040810       -0.00059397
	-2	-3	4	   0.00154758        0.00194609
	-1	-3	4	   0.00039128       -0.00086374
	0	-2	4	   0.00033169       -0.00079307
	1	-2	4	  -0.00155976        0.00118685
	2	-2	4	   0.00096815        0.00067996
	3	-2	4	  -0.00067863        0.00003543
	4	-2	4	   0.00034004        0.00034857
	5	-2	4	  -0.00007804        0.00005469
	-5	-2	4	  -0.00000756        0.00014999
	-4	-2	4	  -0.00027973       -0.00049277
	-3	-2	4	   0.00013413        0.00126644
	-2	-2	4	  -0.00064336       -0.00145652
	-1	-2	4	  -0.00022651        0.00308406
	0	-1	4	  -0.00032469        0.00077632
	1	-1	4	   0.00112905        0.00102049
	2	-1	4	  -0.00593936       -0.00522878
	3	-1	4	   0.00054614        0.00099519
	4	-1	4	  -0.00220926       -0.00201306
	5	-1	4	   0.00000706        0.00017638
	-5	-1	4	   0.00000162       -0.00019714
	-4	-1	4	   0.00217679        0.00209069
	-3	-1	4	  -0.00043495       -0.00126103
	-2	-1	4	   0.00565379        0.00591157
	-1	-1	4	  -0.00066783       -0.00212325
	0	0	5	  -0.00000000        0.00000000
	1	0	5	   0.00172294        0.00155220
	2	0	5	  -0.00056715       -0.00051094
	3	0	5	   0.00197355        0.00177797
	4	0	5	  -0.00011895       -0.00010717
	5	0	5	   0.00054015        0.00048663
	-5	0	5	  -0.00054015       -0.00048663
	-4	0	5	   0.00011895        0.00010717
	-3	0	5	  -0.00197355       -0.00177797
	-2	0	5	   0.00056715        0.00051094
	-1	0	5	  -0.00172295       -0.00155220
	0	1	5	  -0.00025201        0.00060255
	1	1	5	  -0.00044499       -0.00055017
	2	1	5	   0.00037789        0.00077551
	3	1	5	  -0.00039159       -0.00036013
	4	1	5	   0.00014550        0.00024001
	-4	1	5	  -0.00022406       -0.00005217
	-3	1	5	   0.00042699        0.00027551
	-2	1	5	  -0.00068077       -0.00005133
	-1	1	5	   0.00057683        0.00023495
	0	2	5	   0.00008296       -0.00019834
	1	2	5	   0.00102264        0.00108554
	2	2	5	  -0.00058378       -0.00028487
	3	2	5	   0.00128909        0.00117129
	4	2	5	  -0.00022463       -0.00001269
	-4	2	5	   0.00023141       -0.00000352
	-3	2	5	  -0.00133296       -0.00106642
	-2	2	5	   0.00066807        0.00008335
	-1	2	5	  -0.00116098       -0.00075478
	0	3	5	  -0.00028867        0.00069019
	1	3	5	  -0.00011302       -0.00022618
	2	3	5	   0.00002165        0.00056185
	3	3	5	  -0.00011826       -0.00010846
	4	3	5	  -0.00004147        0.00011623
	-4	3	5	  -0.00005179        0.00010676
	-3	3	5	   0.00014564        0.00004301
	-2	3	5	  -0.00038897        0.00031641
	-1	3	5	   0.00021951       -0.00002842
	0	4	5	   0.00001740       -0.00004160
	1	4	5	   0.00026230        0.00029617
	2	4	5	  -0.00019458        0.00000175
	3	4	5	   0.00031797        0.00028906
	-3	4	5	  -0.00031950       -0.00028540
	-2	4	5	   0.00020903       -0.00003630
	-1	4	5	  -0.00031105       -0.00017961
	0	5	5	  -0.00007901        0.00018890
	0	-5	5	   0.00007901       -0.00018890
	0	-4	5	  -0.00001740        0.00004160
	1	-4	5	   0.00027481        0.00018770
	2	-4	5	   0.00014823       -0.00004351
	3	-4	5	   0.00031965        0.00028537
	-3	-4	5	  -0.00031812       -0.00028903
	-2	-4	5	  -0.00016268        0.00007805
	-1	-4	5	  -0.00022605       -0.00030427
	0	-3	5	   0.00028867       -0.00069019
	1	-3	5	  -0.00012894        0.00000819
	2	-3	5	   0.00027824       -0.00029168
	3	-3	5	  -0.00006890       -0.00006015
	4	-3	5	   0.00005194       -0.00010680
	-4	-3	5	   0.00004132       -0.00011619
	-3	-3	5	   0.00004153        0.00012560
	-2	-3	5	   0.00008908       -0.00058658
	-1	-3	5	   0.00002246        0.00024641
	0	-2	5	  -0.00008296        0.00019835
	1	-2	5	   0.00104810        0.00077999
	2	-2	5	   0.00000754       -0.00023426
	3	-2	5	   0.00122223        0.00109115
	4	-2	5	   0.00012586       -0.00007629
	-4	-2	5	  -0.00013264        0.00009250
	-3	-2	5	  -0.00117836       -0.00119603
	-2	-2	5	  -0.00009182        0.00043579
	-1	-2	5	  -0.00090976       -0.00111075
	0	-1	5	   0.00025201       -0.00060255
	1	-1	5	  -0.00045636       -0.00026186
	2	-1	5	   0.00056789        0.00007654
	3	-1	5	  -0.00033642       -0.00029574
	4	-1	5	   0.00018782        0.00006027
	-4	-1	5	  -0.00010925       -0.00024811
	-3	-1	5	   0.00030103        0.00038036
	-2	-1	5	  -0.00026501       -0.00080073
	-1	-1	5	   0.00032452        0.00057708
	0	0	6	  -0.00000000        0.00000000
	1	0	6	  -0.00006321       -0.00005695
	2	0	6	   0.00017792        0.00016029
	3	0	6	  -0.00002247       -0.00002025
	-3	0	6	   0.00002247        0.00002025
	-2	0	6	  -0.00017792       -0.00016029
	-1	0	6	   0.00006321        0.00005695
	0	1	6	   0.00000925       -0.00002211
	1	1	6	   0.00013423        0.00011615
	2	1	6	  -0.00067486       -0.00060855
	3	1	6	   0.00012810        0.00005271
	-3	1	6	  -0.00013384       -0.00003898
	-2	1	6	   0.00068183        0.00059188
	-1	1	6	  -0.00016389       -0.00004524
	0	2	6	  -0.00002603        0.00006222
	1	2	6	   0.00006426       -0.00025315
	2	2	6	   0.00009031        0.00010641
	3	2	6	   0.00004024       -0.00010085
	-3	2	6	   0.00004332       -0.00009893
	-2	2	6	  -0.00011600       -0.00004498
	-1	2	6	   0.00013134       -0.00021453
	0	3	6	   0.00000329       -0.00000786
	1	3	6	   0.00007403        0.00002671
	2	3	6	  -0.00028583       -0.00025764
	-2	3	6	   0.00028617        0.00025683
	-1	3	6	  -0.00009357        0.00002001
	0	-3	6	  -0.00000329        0.00000786
	1	-3	6	  -0.00003476        0.00000866
	2	-3	6	  -0.00028541       -0.00025700
	-2	-3	6	   0.00028507        0.00025781
	-1	-3	6	   0.00005431       -0.00005538
	0	-2	6	   0.00002602       -0.00006222
	1	-2	6	  -0.00011194        0.00021020
	2	-2	6	   0.00008534        0.00005183
	3	-2	6	  -0.00004256        0.00009876
	-3	-2	6	  -0.00004100        0.00010102
	-2	-2	6	  -0.00005964       -0.00011326
	-1	-2	6	  -0.00008367        0.00025748
	0	-1	6	  -0.00000925        0.00002211
	1	-1	6	   0.00006855        0.00006653
	2	-1	6	  -0.00066243       -0.00059621
	3	-1	6	   0.00000550        0.00006765
	-3	-1	6	   0.00000024       -0.00008138
	-2	-1	6	   0.00065545        0.00061288
	-1	-1	6	  -0.00003889       -0.00013745
	0	0	7	  -0.00000000        0.00000000
	1	0	7	   0.00015460        0.00013928
	-1	0	7	  -0.00015460       -0.00013928
	0	1	7	  -0.00002261        0.00005407
	0	-1	7	   0.00002261       -0.00005407
	0	0	-7	   0.00000000       -0.00000000
	1	0	-7	  -0.00015460       -0.00013928
	-1	0	-7	   0.00015460        0.00013928
	0	1	-7	   0.00002261       -0.00005407
	0	-1	-7	  -0.00002261        0.00005407
	0	0	-6	   0.00000000       -0.00000000
	1	0	-6	   0.00006321        0.00005695
	2	0	-6	  -0.00017792       -0.00016029
	3	0	-6	   0.00002247        0.00002025
	-3	0	-6	  -0.00002247       -0.00002025
	-2	0	-6	   0.00017792        0.00016029
	-1	0	-6	  -0.00006321       -0.00005695
	0	1	-6	  -0.00000925        0.00002211
	1	1	-6	  -0.00003889       -0.00013745
	2	1	-6	   0.00065545        0.00061288
	3	1	-6	   0.00000024       -0.00008138
	-3	1	-6	   0.00000550        0.00006765
	-2	1	-6	  -0.00066243       -0.00059621
	-1	1	-6	   0.00006855        0.00006653
	0	2	-6	   0.00002603       -0.00006222
	1	2	-6	  -0.00008367        0.00025748
	2	2	-6	  -0.00005964       -0.00011326
	3	2	-6	  -0.00004100        0.00010102
	-3	2	-6	  -0.00004256        0.00009876
	-2	2	-6	   0.00008534        0.00005183
	-1	2	-6	  -0.00011194        0.00021020
	0	3	-6	  -0.00000329        0.00000786
	1	3	-6	   0.00005431       -0.00005538
	2	3	-6	   0.00028507        0.00025781
	-2	3	-6	  -0.00028541       -0.00025700
	-1	3	-6	  -0.00003476        0.00000866
	0	-3	-6	   0.00000329       -0.00000786
	1	-3	-6	  -0.00009357        0.00002001
	2	-3	-6	   0.00028617        0.00025683
	-2	-3	-6	  -0.00028583       -0.00025764
	-1	-3	-6	   0.00007403        0.00002671
	0	-2	-6	  -0.00002602        0.00006222
	1	-2	-6	   0.00013134       -0.00021453
	2	-2	-6	  -0.00011600       -0.00004498
	3	-2	-6	   0.00004332       -0.00009893
	-3	-2	-6	   0.00004024       -0.00010085
	-2	-2	-6	   0.00009031        0.00010641
	-1	-2	-6	   0.00006426       -0.00025315
	0	-1	-6	   0.00000925       -0.00002211
	1	-1	-6	  -0.00016389       -0.00004524
	2	-1	-6	   0.00068183        0.00059188
	3	-1	-6	  -0.00013384       -0.00003898
	-3	-1	-6	   0.00012810        0.00005271
	-2	-1	-6	  -0.00067486       -0.00060855
	-1	-1	-6	   0.00013423        0.00011615
	0	0	-5	   0.00000000       -0.00000000
	1	0	-5	  -0.00172294       -0.00155220
	2	0	-5	   0.00056715        0.00051094
	3	0	-5	  -0.00197355       -0.00177797
	4	0	-5	   0.00011895        0.00010717
	5	0	-5	  -0.00054015       -0.00048663
	-5	0	-5	   0.00054015        0.00048663
	-4	0	-5	  -0.00011895       -0.00010717
	-3	0	-5	   0.00197355        0.00177797
	-2	0	-5	  -0.00056715       -0.00051094
	-1	0	-5	   0.00172295        0.00155220
	0	1	-5	   0.00025201       -0.00060255
	1	1	-5	   0.00032452        0.00057708
	2	1	-5	  -0.00026501       -0.00080073
	3	1	-5	   0.00030103        0.00038036
	4	1	-5	  -0.00010925       -0.00024811
	-4	1	-5	   0.00018782        0.00006027
	-3	1	-5	  -0.00033642       -0.00029574
	-2	1	-5	   0.00056789        0.00007654
	-1	1	-5	  -0.00045636       -0.00026186
	0	2	-5	  -0.00008296        0.00019834
	1	2	-5	  -0.00090976       -0.00111075
	2	2	-5	  -0.00009182        0.00043579
	3	2	-5	  -0.00117836       -0.00119603
	4	2	-5	  -0.00013264        0.00009250
	-4	2	-5	   0.00012586       -0.00007629
	-3	2	-5	   0.00122223        0.00109115
	-2	2	-5	   0.00000754       -0.00023426
	-1	2	-5	   0.00104810        0.00077999
	0	3	-5	   0.00028867       -0.00069019
	1	3	-5	   0.00002246        0.00024641
	2	3	-5	   0.00008908       -0.00058658
	3	3	-5	   0.00004153        0.00012560
	4	3	-5	   0.00004132       -0.00011619
	-4	3	-5	   0.00005194       -0.00010680
	-3	3	-5	  -0.00006890       -0.00006015
	-2	3	-5	   0.00027824       -0.00029168
	-1	3	-5	  -0.00012894        0.00000819
	0	4	-5	  -0.00001740        0.00004160
	1	4	-5	  -0.00022605       -0.00030427
	2	4	-5	  -0.00016268        0.00007805
	3	4	-5	  -0.00031812       -0.00028903
	-3	4	-5	   0.00031965        0.00028537
	-2	4	-5	   0.00014823       -0.00004351
	-1	4	-5	   0.00027481        0.00018770
	0	5	-5	   0.00007901       -0.00018890
	0	-5	-5	  -0.00007901        0.00018890
	0	-4	-5	   0.00001740       -0.00004160
	1	-4	-5	  -0.00031105       -0.00017961
	2	-4	-5	   0.00020903       -0.00003630
	3	-4	-5	  -0.00031950       -0.00028540
	-3	-4	-5	   0.00031797        0.00028906
	-2	-4	-5	  -0.00019458        0.00000175
	-1	-4	-5	   0.00026230        0.00029617
	0	-3	-5	  -0.00028867        0.00069019
	1	-3	-5	   0.00021951       -0.00002842
	2	-3	-5	  -0.00038897        0.00031641
	3	-3	-5	   0.00014564        0.00004301
	4	-3	-5	  -0.00005179        0.00010676
	-4	-3	-5	  -0.00004147        0.00011623
	-3	-3	-5	  -0.00011826       -0.00010846
	-2	-3	-5	   0.00002165        0.00056185
	-1	-3	-5	  -0.00011302       -0.00022618
	0	-2	-5	   0.00008296       -0.00019835
	1	-2	-5	  -0.00116098       -0.00075478
	2	-2	-5	   0.00066807        0.00008335
	3	-2	-5	  -0.00133296       -0.00106642
	4	-2	-5	   0.00023141       -0.00000352
	-4	-2	-5	  -0.00022463       -0.00001269
	-3	-2	-5	   0.00128909        0.00117129
	-2	-2	-5	  -0.00058378       -0.00028487
	-1	-2	-5	   0.00102264        0.00108554
	0	-1	-5	  -0.00025201        0.00060255
	1	-1	-5	   0.00057683        0.00023495
	2	-1	-5	  -0.00068077       -0.00005133
	3	-1	-5	   0.00042699        0.00027551
	4	-1	-5	  -0.00022406       -0.00005217
	-4	-1	-5	   0.00014550        0.00024001
	-3	-1	-5	  -0.00039159       -0.00036013
	-2	-1	-5	   0.00037789        0.00077551
	-1	-1	-5	  -0.00044499       -0.00055017
	0	0	-4	   0.00000000       -0.00000000
	1	0	-4	   0.00221982        0.00199983
	2	0	-4	  -0.00226770       -0.00204297
	3	0	-4	   0.00131620        0.00118577
	4	0	-4	  -0.00077560       -0.00069874
	5	0	-4	   0.00011895        0.00010717
	-5	0	-4	  -0.00011895       -0.00010717
	-4	0	-4	   0.00077560        0.00069874
	-3	0	-4	  -0.00131620       -0.00118577
	-2	0	-4	   0.00226770        0.00204297
	-1	0	-4	  -0.00221982       -0.00199983
	0	1	-4	  -0.00032469        0.00077632
	1	1	-4	  -0.00066783       -0.00212325
	2	1	-4	   0.00565379        0.00591157
	3	1	-4	  -0.00043495       -0.00126103
	4	1	-4	   0.00217679        0.00209069
	5	1	-4	   0.00000162       -0.00019714
	-5	1	-4	   0.00000706        0.00017638
	-4	1	-4	  -0.00220926       -0.00201306
	-3	1	-4	   0.00054614        0.00099519
	-2	1	-4	  -0.00593936       -0.00522878
	-1	1	-4	   0.00112905        0.00102049
	0	2	-4	   0.00033169       -0.00079307
	1	2	-4	  -0.00022651        0.00308406
	2	2	-4	  -0.00064336       -0.00145652
	3	2	-4	   0.00013413        0.00126644
	4	2	-4	  -0.00027973       -0.00049277
	5	2	-4	  -0.00000756        0.00014999
	-5	2	-4	  -0.00007804        0.00005469
	-4	2	-4	   0.00034004        0.00034857
	-3	2	-4	  -0.00067863        0.00003543
	-2	2	-4	   0.00096815        0.00067996
	-1	2	-4	  -0.00155976        0.00118685
	0	3	-4	  -0.00019252        0.00046031
	1	3	-4	   0.00039128       -0.00086374
	2	3	-4	   0.00154758        0.00194609
	3	3	-4	   0.00040810       -0.00059397
	4	3	-4	   0.00085443        0.00085986
	5	3	-4	   0.00018936       -0.00004815
	-5	3	-4	  -0.00018940        0.00004823
	-4	3	-4	  -0.00087700       -0.00080589
	-3	3	-4	  -0.00030605        0.00034996
	-2	3	-4	  -0.00173135       -0.00150669
	-1	3	-4	  -0.00006924        0.00009374
	0	4	-4	   0.00011345       -0.00027125
	1	4	-4	  -0.00028744        0.00090578
	2	4	-4	  -0.00001658       -0.00036623
	3	4	-4	  -0.00010346        0.00039927
	4	4	-4	  -0.00001138       -0.00006488
	-4	4	-4	   0.00002506        0.00003216
	-3	4	-4	  -0.00016358        0.00023919
	-2	4	-4	   0.00014405        0.00006146
	-1	4	-4	  -0.00037392        0.00067551
	0	5	-4	  -0.00001740        0.00004160
	1	5	-4	   0.00015863       -0.00012165
	2	5	-4	   0.00027126        0.00028406
	3	5	-4	   0.00019550       -0.00004519
	-3	5	-4	  -0.00019397        0.00004153
	-2	5	-4	  -0.00028570       -0.00024952
	-1	5	-4	  -0.00010987        0.00000508
	0	-5	-4	   0.00001740       -0.00004160
	1	-5	-4	  -0.00021800        0.00006816
	2	-5	-4	   0.00031400        0.00024320
	3	-5	-4	  -0.00019526        0.00004541
	-3	-5	-4	   0.00019373       -0.00004175
	-2	-5	-4	  -0.00029955       -0.00027774
	-1	-5	-4	   0.00016924        0.00004841
	0	-4	-4	  -0.00011345        0.00027125
	1	-4	-4	   0.00050944       -0.00070578
	2	-4	-4	  -0.00039575       -0.00000523
	3	-4	-4	   0.00025778       -0.00026024
	4	-4	-4	  -0.00008217       -0.00001940
	-4	-4	-4	   0.00006849        0.00005212
	-3	-4	-4	   0.00000925       -0.00037823
	-2	-4	-4	   0.00026828        0.00031001
	-1	-4	-4	   0.00015192       -0.00087551
	0	-3	-4	   0.00019252       -0.00046031
	1	-3	-4	  -0.00115142        0.00017893
	2	-3	-4	   0.00217500        0.00140759
	3	-3	-4	  -0.00110580       -0.00003459
	4	-3	-4	   0.00097121        0.00078485
	5	-3	-4	  -0.00019983        0.00003871
	-5	-3	-4	   0.00019986       -0.00003880
	-4	-3	-4	  -0.00094863       -0.00083882
	-3	-3	-4	   0.00100375        0.00027860
	-2	-3	-4	  -0.00199123       -0.00184699
	-1	-3	-4	   0.00082938        0.00059107
	0	-2	-4	  -0.00033169        0.00079307
	1	-2	-4	   0.00217890       -0.00132515
	2	-2	-4	  -0.00157715       -0.00054393
	3	-2	-4	   0.00112228       -0.00013453
	4	-2	-4	  -0.00059174       -0.00029234
	5	-2	-4	   0.00010633       -0.00006101
	-5	-2	-4	  -0.00002073       -0.00014367
	-4	-2	-4	   0.00053143        0.00043654
	-3	-2	-4	  -0.00057778       -0.00116734
	-2	-2	-4	   0.00125236        0.00132049
	-1	-2	-4	  -0.00039262       -0.00294576
	0	-1	-4	   0.00032469       -0.00077632
	1	-1	-4	  -0.00248542       -0.00071751
	2	-1	-4	   0.00655850        0.00509048
	3	-1	-4	  -0.00176680       -0.00072253
	4	-1	-4	   0.00234478        0.00198278
	5	-1	-4	  -0.00033493       -0.00010314
	-5	-1	-4	   0.00032625        0.00012390
	-4	-1	-4	  -0.00231231       -0.00206042
	-3	-1	-4	   0.00165561        0.00098836
	-2	-1	-4	  -0.00627293       -0.00577327
	-1	-1	-4	   0.00202420        0.00182027
	0	0	-3	  -0.00000000        0.00000000
	1	0	-3	  -0.02370180       -0.02135294
	2	0	-3	   0.00791603        0.00713154
	3	0	-3	  -0.01106067       -0.00996455
	4	0	-3	   0.00131620        0.00118577
	5	0	-3	  -0.00197355       -0.00177797
	6	0	-3	   0.00002247        0.00002025
	-6	0	-3	  -0.00002247       -0.00002025
	-5	0	-3	   0.00197355        0.00177797
	-4	0	-3	  -0.00131620       -0.00118577
	-3	0	-3	   0.01106067        0.00996455
	-2	0	-3	  -0.00791603       -0.00713154
	-1	0	-3	   0.02370180        0.02135293
	0	1	-3	   0.00346683       -0.00828905
	1	1	-3	   0.00419903        0.00881629
	2	1	-3	  -0.00332030       -0.00800711
	3	1	-3	   0.00270552        0.00389214
	4	1	-3	  -0.00072262       -0.00139326
	5	1	-3	   0.00027930        0.00037037
	6	1	-3	  -0.00003944       -0.00009962
	-6	1	-3	   0.00007019        0.00002610
	-5	1	-3	  -0.00030101       -0.00031849
	-4	1	-3	   0.00101511        0.00069394
	-3	1	-3	  -0.00306994       -0.00302084
	-2	1	-3	   0.00565994        0.00241314
	-1	1	-3	  -0.00617880       -0.00408275
	0	2	-3	  -0.00115787        0.00276841
	1	2	-3	  -0.00615320       -0.00936929
	2	2	-3	  -0.00075070        0.00517952
	3	2	-3	  -0.00469084       -0.00534780
	4	2	-3	  -0.00056115        0.00094684
	5	2	-3	  -0.00115086       -0.00118339
	6	2	-3	  -0.00017329        0.00004021
	-6	2	-3	   0.00017311       -0.00003977
	-5	2	-3	   0.00117739        0.00111995
	-4	2	-3	   0.00045485       -0.00069267
	-3	2	-3	   0.00497186        0.00467589
	-2	2	-3	  -0.00026653       -0.00274738
	-1	2	-3	   0.00776986        0.00550393
	0	3	-3	   0.00161783       -0.00386816
	1	3	-3	  -0.00004833        0.00256796
	2	3	-3	   0.00041822       -0.00289114
	3	3	-3	   0.00019803        0.00112897
	4	3	-3	   0.00003325       -0.00076627
	5	3	-3	   0.00002726        0.00011905
	-5	3	-3	  -0.00004565       -0.00007509
	-4	3	-3	   0.00030505       -0.00004258
	-3	3	-3	  -0.00043615       -0.00055964
	-2	3	-3	   0.00116667       -0.00089829
	-1	3	-3	  -0.00101889       -0.00001627
	0	4	-3	  -0.00019252        0.00046031
	1	4	-3	  -0.00060679       -0.00133756
	2	4	-3	  -0.00086471        0.00080087
	3	4	-3	  -0.00089244       -0.00121139
	4	4	-3	  -0.00049134        0.00022097
	5	4	-3	  -0.00031563       -0.00028789
	-5	4	-3	   0.00031559        0.00028797
	-4	4	-3	   0.00046877       -0.00016700
	-3	4	-3	   0.00099449        0.00096738
	-2	4	-3	   0.00068093       -0.00036148
	-1	4	-3	   0.00092883        0.00056756
	0	5	-3	   0.00028867       -0.00069019
	1	5	-3	  -0.00005292        0.00021063
	2	5	-3	   0.00018450       -0.00054129
	3	5	-3	  -0.00000796        0.00010211
	4	5	-3	   0.00004995       -0.00011210
	-4	5	-3	   0.00004332       -0.00011089
	-3	5	-3	  -0.00001941       -0.00003666
	-2	5	-3	   0.00018283       -0.00033698
	-1	5	-3	  -0.00005357        0.00004398
	0	6	-3	  -0.00000329        0.00000786
	1	6	-3	  -0.00008336       -0.00012074
	2	6	-3	  -0.00017390        0.00003991
	-2	6	-3	   0.00017356       -0.00003910
	-1	6	-3	   0.00010290        0.00007402
	0	-6	-3	   0.00000329       -0.00000786
	1	-6	-3	  -0.00012687       -0.00006866
	2	-6	-3	   0.00017515       -0.00003879
	-2	-6	-3	  -0.00017481        0.00003798
	-1	-6	-3	   0.00010733        0.00011539
	0	-5	-3	  -0.00028867        0.00069019
	1	-5	-3	   0.00020127       -0.00007697
	2	-5	-3	  -0.00036589        0.00037787
	3	-5	-3	   0.00013367        0.00001114
	4	-5	-3	  -0.00004971        0.00011232
	-4	-5	-3	  -0.00004356        0.00011067
	-3	-5	-3	  -0.00010629       -0.00007659
	-2	-5	-3	  -0.00000143        0.00050040
	-1	-5	-3	  -0.00009479       -0.00017763
	0	-4	-3	   0.00019252       -0.00046031
	1	-4	-3	  -0.00139285       -0.00046391
	2	-4	-3	   0.00159148       -0.00014612
	3	-4	-3	  -0.00142040       -0.00087225
	4	-4	-3	   0.00064567       -0.00008194
	5	-4	-3	  -0.00032198       -0.00028654
	-5	-4	-3	   0.00032202        0.00028646
	-4	-4	-3	  -0.00062310        0.00002797
	-3	-4	-3	   0.00131835        0.00111625
	-2	-4	-3	  -0.00140771       -0.00029327
	-1	-4	-3	   0.00107081        0.00123391
	0	-3	-3	  -0.00161783        0.00386816
	1	-3	-3	   0.00253975       -0.00032345
	2	-3	-3	  -0.00233950        0.00116027
	3	-3	-3	   0.00142993        0.00033766
	4	-3	-3	  -0.00073095        0.00013771
	5	-3	-3	   0.00015990        0.00004957
	-5	-3	-3	  -0.00014151       -0.00009353
	-4	-3	-3	   0.00039266        0.00067114
	-3	-3	-3	  -0.00119181       -0.00090699
	-2	-3	-3	   0.00075460        0.00262916
	-1	-3	-3	  -0.00147253       -0.00222824
	0	-2	-3	   0.00115787       -0.00276841
	1	-2	-3	  -0.00984226       -0.00504101
	2	-2	-3	   0.00770519        0.00108577
	3	-2	-3	  -0.00614469       -0.00441391
	4	-2	-3	   0.00181757        0.00018507
	5	-2	-3	  -0.00136046       -0.00107906
	6	-2	-3	   0.00017560       -0.00003812
	-6	-2	-3	  -0.00017542        0.00003769
	-5	-2	-3	   0.00133392        0.00114250
	-4	-2	-3	  -0.00171126       -0.00043924
	-3	-2	-3	   0.00586366        0.00508583
	-2	-2	-3	  -0.00668796       -0.00351791
	-1	-2	-3	   0.00822560        0.00890637
	0	-1	-3	  -0.00346683        0.00828905
	1	-1	-3	   0.00933608        0.00337749
	2	-1	-3	  -0.00773234       -0.00195021
	3	-1	-3	   0.00459080        0.00268112
	4	-1	-3	  -0.00147913       -0.00059029
	5	-1	-3	   0.00044871        0.00028550
	6	-1	-3	  -0.00009416       -0.00002074
	-6	-1	-3	   0.00006341        0.00009427
	-5	-1	-3	  -0.00042701       -0.00033738
	-4	-1	-3	   0.00118664        0.00128961
	-3	-1	-3	  -0.00422639       -0.00355242
	-2	-1	-3	   0.00539271        0.00754419
	-1	-1	-3	  -0.00735632       -0.00811103
	0	0	-2	  -0.00000000        0.00000000
	1	0	-2	   0.02239752        0.02017792
	2	0	-2	  -0.02432684       -0.02191604
	3	0	-2	   0.00791603        0.00713154
	4	0	-2	  -0.00226770       -0.00204297
	5	0	-2	   0.00056715        0.00051094
	6	0	-2	  -0.00017792       -0.00016029
	-6	0	-2	   0.00017792        0.00016029
	-5	0	-2	  -0.00056715       -0.00051094
	-4	0	-2	   0.00226770        0.00204297
	-3	0	-2	  -0.00791603       -0.00713154
	-2	0	-2	   0.02432685        0.02191604
	-1	0	-2	  -0.02239752       -0.02017792
	0	1	-2	  -0.00327606        0.00783292
	1	1	-2	  -0.00318125       -0.03259211
	2	1	-2	   0.03528149        0.03983313
	3	1	-2	  -0.00039590       -0.00666285
	4	1	-2	   0.00543606        0.00581149
	5	1	-2	   0.00017267       -0.00059954
	6	1	-2	   0.00065177        0.00061119
	-6	1	-2	  -0.00065642       -0.00060007
	-5	1	-2	  -0.00014562        0.00053487
	-4	1	-2	  -0.00558441       -0.00545678
	-3	1	-2	   0.00089247        0.00547557
	-2	1	-2	  -0.03729755       -0.03501280
	-1	1	-2	   0.00994052        0.01643099
	0	2	-2	   0.00355826       -0.00850764
	1	2	-2	  -0.00323866        0.02131093
	2	2	-2	  -0.00163086       -0.00929736
	3	2	-2	   0.00046340        0.00573760
	4	2	-2	  -0.00035955       -0.00132606
	5	2	-2	   0.00003130        0.00049238
	6	2	-2	  -0.00003054       -0.00009988
	-6	2	-2	   0.00003789        0.00008231
	-5	2	-2	  -0.00019318       -0.00010533
	-4	2	-2	   0.00050547        0.00097717
	-3	2	-2	  -0.00224579       -0.00147598
	-2	2	-2	   0.00359183        0.00460876
	-1	2	-2	  -0.00860807        0.00701411
	0	3	-2	  -0.00115787        0.00276841
	1	3	-2	   0.00399300       -0.00455247
	2	3	-2	   0.00346160        0.00717927
	3	3	-2	   0.00248709       -0.00194014
	4	3	-2	   0.00142466        0.00188958
	5	3	-2	   0.00062983       -0.00033802
	6	3	-2	   0.00028482        0.00025769
	-6	3	-2	  -0.00028501       -0.00025726
	-5	3	-2	  -0.00060329        0.00027458
	-4	3	-2	  -0.00153096       -0.00163541
	-3	3	-2	  -0.00220607        0.00126823
	-2	3	-2	  -0.00447883       -0.00474713
	-1	3	-2	  -0.00237634        0.00068711
	0	4	-2	   0.00033169       -0.00079307
	1	4	-2	  -0.00098192        0.00272544
	2	4	-2	   0.00034132       -0.00098906
	3	4	-2	  -0.00029235        0.00106397
	4	4	-2	   0.00008998       -0.00031725
	5	4	-2	  -0.00004977        0.00012995
	-5	4	-2	  -0.00003583        0.00007473
	-4	4	-2	  -0.00002967        0.00017305
	-3	4	-2	  -0.00025215        0.00023790
	-2	4	-2	  -0.00001653        0.00021250
	-1	4	-2	  -0.00080436        0.00154548
	0	5	-2	  -0.00008296        0.00019834
	1	5	-2	   0.00060874       -0.00038986
	2	5	-2	   0.00033535        0.00063858
	3	5	-2	   0.00069774       -0.00030537
	4	5	-2	   0.00025909        0.00027847
	-4	5	-2	  -0.00026587       -0.00026226
	-3	5	-2	  -0.00065387        0.00020049
	-2	5	-2	  -0.00041964       -0.00043706
	-1	5	-2	  -0.00047040        0.00005910
	0	6	-2	   0.00002602       -0.00006222
	1	6	-2	  -0.00009646        0.00025141
	2	6	-2	   0.00004134       -0.00006532
	3	6	-2	  -0.00004186        0.00010061
	-3	6	-2	  -0.00004169        0.00009917
	-2	6	-2	  -0.00001565        0.00000389
	-1	6	-2	  -0.00009914        0.00021627
	0	-6	-2	  -0.00002602        0.00006222
	1	-6	-2	   0.00012825       -0.00022277
	2	-6	-2	  -0.00009157        0.00002006
	3	-6	-2	   0.00004311       -0.00009949
	-3	-6	-2	   0.00004045       -0.00010029
	-2	-6	-2	   0.00006588        0.00004137
	-1	-6	-2	   0.00006736       -0.00024491
	0	-5	-2	   0.00008296       -0.00019834
	1	-5	-2	  -0.00079366        0.00022326
	2	-5	-2	   0.00077140        0.00035848
	3	-5	-2	  -0.00087913        0.00014195
	4	-5	-2	   0.00032616        0.00024879
	-4	-5	-2	  -0.00031938       -0.00026500
	-3	-5	-2	   0.00083527       -0.00003707
	-2	-5	-2	  -0.00068711       -0.00056001
	-1	-5	-2	   0.00065532        0.00010750
	0	-4	-2	  -0.00033169        0.00079307
	1	-4	-2	   0.00199617       -0.00181170
	2	-4	-2	  -0.00133896        0.00009029
	3	-4	-2	   0.00101912       -0.00040922
	4	-4	-2	  -0.00050231       -0.00005422
	5	-4	-2	   0.00009612       -0.00008819
	-5	-4	-2	  -0.00001052       -0.00011648
	-4	-4	-2	   0.00044200        0.00019842
	-3	-4	-2	  -0.00047462       -0.00089265
	-2	-4	-2	   0.00101417        0.00068628
	-1	-4	-2	  -0.00020989       -0.00245921
	0	-3	-2	   0.00115787       -0.00276841
	1	-3	-2	  -0.00738793        0.00149398
	2	-3	-2	   0.00872413        0.00379884
	3	-3	-2	  -0.00440837        0.00020927
	4	-3	-2	   0.00229793        0.00146409
	5	-3	-2	  -0.00092972        0.00006785
	6	-3	-2	   0.00028642        0.00025694
	-6	-3	-2	  -0.00028624       -0.00025738
	-5	-3	-2	   0.00090318       -0.00000441
	-4	-3	-2	  -0.00219162       -0.00171826
	-3	-3	-2	   0.00412734        0.00046264
	-2	-3	-2	  -0.00770690       -0.00623098
	-1	-3	-2	   0.00577127        0.00237138
	0	-2	-2	  -0.00355826        0.00850764
	1	-2	-2	   0.01702195       -0.00889356
	2	-2	-2	  -0.01177578       -0.00278067
	3	-2	-2	   0.00649109        0.00052769
	4	-2	-2	  -0.00186096       -0.00067439
	5	-2	-2	   0.00054494        0.00002675
	6	-2	-2	  -0.00014511       -0.00005836
	-6	-2	-2	   0.00013776        0.00007593
	-5	-2	-2	  -0.00038306       -0.00041381
	-4	-2	-2	   0.00171503        0.00102328
	-3	-2	-2	  -0.00470870       -0.00478931
	-2	-2	-2	   0.00981480        0.00746927
	-1	-2	-2	  -0.00517522       -0.01943148
	0	-1	-2	   0.00327606       -0.00783292
	1	-1	-2	  -0.04303004       -0.00903962
	2	-1	-2	   0.04571143        0.03313335
	3	-1	-2	  -0.01065675       -0.00329447
	4	-1	-2	   0.00677623        0.00519056
	5	-1	-2	  -0.00111844       -0.00025251
	6	-1	-2	   0.00068552        0.00059357
	-6	-1	-2	  -0.00068087       -0.00060469
	-5	-1	-2	   0.00109140        0.00031718
	-4	-1	-2	  -0.00662788       -0.00554527
	-3	-1	-2	   0.01016017        0.00448176
	-2	-1	-2	  -0.04369537       -0.03795367
	-1	-1	-2	   0.03627077        0.02520074
	0	0	-1	  -0.00000000        0.00000000
	1	0	-1	  -0.30540767       -0.27514160
	2	0	-1	   0.02239752        0.02017792
	3	0	-1	  -0.02370180       -0.02135294
	4	0	-1	   0.00221982        0.00199983
	5	0	-1	  -0.00172295       -0.00155220
	6	0	-1	   0.00006321        0.00005695
	7	0	-1	  -0.00015460       -0.00013928
	-7	0	-1	   0.00015460        0.00013928
	-6	0	-1	  -0.00006321       -0.00005695
	-5	0	-1	   0.00172295        0.00155220
	-4	0	-1	  -0.00221982       -0.00199983
	-3	0	-1	   0.02370180        0.02135294
	-2	0	-1	  -0.02239752       -0.02017792
	-1	0	-1	   0.30540767        0.27514160
	0	1	-1	   0.04467160       -0.10680790
	1	1	-1	   0.00847364        0.04830744
	2	1	-1	  -0.00503671       -0.03344500
	3	1	-1	   0.00225811        0.00792410
	4	1	-1	  -0.00045169       -0.00202389
	5	1	-1	   0.00016113        0.00050197
	6	1	-1	  -0.00002808       -0.00013247
	-6	1	-1	   0.00005092        0.00007786
	-5	1	-1	  -0.00019000       -0.00043295
	-4	1	-1	   0.00077669        0.00124683
	-3	1	-1	  -0.00301463       -0.00611529
	-2	1	-1	   0.01296535        0.01448795
	-1	1	-1	  -0.01866251       -0.02394630
	0	2	-1	  -0.00327606        0.00783292
	1	2	-1	  -0.00961875       -0.03564825
	2	2	-1	  -0.01883705        0.01414083
	3	2	-1	  -0.00437595       -0.00855235
	4	2	-1	  -0.00282542        0.00188942
	5	2	-1	  -0.00073317       -0.00102958
	6	2	-1	  -0.00038665        0.00011821
	-6	2	-1	   0.00038200       -0.00010709
	-5	2	-1	   0.00076022        0.00096491
	-4	2	-1	   0.00267707       -0.00153471
	-3	2	-1	   0.00487253        0.00736506
	-2	2	-1	   0.01682099       -0.00932050
	-1	2	-1	   0.01637802        0.01948713
	0	3	-1	   0.00346683       -0.00828905
	1	3	-1	  -0.00253500        0.00561936
	2	3	-1	   0.00284584       -0.00507978
	3	3	-1	  -0.00116349        0.00205536
	4	3	-1	   0.00043819       -0.00084218
	5	3	-1	  -0.00011207        0.00018457
	6	3	-1	   0.00003652       -0.00006356
	-6	3	-1	  -0.00000577       -0.00000997
	-5	3	-1	   0.00009037       -0.00013269
	-4	3	-1	  -0.00014571        0.00014286
	-3	3	-1	   0.00079907       -0.00118406
	-2	3	-1	  -0.00050621       -0.00051419
	-1	3	-1	   0.00055523       -0.00088583
	0	4	-1	  -0.00032469        0.00077632
	1	4	-1	   0.00008207       -0.00176724
	2	4	-1	  -0.00336310        0.00163088
	3	4	-1	  -0.00027221       -0.00118377
	4	4	-1	  -0.00128531        0.00044709
	5	4	-1	  -0.00016248       -0.00027504
	-5	4	-1	   0.00017116        0.00025428
	-4	4	-1	   0.00125284       -0.00036945
	-3	4	-1	   0.00038339        0.00091793
	-2	4	-1	   0.00307753       -0.00094809
	-1	4	-1	   0.00037915        0.00066448
	0	5	-1	   0.00025201       -0.00060255
	1	5	-1	  -0.00024235        0.00030796
	2	5	-1	   0.00034765       -0.00050987
	3	5	-1	  -0.00016572        0.00015877
	4	5	-1	   0.00011133       -0.00014339
	-4	5	-1	  -0.00003277       -0.00004445
	-3	5	-1	   0.00013033       -0.00007415
	-2	5	-1	  -0.00004477       -0.00021431
	-1	5	-1	   0.00011051        0.00000726
	0	6	-1	  -0.00000925        0.00002211
	1	6	-1	  -0.00000137       -0.00011963
	2	6	-1	  -0.00039576        0.00011383
	3	6	-1	  -0.00006147       -0.00011067
	-3	6	-1	   0.00006721        0.00009694
	-2	6	-1	   0.00038878       -0.00009716
	-1	6	-1	   0.00003103        0.00004872
	0	7	-1	   0.00002261       -0.00005407
	0	-7	-1	  -0.00002261        0.00005407
	0	-6	-1	   0.00000925       -0.00002211
	1	-6	-1	  -0.00015481       -0.00002107
	2	-6	-1	   0.00042755       -0.00008519
	3	-6	-1	  -0.00014877       -0.00007873
	-3	-6	-1	   0.00014302        0.00009246
	-2	-6	-1	  -0.00042057        0.00006852
	-1	-6	-1	   0.00012515        0.00009198
	0	-5	-1	  -0.00025201        0.00060255
	1	-5	-1	   0.00043970       -0.00013017
	2	-5	-1	  -0.00053257        0.00034328
	3	-5	-1	   0.00031408       -0.00002512
	4	-5	-1	  -0.00017070        0.00008990
	-4	-5	-1	   0.00009214        0.00009794
	-3	-5	-1	  -0.00027869       -0.00005950
	-2	-5	-1	   0.00022969        0.00038091
	-1	-5	-1	  -0.00030787       -0.00018506
	0	-4	-1	   0.00032469       -0.00077632
	1	-4	-1	  -0.00230402       -0.00023451
	2	-4	-1	   0.00437735       -0.00071714
	3	-4	-1	  -0.00172743       -0.00061770
	4	-4	-1	   0.00150731       -0.00024709
	5	-4	-1	  -0.00037463       -0.00020883
	-5	-4	-1	   0.00036594        0.00022959
	-4	-4	-1	  -0.00147484        0.00016946
	-3	-4	-1	   0.00161624        0.00088354
	-2	-4	-1	  -0.00409178        0.00003435
	-1	-4	-1	   0.00184280        0.00133727
	0	-3	-1	  -0.00346683        0.00828905
	1	-3	-1	   0.00770715       -0.00095978
	2	-3	-1	  -0.00624078        0.00202129
	3	-3	-1	   0.00365490        0.00018915
	4	-3	-1	  -0.00119833        0.00015737
	5	-3	-1	   0.00035404        0.00003342
	6	-3	-1	  -0.00007579        0.00002818
	-6	-3	-1	   0.00004503        0.00004534
	-5	-3	-1	  -0.00033234       -0.00008530
	-4	-3	-1	   0.00090585        0.00054195
	-3	-3	-1	  -0.00329049       -0.00106046
	-2	-3	-1	   0.00390114        0.00357268
	-1	-3	-1	  -0.00572738       -0.00377375
	0	-2	-1	   0.00327606       -0.00783292
	1	-2	-1	  -0.04458724       -0.01318590
	2	-2	-1	   0.03262035       -0.00172346
	3	-2	-1	  -0.01161951       -0.00585796
	4	-2	-1	   0.00477781       -0.00013052
	5	-2	-1	  -0.00133756       -0.00083595
	6	-2	-1	   0.00043433       -0.00007526
	-6	-2	-1	  -0.00042968        0.00006414
	-5	-2	-1	   0.00131052        0.00090062
	-4	-2	-1	  -0.00462945       -0.00022419
	-3	-2	-1	   0.01112294        0.00704524
	-2	-2	-1	  -0.03060429       -0.00309687
	-1	-2	-1	   0.03782798        0.02934702
	0	-1	-1	  -0.04467160        0.10680790
	1	-1	-1	   0.06118486        0.01444787
	2	-1	-1	  -0.04117458       -0.00818672
	3	-1	-1	   0.01127701        0.00426968
	4	-1	-1	  -0.00270156       -0.00081686
	5	-1	-1	   0.00074022        0.00031005
	6	-1	-1	  -0.00017470       -0.00005021
	-6	-1	-1	   0.00015186        0.00010482
	-5	-1	-1	  -0.00071135       -0.00037907
	-4	-1	-1	   0.00237656        0.00159393
	-3	-1	-1	  -0.01052049       -0.00607849
	-2	-1	-1	   0.03324594        0.02714377
	-1	-1	-1	  -0.05099600       -0.03880901

n_band : 21,	energy : 5.4427,	occupation : 0.0
	0	0	0	   0.00000000        0.00000000
	1	0	0	  -0.00000000       -0.00000000
	2	0	0	   0.00000000       -0.00000000
	3	0	0	  -0.00000001        0.00000002
	4	0	0	   0.00000001       -0.00000002
	5	0	0	   0.00000001       -0.00000001
	6	0	0	   0.00000000       -0.00000000
	7	0	0	   0.00000000       -0.00000000
	-7	0	0	  -0.00000000        0.00000000
	-6	0	0	  -0.00000000        0.00000000
	-5	0	0	  -0.00000000        0.00000001
	-4	0	0	  -0.00000001        0.00000002
	-3	0	0	   0.00000001       -0.00000002
	-2	0	0	  -0.00000000        0.00000000
	-1	0	0	  -0.00000000        0.00000000
	0	1	0	   0.00000000       -0.00000000
	1	1	0	   0.16964521        0.23287737
	2	1	0	  -0.01244108       -0.01707824
	3	1	0	   0.01316574        0.01807303
	4	1	0	  -0.00123296       -0.00169254
	5	1	0	   0.00095704        0.00131376
	6	1	0	  -0.00003511       -0.00004820
	7	1	0	   0.00008587        0.00011788
	-7	1	0	  -0.00008587       -0.00011788
	-6	1	0	   0.00003511        0.00004820
	-5	1	0	  -0.00095704       -0.00131376
	-4	1	0	   0.00123297        0.00169255
	-3	1	0	  -0.01316574       -0.01807300
	-2	1	0	   0.01244108        0.01707826
	-1	1	0	  -0.16964521       -0.23287737
	0	2	0	   0.00000000       -0.00000001
	1	2	0	  -0.01244109       -0.01707824
	2	2	0	   0.01351303        0.01854979
	3	2	0	  -0.00439710       -0.00603605
	4	2	0	   0.00125968        0.00172921
	5	2	0	  -0.00031504       -0.00043247
	6	2	0	   0.00009883        0.00013566
	-6	2	0	  -0.00009883       -0.00013566
	-5	2	0	   0.00031504        0.00043247
	-4	2	0	  -0.00125968       -0.00172919
	-3	2	0	   0.00439711        0.00603603
	-2	2	0	  -0.01351305       -0.01854976
	-1	2	0	   0.01244108        0.01707826
	0	3	0	  -0.00000000        0.00000000
	1	3	0	   0.01316573        0.01807302
	2	3	0	  -0.00439711       -0.00603605
	3	3	0	   0.00614395        0.00843401
	4	3	0	  -0.00073110       -0.00100361
	5	3	0	   0.00109622        0.00150482
	6	3	0	  -0.00001249       -0.00001715
	-6	3	0	   0.00001249        0.00001715
	-5	3	0	  -0.00109622       -0.00150482
	-4	3	0	   0.00073110        0.00100361
	-3	3	0	  -0.00614395       -0.00843400
	-2	3	0	   0.00439710        0.00603606
	-1	3	0	  -0.01316574       -0.01807305
	0	4	0	  -0.00000000       -0.00000002
	1	4	0	  -0.00123297       -0.00169253
	2	4	0	   0.00125968        0.00172921
	3	4	0	  -0.00073110       -0.00100361
	4	4	0	   0.00043082        0.00059141
	5	4	0	  -0.00006609       -0.00009072
	-5	4	0	   0.00006609        0.00009072
	-4	4	0	  -0.00043083       -0.00059141
	-3	4	0	   0.00073110        0.00100360
	-2	4	0	  -0.00125968       -0.00172921
	-1	4	0	   0.00123297        0.00169253
	0	5	0	  -0.00000001       -0.00000001
	1	5	0	   0.00095704        0.00131376
	2	5	0	  -0.00031504       -0.00043247
	3	5	0	   0.00109622        0.00150482
	4	5	0	  -0.00006609       -0.00009072
	5	5	0	   0.00030001        0.00041183
	-5	5	0	  -0.00030001       -0.00041183
	-4	5	0	   0.00006609        0.00009072
	-3	5	0	  -0.00109622       -0.00150482
	-2	5	0	   0.00031504        0.00043247
	-1	5	0	  -0.00095704       -0.00131376
	0	6	0	  -0.00000000        0.00000000
	1	6	0	  -0.00003511       -0.00004820
	2	6	0	   0.00009883        0.00013566
	3	6	0	  -0.00001249       -0.00001715
	-3	6	0	   0.00001249        0.00001715
	-2	6	0	  -0.00009883       -0.00013566
	-1	6	0	   0.00003511        0.00004820
	0	7	0	  -0.00000000        0.00000000
	1	7	0	   0.00008587        0.00011788
	-1	7	0	  -0.00008587       -0.00011787
	0	-7	0	   0.00000000        0.00000000
	1	-7	0	  -0.00008587       -0.00011788
	-1	-7	0	   0.00008587        0.00011787
	0	-6	0	   0.00000000       -0.00000000
	1	-6	0	   0.00003511        0.00004820
	2	-6	0	  -0.00009882       -0.00013566
	3	-6	0	   0.00001249        0.00001715
	-3	-6	0	  -0.00001249       -0.00001715
	-2	-6	0	   0.00009883        0.00013566
	-1	-6	0	  -0.00003511       -0.00004820
	0	-5	0	   0.00000000        0.00000001
	1	-5	0	  -0.00095704       -0.00131376
	2	-5	0	   0.00031504        0.00043247
	3	-5	0	  -0.00109622       -0.00150482
	4	-5	0	   0.00006609        0.00009072
	5	-5	0	  -0.00030001       -0.00041183
	-5	-5	0	   0.00030001        0.00041183
	-4	-5	0	  -0.00006609       -0.00009072
	-3	-5	0	   0.00109622        0.00150482
	-2	-5	0	  -0.00031504       -0.00043246
	-1	-5	0	   0.00095704        0.00131376
	0	-4	0	   0.00000001        0.00000002
	1	-4	0	   0.00123296        0.00169254
	2	-4	0	  -0.00125968       -0.00172920
	3	-4	0	   0.00073110        0.00100361
	4	-4	0	  -0.00043082       -0.00059141
	5	-4	0	   0.00006609        0.00009072
	-5	-4	0	  -0.00006609       -0.00009072
	-4	-4	0	   0.00043083        0.00059141
	-3	-4	0	  -0.00073110       -0.00100361
	-2	-4	0	   0.00125969        0.00172920
	-1	-4	0	  -0.00123297       -0.00169254
	0	-3	0	   0.00000001       -0.00000000
	1	-3	0	  -0.01316573       -0.01807300
	2	-3	0	   0.00439710        0.00603604
	3	-3	0	  -0.00614396       -0.00843400
	4	-3	0	   0.00073111        0.00100360
	5	-3	0	  -0.00109622       -0.00150482
	6	-3	0	   0.00001249        0.00001715
	-6	-3	0	  -0.00001249       -0.00001715
	-5	-3	0	   0.00109622        0.00150482
	-4	-3	0	  -0.00073110       -0.00100361
	-3	-3	0	   0.00614396        0.00843399
	-2	-3	0	  -0.00439710       -0.00603604
	-1	-3	0	   0.01316574        0.01807302
	0	-2	0	  -0.00000001        0.00000001
	1	-2	0	   0.01244108        0.01707826
	2	-2	0	  -0.01351303       -0.01854979
	3	-2	0	   0.00439710        0.00603606
	4	-2	0	  -0.00125968       -0.00172921
	5	-2	0	   0.00031505        0.00043247
	6	-2	0	  -0.00009882       -0.00013566
	-6	-2	0	   0.00009882        0.00013566
	-5	-2	0	  -0.00031504       -0.00043246
	-4	-2	0	   0.00125968        0.00172920
	-3	-2	0	  -0.00439711       -0.00603605
	-2	-2	0	   0.01351304        0.01854976
	-1	-2	0	  -0.01244108       -0.01707828
	0	-1	0	  -0.00000000        0.00000000
	1	-1	0	  -0.16964521       -0.23287737
	2	-1	0	   0.01244107        0.01707826
	3	-1	0	  -0.01316573       -0.01807304
	4	-1	0	   0.00123297        0.00169252
	5	-1	0	  -0.00095704       -0.00131376
	6	-1	0	   0.00003511        0.00004820
	7	-1	0	  -0.00008587       -0.00011787
	-7	-1	0	   0.00008587        0.00011787
	-6	-1	0	  -0.00003511       -0.00004820
	-5	-1	0	   0.00095704        0.00131376
	-4	-1	0	  -0.00123297       -0.00169254
	-3	-1	0	   0.01316574        0.01807302
	-2	-1	0	  -0.01244108       -0.01707827
	-1	-1	0	   0.16964521        0.23287739
	0	0	1	   0.00000000        0.00000000
	1	0	1	   0.11647030       -0.06442468
	2	0	1	  -0.00854144        0.00472464
	3	0	1	   0.00903897       -0.00499985
	4	0	1	  -0.00084649        0.00046823
	5	0	1	   0.00065706       -0.00036345
	6	0	1	  -0.00002411        0.00001333
	7	0	1	   0.00005895       -0.00003261
	-7	0	1	  -0.00005895        0.00003261
	-6	0	1	   0.00002410       -0.00001333
	-5	0	1	  -0.00065706        0.00036345
	-4	0	1	   0.00084650       -0.00046823
	-3	0	1	  -0.00903896        0.00499984
	-2	0	1	   0.00854146       -0.00472465
	-1	0	1	  -0.11647031        0.06442468
	0	1	1	   0.12267442       -0.32108468
	1	1	1	  -0.04661920        0.01740644
	2	1	1	   0.03253304       -0.01575021
	3	1	1	  -0.00737879       -0.00101395
	4	1	1	   0.00192338       -0.00029837
	5	1	1	  -0.00046184       -0.00014483
	6	1	1	   0.00012635       -0.00002617
	-6	1	1	  -0.00006362       -0.00013802
	-5	1	1	   0.00038257        0.00035231
	-4	1	1	  -0.00103083       -0.00203770
	-3	1	1	   0.00530129        0.00645154
	-2	1	1	  -0.01075953       -0.04123908
	-1	1	1	   0.01863913        0.05582779
	0	2	1	  -0.00899643        0.02354703
	1	2	1	   0.03245183       -0.01239074
	2	2	1	  -0.02789084       -0.02217976
	3	2	1	   0.00680157        0.00074201
	4	2	1	  -0.00396777       -0.00391695
	5	2	1	   0.00069465        0.00004496
	6	2	1	  -0.00038688       -0.00048810
	-6	2	1	   0.00037411        0.00052152
	-5	2	1	  -0.00062037       -0.00023938
	-4	2	1	   0.00356037        0.00498328
	-3	2	1	  -0.00543783       -0.00431134
	-2	2	1	   0.02235451        0.03667052
	-1	2	1	  -0.01388975       -0.03619308
	0	3	1	   0.00952046       -0.02491858
	1	3	1	  -0.00746374        0.00250011
	2	3	1	   0.00692955       -0.00455269
	3	3	1	  -0.00300194       -0.00120939
	4	3	1	   0.00115807       -0.00029188
	5	3	1	  -0.00027813       -0.00017405
	6	3	1	   0.00008681       -0.00006371
	-6	3	1	  -0.00000237       -0.00015730
	-5	3	1	   0.00021854        0.00033003
	-4	3	1	  -0.00035486       -0.00181041
	-3	3	1	   0.00200120        0.00382873
	-2	3	1	  -0.00050445       -0.01226410
	-1	3	1	   0.00202704        0.01172975
	0	4	1	  -0.00089158        0.00233362
	1	4	1	   0.00193285       -0.00068973
	2	4	1	  -0.00397730       -0.00352278
	3	4	1	   0.00114549        0.00022893
	4	4	1	  -0.00134270       -0.00158374
	5	4	1	   0.00020690        0.00003923
	-5	4	1	  -0.00018306       -0.00010164
	-4	4	1	   0.00125352        0.00181714
	-3	4	1	  -0.00084012       -0.00102814
	-2	4	1	   0.00319310        0.00557533
	-1	4	1	  -0.00066617       -0.00262553
	0	5	1	   0.00069206       -0.00181138
	1	5	1	  -0.00046898        0.00015098
	2	5	1	   0.00071381       -0.00074743
	3	5	1	  -0.00027908       -0.00013472
	4	5	1	   0.00021175       -0.00016150
	-4	5	1	   0.00000397       -0.00040313
	-3	5	1	   0.00018190        0.00038911
	-2	5	1	   0.00011795       -0.00142957
	-1	5	1	   0.00010695        0.00079663
	0	6	1	  -0.00002539        0.00006646
	1	6	1	   0.00012682       -0.00004575
	2	6	1	  -0.00038704       -0.00048142
	3	6	1	   0.00008507        0.00000812
	-3	6	1	  -0.00006930       -0.00004940
	-2	6	1	   0.00036789        0.00053155
	-1	6	1	  -0.00004537       -0.00016743
	0	7	1	   0.00006209       -0.00016252
	0	-7	1	  -0.00006209        0.00016252
	0	-6	1	   0.00002539       -0.00006646
	1	-6	1	  -0.00006726        0.00001281
	2	-6	1	   0.00037492        0.00048812
	3	-6	1	  -0.00000490       -0.00005247
	-3	-6	1	  -0.00001087        0.00009374
	-2	-6	1	  -0.00035577       -0.00053825
	-1	-6	1	  -0.00001419        0.00020037
	0	-5	1	  -0.00069206        0.00181138
	1	-5	1	   0.00039372       -0.00010935
	2	-5	1	  -0.00064328        0.00070842
	3	-5	1	   0.00022250        0.00016602
	4	-5	1	  -0.00018911        0.00014898
	-4	-5	1	  -0.00002661        0.00041565
	-3	-5	1	  -0.00012531       -0.00042040
	-2	-5	1	  -0.00018847        0.00146858
	-1	-5	1	  -0.00003168       -0.00083826
	0	-4	1	   0.00089159       -0.00233362
	1	-4	1	  -0.00108544        0.00022101
	2	-4	1	   0.00359050        0.00373674
	3	-4	1	  -0.00038289       -0.00065074
	4	-4	1	   0.00125804        0.00163057
	5	-4	1	  -0.00000209       -0.00015251
	-5	-4	1	  -0.00002176        0.00021493
	-4	-4	1	  -0.00116887       -0.00186396
	-3	-4	1	   0.00007754        0.00144995
	-2	-4	1	  -0.00280630       -0.00578928
	-1	-4	1	  -0.00018119        0.00309424
	0	-3	1	  -0.00952044        0.02491858
	1	-3	1	   0.00549131       -0.00140908
	2	-3	1	  -0.00563480        0.00383653
	3	-3	1	   0.00205181        0.00173495
	4	-3	1	  -0.00086817        0.00013153
	5	-3	1	   0.00018586        0.00022510
	6	-3	1	  -0.00007184        0.00005543
	-6	-3	1	  -0.00001260        0.00016558
	-5	-3	1	  -0.00012626       -0.00038108
	-4	-3	1	   0.00006496        0.00197077
	-3	-3	1	  -0.00105105       -0.00435429
	-2	-3	1	  -0.00079026        0.01298026
	-1	-3	1	  -0.00005461       -0.01282079
	0	-2	1	   0.00899645       -0.02354703
	1	-2	1	  -0.01177949        0.00095602
	2	-2	1	   0.02263451        0.02508727
	3	-2	1	  -0.00070142       -0.00411624
	4	-2	1	   0.00322323        0.00432878
	5	-2	1	   0.00009503       -0.00048176
	6	-2	1	   0.00036870        0.00049815
	-6	-2	1	  -0.00035593       -0.00053158
	-5	-2	1	  -0.00016932        0.00067619
	-4	-2	1	  -0.00281583       -0.00539511
	-3	-2	1	  -0.00066228        0.00768556
	-2	-2	1	  -0.01709809       -0.03957806
	-1	-2	1	  -0.00678251        0.04762777
	0	-1	1	  -0.12267443        0.32108471
	1	-1	1	   0.02005419       -0.00271222
	2	-1	1	  -0.01490970        0.00600203
	3	-1	1	   0.00221706        0.00386914
	4	-1	1	  -0.00072079       -0.00036682
	5	-1	1	   0.00011810        0.00033497
	6	-1	1	  -0.00004902       -0.00001660
	-6	-1	1	  -0.00001371        0.00018079
	-5	-1	1	  -0.00003883       -0.00054245
	-4	-1	1	  -0.00017173        0.00270288
	-3	-1	1	  -0.00013956       -0.00930673
	-2	-1	1	  -0.00686374        0.05098723
	-1	-1	1	   0.00792586       -0.07052201
	0	0	2	  -0.00000000       -0.00000000
	1	0	2	  -0.00854144        0.00472464
	2	0	2	   0.00927740       -0.00513172
	3	0	2	  -0.00301884        0.00166985
	4	0	2	   0.00086484       -0.00047838
	5	0	2	  -0.00021629        0.00011964
	6	0	2	   0.00006785       -0.00003753
	-6	0	2	  -0.00006785        0.00003753
	-5	0	2	   0.00021629       -0.00011964
	-4	0	2	  -0.00086483        0.00047838
	-3	0	2	   0.00301884       -0.00166986
	-2	0	2	  -0.00927741        0.00513173
	-1	0	2	   0.00854145       -0.00472465
	0	1	2	  -0.00899643        0.02354702
	1	1	2	   0.03314784       -0.00849929
	2	1	2	  -0.02203991        0.01053298
	3	1	2	   0.00723192        0.00314810
	4	1	2	  -0.00307458        0.00107690
	5	1	2	   0.00079259        0.00059251
	6	1	2	  -0.00027462        0.00013958
	-6	1	2	   0.00026184       -0.00010615
	-5	1	2	  -0.00071831       -0.00078693
	-4	1	2	   0.00266718       -0.00001056
	-3	1	2	  -0.00586818       -0.00671742
	-2	1	2	   0.01650357        0.00395782
	-1	1	2	  -0.01458577       -0.04008450
	0	2	2	   0.00977158       -0.02557588
	1	2	2	  -0.02272259        0.03877378
	2	2	2	   0.00897249       -0.00335007
	3	2	2	  -0.00570505        0.00448776
	4	2	2	   0.00124052        0.00008795
	5	2	2	  -0.00049221        0.00042285
	6	2	2	   0.00009235        0.00002203
	-6	2	2	  -0.00007218       -0.00007484
	-5	2	2	   0.00004765        0.00074070
	-4	2	2	  -0.00083978       -0.00113683
	-3	2	2	   0.00081027        0.00832370
	-2	2	2	  -0.00358733       -0.01074479
	-1	2	2	  -0.00980998        0.04637613
	0	3	2	  -0.00317966        0.00832233
	1	3	2	   0.00730969       -0.00006944
	2	3	2	  -0.00565192        0.00228961
	3	3	2	   0.00376167        0.00291852
	4	3	2	  -0.00120474        0.00029566
	5	3	2	   0.00079106        0.00083044
	6	3	2	  -0.00010982        0.00006001
	-6	3	2	   0.00010932       -0.00005870
	-5	3	2	  -0.00071821       -0.00102114
	-4	3	2	   0.00091280        0.00046844
	-3	3	2	  -0.00298991       -0.00493847
	-2	3	2	   0.00285841        0.00502203
	-1	3	2	  -0.00287022       -0.01155024
	0	4	2	   0.00091091       -0.00238418
	1	4	2	  -0.00318832        0.00578225
	2	4	2	   0.00125293       -0.00042589
	3	4	2	  -0.00123516        0.00155446
	4	4	2	   0.00040346        0.00007202
	5	4	2	  -0.00015381        0.00027485
	-5	4	2	  -0.00008125        0.00034041
	-4	4	2	  -0.00023785       -0.00050550
	-3	4	2	  -0.00026009        0.00235918
	-2	4	2	  -0.00036100       -0.00190864
	-1	4	2	  -0.00171706        0.00705696
	0	5	2	  -0.00022782        0.00059627
	1	5	2	   0.00080032        0.00027282
	2	5	2	  -0.00048682        0.00019995
	3	5	2	   0.00079227        0.00078065
	4	5	2	  -0.00014834        0.00004842
	-4	5	2	   0.00012972        0.00000032
	-3	5	2	  -0.00067181       -0.00109592
	-2	5	2	   0.00025534        0.00040590
	-1	5	2	  -0.00042043       -0.00126712
	0	6	2	   0.00007146       -0.00018704
	1	6	2	  -0.00028788        0.00068812
	2	6	2	   0.00009363       -0.00003066
	3	6	2	  -0.00011561        0.00029951
	-3	6	2	  -0.00011383        0.00030103
	-2	6	2	  -0.00002309       -0.00015398
	-1	6	2	  -0.00024927        0.00071778
	0	-6	2	  -0.00007146        0.00018705
	1	-6	2	   0.00027575       -0.00068142
	2	-6	2	  -0.00007447        0.00002006
	3	-6	2	   0.00011513       -0.00029925
	-3	-6	2	   0.00011431       -0.00030129
	-2	-6	2	   0.00000393        0.00016458
	-1	-6	2	   0.00026139       -0.00072448
	0	-5	2	   0.00022781       -0.00059627
	1	-5	2	  -0.00072979       -0.00031183
	2	-5	2	   0.00006475        0.00003351
	3	-5	2	  -0.00072309       -0.00081891
	4	-5	2	  -0.00007484        0.00007503
	-4	-5	2	   0.00009346       -0.00012376
	-3	-5	2	   0.00060264        0.00113419
	-2	-5	2	   0.00016672       -0.00063936
	-1	-5	2	   0.00034991        0.00130612
	0	-4	2	  -0.00091090        0.00238418
	1	-4	2	   0.00280152       -0.00556828
	2	-4	2	  -0.00087246        0.00021544
	3	-4	2	   0.00095799       -0.00140114
	4	-4	2	  -0.00024622       -0.00015899
	5	-4	2	   0.00013614       -0.00026507
	-5	-4	2	   0.00009893       -0.00035019
	-4	-4	2	   0.00008060        0.00059248
	-3	-4	2	   0.00053726       -0.00251249
	-2	-4	2	  -0.00001948        0.00211910
	-1	-4	2	   0.00210386       -0.00727092
	0	-3	2	   0.00317965       -0.00832233
	1	-3	2	  -0.00601493       -0.00064672
	2	-3	2	   0.00100469        0.00028097
	3	-3	2	  -0.00302894       -0.00332381
	4	-3	2	  -0.00021490        0.00048959
	5	-3	2	  -0.00067670       -0.00089370
	6	-3	2	  -0.00010802        0.00006048
	-6	-3	2	   0.00010852       -0.00006180
	-5	-3	2	   0.00060384        0.00108440
	-4	-3	2	   0.00050683       -0.00125370
	-3	-3	2	   0.00225720        0.00534376
	-2	-3	2	   0.00178882       -0.00759261
	-1	-3	2	   0.00157551        0.01226639
	0	-2	2	  -0.00977159        0.02557589
	1	-2	2	   0.01746619       -0.03586623
	2	-2	2	  -0.00385969        0.00052199
	3	-2	2	   0.00305283       -0.00302070
	4	-2	2	  -0.00039368       -0.00055637
	5	-2	2	   0.00027244       -0.00030129
	6	-2	2	  -0.00002538       -0.00005908
	-6	-2	2	   0.00000520        0.00011189
	-5	-2	2	   0.00017210       -0.00086226
	-4	-2	2	  -0.00000706        0.00160525
	-3	-2	2	   0.00184195       -0.00979076
	-2	-2	2	  -0.00152541        0.01357286
	-1	-2	2	   0.01506639       -0.04928369
	0	-1	2	   0.00899645       -0.02354703
	1	-1	2	  -0.01552452       -0.00124889
	2	-1	2	  -0.00884735        0.00655209
	3	-1	2	  -0.00301697       -0.00547954
	4	-1	2	  -0.00158271        0.00149924
	5	-1	2	  -0.00043192       -0.00079201
	6	-1	2	  -0.00023536        0.00014251
	-6	-1	2	   0.00024813       -0.00017593
	-5	-1	2	   0.00035763        0.00098643
	-4	-1	2	   0.00199012       -0.00256558
	-3	-1	2	   0.00165328        0.00904885
	-2	-1	2	   0.01438374       -0.02104288
	-1	-1	2	  -0.00303750        0.04983268
	0	0	3	   0.00000000        0.00000000
	1	0	3	   0.00903895       -0.00499982
	2	0	3	  -0.00301884        0.00166985
	3	0	3	   0.00421814       -0.00233323
	4	0	3	  -0.00050194        0.00027764
	5	0	3	   0.00075261       -0.00041630
	6	0	3	  -0.00000858        0.00000474
	-6	0	3	   0.00000857       -0.00000474
	-5	0	3	  -0.00075261        0.00041630
	-4	0	3	   0.00050194       -0.00027764
	-3	0	3	  -0.00421814        0.00233323
	-2	0	3	   0.00301884       -0.00166984
	-1	0	3	  -0.00903897        0.00499982
	0	1	3	   0.00952044       -0.02491856
	1	1	3	  -0.00673569        0.00657061
	2	1	3	   0.00626294       -0.00827972
	3	1	3	  -0.00258364        0.00112937
	4	1	3	   0.00103258       -0.00099355
	5	1	3	  -0.00023582        0.00006253
	6	1	3	   0.00007859       -0.00010963
	-6	1	3	   0.00000584       -0.00011138
	-5	1	3	   0.00017623        0.00009345
	-4	1	3	  -0.00022935       -0.00110875
	-3	1	3	   0.00158289        0.00148997
	-2	1	3	   0.00016216       -0.00853707
	-1	1	3	   0.00129900        0.00765924
	0	2	3	  -0.00317965        0.00832232
	1	2	3	   0.00621273       -0.00620257
	2	2	3	  -0.00610733       -0.00025663
	3	2	3	   0.00298564       -0.00142032
	4	2	3	  -0.00141943       -0.00090468
	5	2	3	   0.00059856       -0.00024588
	6	2	3	  -0.00015934       -0.00021688
	-6	2	3	   0.00015884        0.00021819
	-5	2	3	  -0.00052570        0.00005518
	-4	2	3	   0.00112749        0.00166878
	-3	2	3	  -0.00221387       -0.00059965
	-2	2	3	   0.00331383        0.00756826
	-1	2	3	  -0.00177326       -0.00541712
	0	3	3	   0.00444284       -0.01162855
	1	3	3	  -0.00263244        0.00314842
	2	3	3	   0.00307618       -0.00516602
	3	3	3	  -0.00108953        0.00040680
	4	3	3	   0.00079130       -0.00102333
	5	3	3	  -0.00011292        0.00001447
	-5	3	3	   0.00006243        0.00011770
	-4	3	3	   0.00013768       -0.00140816
	-3	3	3	   0.00043562        0.00130474
	-2	3	3	   0.00127621       -0.00622577
	-1	3	3	  -0.00029837        0.00452262
	0	4	3	  -0.00052868        0.00138374
	1	4	3	   0.00103463       -0.00107848
	2	4	3	  -0.00142481       -0.00068214
	3	4	3	   0.00077490       -0.00034469
	4	4	3	  -0.00056745       -0.00059860
	5	4	3	   0.00012442       -0.00006313
	-5	4	3	  -0.00012452        0.00006339
	-4	4	3	   0.00050545        0.00076086
	-3	4	3	  -0.00049465       -0.00038883
	-2	4	3	   0.00092013        0.00200305
	-1	4	3	  -0.00015022       -0.00123632
	0	5	3	   0.00079270       -0.00207480
	1	5	3	  -0.00024170        0.00030610
	2	5	3	   0.00062222       -0.00122486
	3	5	3	  -0.00011354        0.00004029
	4	5	3	   0.00013090       -0.00033112
	-4	5	3	   0.00012519       -0.00033915
	-3	5	3	   0.00003837        0.00015649
	-2	5	3	   0.00038647       -0.00141526
	-1	5	3	  -0.00005072        0.00045930
	0	6	3	  -0.00000903        0.00002364
	1	6	3	   0.00007782       -0.00007743
	2	6	3	  -0.00015936       -0.00021642
	-2	6	3	   0.00015841        0.00021888
	-1	6	3	  -0.00002416       -0.00006302
	0	-6	3	   0.00000903       -0.00002364
	1	-6	3	   0.00000235        0.00003308
	2	-6	3	   0.00015888        0.00021668
	-2	-6	3	  -0.00015794       -0.00021914
	-1	-6	3	  -0.00005601        0.00010736
	0	-5	3	  -0.00079270        0.00207480
	1	-5	3	   0.00018512       -0.00027480
	2	-5	3	  -0.00055305        0.00118660
	3	-5	3	   0.00006560       -0.00001377
	4	-5	3	  -0.00013099        0.00033118
	-4	-5	3	  -0.00012509        0.00033909
	-3	-5	3	   0.00000958       -0.00018301
	-2	-5	3	  -0.00045564        0.00145352
	-1	-5	3	   0.00010730       -0.00049060
	0	-4	3	   0.00052867       -0.00138374
	1	-4	3	  -0.00027203        0.00065666
	2	-4	3	   0.00114764        0.00083545
	3	-4	3	   0.00010710       -0.00014318
	4	-4	3	   0.00050859        0.00063116
	5	-4	3	   0.00011871       -0.00007136
	-5	-4	3	  -0.00011861        0.00007110
	-4	-4	3	  -0.00044660       -0.00079342
	-3	-4	3	  -0.00038735        0.00087669
	-2	-4	3	  -0.00064297       -0.00215636
	-1	-4	3	  -0.00061236        0.00165813
	0	-3	3	  -0.00444283        0.01162855
	1	-3	3	   0.00168230       -0.00262285
	2	-3	3	  -0.00234345        0.00476072
	3	-3	3	   0.00046868       -0.00006339
	4	-3	3	  -0.00052523        0.00087615
	5	-3	3	   0.00004154        0.00002502
	-5	-3	3	   0.00000895       -0.00015718
	-4	-3	3	  -0.00040375        0.00155534
	-3	-3	3	   0.00018523       -0.00164816
	-2	-3	3	  -0.00200892        0.00663107
	-1	-3	3	   0.00124851       -0.00504819
	0	-2	3	   0.00317965       -0.00832232
	1	-2	3	  -0.00011258        0.00282834
	2	-2	3	   0.00345511        0.00172369
	3	-2	3	   0.00114663       -0.00086540
	4	-2	3	   0.00094028        0.00116972
	5	-2	3	   0.00035912       -0.00028385
	6	-2	3	   0.00015845        0.00021737
	-6	-2	3	  -0.00015795       -0.00021868
	-5	-2	3	  -0.00043198        0.00047455
	-4	-2	3	  -0.00064835       -0.00193381
	-3	-2	3	  -0.00191838        0.00288536
	-2	-2	3	  -0.00066162       -0.00903531
	-1	-2	3	  -0.00432685        0.00879134
	0	-1	3	  -0.00952046        0.02491856
	1	-1	3	   0.00157396       -0.00371544
	2	-1	3	  -0.00204800        0.00594828
	3	-1	3	  -0.00019895        0.00040979
	4	-1	3	  -0.00019290        0.00052909
	5	-1	3	  -0.00004182        0.00009105
	6	-1	3	  -0.00002765        0.00008145
	-6	-1	3	  -0.00005679        0.00013956
	-5	-1	3	   0.00010142       -0.00024703
	-4	-1	3	  -0.00061030        0.00157320
	-3	-1	3	   0.00119971       -0.00302914
	-2	-1	3	  -0.00437706        0.01086850
	-1	-1	3	   0.00386274       -0.01051441
	0	0	4	  -0.00000003        0.00000001
	1	0	4	  -0.00084650        0.00046824
	2	0	4	   0.00086483       -0.00047837
	3	0	4	  -0.00050194        0.00027765
	4	0	4	   0.00029578       -0.00016361
	5	0	4	  -0.00004537        0.00002510
	-5	0	4	   0.00004537       -0.00002510
	-4	0	4	  -0.00029579        0.00016361
	-3	0	4	   0.00050193       -0.00027765
	-2	0	4	  -0.00086484        0.00047838
	-1	0	4	   0.00084650       -0.00046824
	0	1	4	  -0.00089159        0.00233363
	1	1	4	   0.00185177       -0.00114306
	2	1	4	  -0.00300244        0.00192765
	3	1	4	   0.00112789        0.00013055
	4	1	4	  -0.00096840        0.00050896
	5	1	4	   0.00022464        0.00013840
	-5	1	4	  -0.00020079       -0.00020081
	-4	1	4	   0.00087923       -0.00027556
	-3	1	4	  -0.00082253       -0.00092977
	-2	1	4	   0.00221825        0.00012490
	-1	1	4	  -0.00058509       -0.00217221
	0	2	4	   0.00091090       -0.00238417
	1	2	4	  -0.00310666        0.00623883
	2	2	4	   0.00114647       -0.00102110
	3	2	4	  -0.00118906        0.00181224
	4	2	4	   0.00036349       -0.00015146
	5	2	4	  -0.00014925        0.00030037
	-5	2	4	  -0.00008582        0.00031488
	-4	2	4	  -0.00019788       -0.00028202
	-3	2	4	  -0.00030620        0.00210139
	-2	2	4	  -0.00025454       -0.00131343
	-1	2	4	  -0.00179872        0.00660038
	0	3	4	  -0.00052868        0.00138375
	1	3	4	   0.00114253       -0.00047519
	2	3	4	  -0.00116401        0.00077599
	3	3	4	   0.00091550        0.00044142
	4	3	4	  -0.00042196        0.00021484
	5	3	4	   0.00017901        0.00024210
	-5	3	4	  -0.00017911       -0.00024183
	-4	3	4	   0.00035996       -0.00005257
	-3	3	4	  -0.00063525       -0.00117493
	-2	3	4	   0.00065933        0.00054492
	-1	3	4	  -0.00025812       -0.00183960
	0	4	4	   0.00031154       -0.00081541
	1	4	4	  -0.00101207        0.00231557
	2	4	4	   0.00036815       -0.00034438
	3	4	4	  -0.00043894        0.00091707
	4	4	4	   0.00006259       -0.00002337
	-4	4	4	  -0.00002503       -0.00007496
	-3	4	4	  -0.00029435        0.00100220
	-2	4	4	  -0.00001812       -0.00057180
	-1	4	4	  -0.00080410        0.00243802
	0	5	4	  -0.00004779        0.00012508
	1	5	4	   0.00022742        0.00002329
	2	5	4	  -0.00014431        0.00009599
	3	5	4	   0.00017912        0.00023760
	-3	5	4	  -0.00017492       -0.00024859
	-2	5	4	   0.00010462        0.00000789
	-1	5	4	  -0.00009354       -0.00037370
	0	-5	4	   0.00004779       -0.00012508
	1	-5	4	  -0.00020478       -0.00003581
	2	-5	4	  -0.00007887        0.00002746
	3	-5	4	  -0.00017922       -0.00023755
	-3	-5	4	   0.00017502        0.00024854
	-2	-5	4	   0.00011856       -0.00013134
	-1	-5	4	   0.00007090        0.00038623
	0	-4	4	  -0.00031154        0.00081542
	1	-4	4	   0.00092741       -0.00226874
	2	-4	4	  -0.00021091        0.00025741
	3	-4	4	   0.00038008       -0.00088451
	4	-4	4	  -0.00002693        0.00000364
	-4	-4	4	  -0.00001064        0.00009469
	-3	-4	4	   0.00035320       -0.00103476
	-2	-4	4	  -0.00013913        0.00065878
	-1	-4	4	   0.00088876       -0.00248485
	0	-3	4	   0.00052868       -0.00138375
	1	-3	4	  -0.00085262        0.00031483
	2	-3	4	  -0.00025563        0.00000927
	3	-3	4	  -0.00064942       -0.00058859
	4	-3	4	  -0.00027423        0.00017026
	5	-3	4	  -0.00017502       -0.00024430
	-5	-3	4	   0.00017513        0.00024404
	-4	-3	4	   0.00033623       -0.00033252
	-3	-3	4	   0.00036918        0.00132210
	-2	-3	4	   0.00076029       -0.00133018
	-1	-3	4	  -0.00003177        0.00199995
	0	-2	4	  -0.00091091        0.00238417
	1	-2	4	   0.00236212       -0.00582699
	2	-2	4	  -0.00029965        0.00055269
	3	-2	4	   0.00070991       -0.00154720
	4	-2	4	  -0.00003115       -0.00003237
	5	-2	4	   0.00011157       -0.00027953
	-5	-2	4	   0.00012350       -0.00033572
	-4	-2	4	  -0.00013447        0.00046585
	-3	-2	4	   0.00078534       -0.00236643
	-2	-2	4	  -0.00059230        0.00178185
	-1	-2	4	   0.00254326       -0.00701222
	0	-1	4	   0.00089159       -0.00233363
	1	-1	4	  -0.00064915        0.00047787
	2	-1	4	  -0.00165485        0.00064849
	3	-1	4	  -0.00028821       -0.00059500
	4	-1	4	  -0.00075592        0.00044484
	5	-1	4	  -0.00009753       -0.00020871
	-5	-1	4	   0.00007368        0.00027112
	-4	-1	4	   0.00084509       -0.00067823
	-3	-1	4	  -0.00001713        0.00139421
	-2	-1	4	   0.00243905       -0.00270105
	-1	-1	4	  -0.00061746        0.00283738
	0	0	5	  -0.00000001        0.00000000
	1	0	5	   0.00065706       -0.00036344
	2	0	5	  -0.00021630        0.00011964
	3	0	5	   0.00075261       -0.00041630
	4	0	5	  -0.00004537        0.00002510
	5	0	5	   0.00020597       -0.00011393
	-5	0	5	  -0.00020597        0.00011393
	-4	0	5	   0.00004537       -0.00002510
	-3	0	5	  -0.00075261        0.00041630
	-2	0	5	   0.00021629       -0.00011964
	-1	0	5	  -0.00065706        0.00036345
	0	1	5	   0.00069206       -0.00181137
	1	1	5	  -0.00040769        0.00049363
	2	1	5	   0.00064757       -0.00111775
	3	1	5	  -0.00022862        0.00014741
	4	1	5	   0.00018790       -0.00029484
	-4	1	5	   0.00002782       -0.00026979
	-3	1	5	   0.00013144        0.00010697
	-2	1	5	   0.00018418       -0.00105925
	-1	1	5	   0.00004566        0.00045397
	0	2	5	  -0.00022782        0.00059627
	1	2	5	   0.00063615       -0.00064505
	2	2	5	  -0.00053300       -0.00005825
	3	2	5	   0.00058944       -0.00035335
	4	2	5	  -0.00019069       -0.00018833
	-4	2	5	   0.00017206        0.00023707
	-3	2	5	  -0.00046899        0.00003807
	-2	2	5	   0.00030152        0.00066409
	-1	2	5	  -0.00025626       -0.00034925
	0	3	5	   0.00079270       -0.00207480
	1	3	5	  -0.00023355        0.00035165
	2	3	5	   0.00061190       -0.00128254
	3	3	5	  -0.00010819        0.00007020
	4	3	5	   0.00012996       -0.00033633
	-4	3	5	   0.00012612       -0.00033394
	-3	3	5	   0.00003302        0.00012658
	-2	3	5	   0.00039679       -0.00135758
	-1	3	5	  -0.00005887        0.00041374
	0	4	5	  -0.00004779        0.00012508
	1	4	5	   0.00018583       -0.00020922
	2	4	5	  -0.00019122       -0.00016629
	3	4	5	   0.00012360       -0.00007283
	-3	4	5	  -0.00011940        0.00006185
	-2	4	5	   0.00015153        0.00027017
	-1	4	5	  -0.00005195       -0.00014120
	0	5	5	   0.00021694       -0.00056783
	0	-5	5	  -0.00021695        0.00056783
	0	-4	5	   0.00004779       -0.00012508
	1	-4	5	   0.00001898        0.00009593
	2	-4	5	   0.00017354        0.00017607
	3	-4	5	   0.00011954       -0.00006165
	-3	-4	5	  -0.00012374        0.00007264
	-2	-4	5	  -0.00013385       -0.00027994
	-1	-4	5	  -0.00015286        0.00025449
	0	-3	5	  -0.00079270        0.00207480
	1	-3	5	   0.00014129       -0.00030061
	2	-3	5	  -0.00049754        0.00121927
	3	-3	5	   0.00003682       -0.00003072
	4	-3	5	  -0.00012598        0.00033413
	-4	-3	5	  -0.00013011        0.00033614
	-3	-3	5	   0.00003837       -0.00016606
	-2	-3	5	  -0.00051115        0.00142085
	-1	-3	5	   0.00015115       -0.00046478
	0	-2	5	   0.00022781       -0.00059627
	1	-2	5	   0.00015354        0.00020824
	2	-2	5	   0.00031323        0.00017981
	3	-2	5	   0.00036823       -0.00017638
	4	-2	5	   0.00015300        0.00020917
	-4	-2	5	  -0.00013439       -0.00025791
	-3	-2	5	  -0.00048869        0.00049166
	-2	-2	5	  -0.00008177       -0.00078565
	-1	-2	5	  -0.00053342        0.00078606
	0	-1	5	  -0.00069206        0.00181137
	1	-1	5	   0.00006397       -0.00030350
	2	-1	5	  -0.00028690        0.00091824
	3	-1	5	  -0.00004902        0.00000616
	4	-1	5	  -0.00006079        0.00022453
	-4	-1	5	  -0.00015493        0.00034010
	-3	-1	5	   0.00014621       -0.00026054
	-2	-1	5	  -0.00054485        0.00125876
	-1	-1	5	   0.00029809       -0.00064412
	0	0	6	  -0.00000000        0.00000000
	1	0	6	  -0.00002411        0.00001333
	2	0	6	   0.00006785       -0.00003753
	3	0	6	  -0.00000858        0.00000474
	-3	0	6	   0.00000858       -0.00000474
	-2	0	6	  -0.00006785        0.00003753
	-1	0	6	   0.00002411       -0.00001333
	0	1	6	  -0.00002539        0.00006646
	1	1	6	   0.00012277       -0.00006844
	2	1	6	  -0.00027339        0.00015399
	3	1	6	   0.00009174        0.00004542
	-3	1	6	  -0.00007597       -0.00008669
	-2	1	6	   0.00025424       -0.00010386
	-1	1	6	  -0.00004131       -0.00014475
	0	2	6	   0.00007146       -0.00018705
	1	2	6	  -0.00028649        0.00069586
	2	2	6	   0.00008271       -0.00009169
	3	2	6	  -0.00011551        0.00030004
	-3	2	6	  -0.00011393        0.00030050
	-2	2	6	  -0.00001217       -0.00009295
	-1	2	6	  -0.00025065        0.00071004
	0	3	6	  -0.00000903        0.00002364
	1	3	6	   0.00009270        0.00000578
	2	3	6	  -0.00010974        0.00006100
	-2	3	6	   0.00010880       -0.00005854
	-1	3	6	  -0.00003904       -0.00014623
	0	-3	6	   0.00000903       -0.00002364
	1	-3	6	  -0.00007773       -0.00001406
	2	-3	6	  -0.00010810        0.00005950
	-2	-3	6	   0.00010904       -0.00006195
	-1	-3	6	   0.00002407        0.00015451
	0	-2	6	  -0.00007147        0.00018705
	1	-2	6	   0.00026831       -0.00068580
	2	-2	6	  -0.00001574        0.00005465
	3	-2	6	   0.00011462       -0.00029954
	-3	-2	6	   0.00011482       -0.00030099
	-2	-2	6	  -0.00005481        0.00013000
	-1	-2	6	   0.00026883       -0.00072010
	0	-1	6	   0.00002539       -0.00006646
	1	-1	6	  -0.00004543        0.00002566
	2	-1	6	  -0.00023658        0.00012810
	3	-1	6	  -0.00004079       -0.00007360
	-3	-1	6	   0.00002503        0.00011487
	-2	-1	6	   0.00025573       -0.00017823
	-1	-1	6	  -0.00003601        0.00018752
	0	0	7	  -0.00000000        0.00000000
	1	0	7	   0.00005895       -0.00003261
	-1	0	7	  -0.00005895        0.00003261
	0	1	7	   0.00006209       -0.00016252
	0	-1	7	  -0.00006209        0.00016252
	0	0	-7	   0.00000000       -0.00000000
	1	0	-7	  -0.00005895        0.00003261
	-1	0	-7	   0.00005895       -0.00003261
	0	1	-7	  -0.00006209        0.00016252
	0	-1	-7	   0.00006209       -0.00016252
	0	0	-6	   0.00000000       -0.00000000
	1	0	-6	   0.00002411       -0.00001333
	2	0	-6	  -0.00006785        0.00003753
	3	0	-6	   0.00000858       -0.00000474
	-3	0	-6	  -0.00000858        0.00000474
	-2	0	-6	   0.00006785       -0.00003753
	-1	0	-6	  -0.00002411        0.00001333
	0	1	-6	   0.00002539       -0.00006646
	1	1	-6	  -0.00003602        0.00018752
	2	1	-6	   0.00025573       -0.00017823
	3	1	-6	   0.00002503        0.00011487
	-3	1	-6	  -0.00004080       -0.00007360
	-2	1	-6	  -0.00023658        0.00012810
	-1	1	-6	  -0.00004544        0.00002566
	0	2	-6	  -0.00007146        0.00018704
	1	2	-6	   0.00026883       -0.00072010
	2	2	-6	  -0.00005481        0.00012999
	3	2	-6	   0.00011482       -0.00030099
	-3	2	-6	   0.00011462       -0.00029955
	-2	2	-6	  -0.00001573        0.00005464
	-1	2	-6	   0.00026831       -0.00068580
	0	3	-6	   0.00000903       -0.00002364
	1	3	-6	   0.00002407        0.00015451
	2	3	-6	   0.00010904       -0.00006195
	-2	3	-6	  -0.00010810        0.00005950
	-1	3	-6	  -0.00007773       -0.00001406
	0	-3	-6	  -0.00000903        0.00002364
	1	-3	-6	  -0.00003904       -0.00014623
	2	-3	-6	   0.00010880       -0.00005854
	-2	-3	-6	  -0.00010974        0.00006100
	-1	-3	-6	   0.00009270        0.00000578
	0	-2	-6	   0.00007147       -0.00018705
	1	-2	-6	  -0.00025065        0.00071004
	2	-2	-6	  -0.00001216       -0.00009295
	3	-2	-6	  -0.00011393        0.00030050
	-3	-2	-6	  -0.00011551        0.00030004
	-2	-2	-6	   0.00008271       -0.00009169
	-1	-2	-6	  -0.00028649        0.00069586
	0	-1	-6	  -0.00002539        0.00006646
	1	-1	-6	  -0.00004132       -0.00014474
	2	-1	-6	   0.00025424       -0.00010386
	3	-1	-6	  -0.00007597       -0.00008669
	-3	-1	-6	   0.00009174        0.00004542
	-2	-1	-6	  -0.00027339        0.00015399
	-1	-1	-6	   0.00012276       -0.00006844
	0	0	-5	   0.00000001       -0.00000000
	1	0	-5	  -0.00065706        0.00036345
	2	0	-5	   0.00021630       -0.00011964
	3	0	-5	  -0.00075261        0.00041630
	4	0	-5	   0.00004537       -0.00002510
	5	0	-5	  -0.00020597        0.00011393
	-5	0	-5	   0.00020597       -0.00011393
	-4	0	-5	  -0.00004537        0.00002510
	-3	0	-5	   0.00075261       -0.00041630
	-2	0	-5	  -0.00021629        0.00011964
	-1	0	-5	   0.00065706       -0.00036345
	0	1	-5	  -0.00069206        0.00181137
	1	1	-5	   0.00029807       -0.00064411
	2	1	-5	  -0.00054485        0.00125876
	3	1	-5	   0.00014620       -0.00026054
	4	1	-5	  -0.00015493        0.00034010
	-4	1	-5	  -0.00006079        0.00022453
	-3	1	-5	  -0.00004902        0.00000616
	-2	1	-5	  -0.00028690        0.00091825
	-1	1	-5	   0.00006396       -0.00030349
	0	2	-5	   0.00022782       -0.00059628
	1	2	-5	  -0.00053342        0.00078606
	2	2	-5	  -0.00008176       -0.00078566
	3	2	-5	  -0.00048869        0.00049166
	4	2	-5	  -0.00013438       -0.00025791
	-4	2	-5	   0.00015301        0.00020917
	-3	2	-5	   0.00036823       -0.00017639
	-2	2	-5	   0.00031324        0.00017981
	-1	2	-5	   0.00015354        0.00020824
	0	3	-5	  -0.00079270        0.00207480
	1	3	-5	   0.00015114       -0.00046478
	2	3	-5	  -0.00051115        0.00142084
	3	3	-5	   0.00003836       -0.00016606
	4	3	-5	  -0.00013011        0.00033614
	-4	3	-5	  -0.00012598        0.00033413
	-3	3	-5	   0.00003682       -0.00003072
	-2	3	-5	  -0.00049754        0.00121928
	-1	3	-5	   0.00014128       -0.00030061
	0	4	-5	   0.00004779       -0.00012509
	1	4	-5	  -0.00015286        0.00025448
	2	4	-5	  -0.00013385       -0.00027995
	3	4	-5	  -0.00012374        0.00007264
	-3	4	-5	   0.00011954       -0.00006165
	-2	4	-5	   0.00017354        0.00017607
	-1	4	-5	   0.00001898        0.00009593
	0	5	-5	  -0.00021694        0.00056782
	0	-5	-5	   0.00021695       -0.00056783
	0	-4	-5	  -0.00004779        0.00012508
	1	-4	-5	  -0.00005195       -0.00014119
	2	-4	-5	   0.00015153        0.00027017
	3	-4	-5	  -0.00011940        0.00006185
	-3	-4	-5	   0.00012360       -0.00007283
	-2	-4	-5	  -0.00019122       -0.00016629
	-1	-4	-5	   0.00018583       -0.00020922
	0	-3	-5	   0.00079270       -0.00207480
	1	-3	-5	  -0.00005887        0.00041374
	2	-3	-5	   0.00039679       -0.00135759
	3	-3	-5	   0.00003301        0.00012658
	4	-3	-5	   0.00012612       -0.00033394
	-4	-3	-5	   0.00012997       -0.00033633
	-3	-3	-5	  -0.00010820        0.00007020
	-2	-3	-5	   0.00061190       -0.00128253
	-1	-3	-5	  -0.00023356        0.00035165
	0	-2	-5	  -0.00022781        0.00059628
	1	-2	-5	  -0.00025627       -0.00034925
	2	-2	-5	   0.00030153        0.00066409
	3	-2	-5	  -0.00046899        0.00003808
	4	-2	-5	   0.00017207        0.00023706
	-4	-2	-5	  -0.00019068       -0.00018833
	-3	-2	-5	   0.00058944       -0.00035335
	-2	-2	-5	  -0.00053299       -0.00005825
	-1	-2	-5	   0.00063614       -0.00064505
	0	-1	-5	   0.00069206       -0.00181138
	1	-1	-5	   0.00004565        0.00045398
	2	-1	-5	   0.00018418       -0.00105926
	3	-1	-5	   0.00013143        0.00010697
	4	-1	-5	   0.00002782       -0.00026979
	-4	-1	-5	   0.00018790       -0.00029484
	-3	-1	-5	  -0.00022862        0.00014741
	-2	-1	-5	   0.00064757       -0.00111775
	-1	-1	-5	  -0.00040771        0.00049363
	0	0	-4	   0.00000003       -0.00000001
	1	0	-4	   0.00084650       -0.00046823
	2	0	-4	  -0.00086483        0.00047838
	3	0	-4	   0.00050194       -0.00027764
	4	0	-4	  -0.00029578        0.00016361
	5	0	-4	   0.00004537       -0.00002510
	-5	0	-4	  -0.00004537        0.00002510
	-4	0	-4	   0.00029579       -0.00016361
	-3	0	-4	  -0.00050194        0.00027764
	-2	0	-4	   0.00086484       -0.00047839
	-1	0	-4	  -0.00084650        0.00046823
	0	1	-4	   0.00089160       -0.00233361
	1	1	-4	  -0.00061750        0.00283743
	2	1	-4	   0.00243905       -0.00270104
	3	1	-4	  -0.00001714        0.00139423
	4	1	-4	   0.00084509       -0.00067823
	5	1	-4	   0.00007368        0.00027112
	-5	1	-4	  -0.00009753       -0.00020871
	-4	1	-4	  -0.00075592        0.00044484
	-3	1	-4	  -0.00028822       -0.00059501
	-2	1	-4	  -0.00165485        0.00064850
	-1	1	-4	  -0.00064918        0.00047788
	0	2	-4	  -0.00091090        0.00238418
	1	2	-4	   0.00254326       -0.00701221
	2	2	-4	  -0.00059229        0.00178185
	3	2	-4	   0.00078535       -0.00236643
	4	2	-4	  -0.00013446        0.00046585
	5	2	-4	   0.00012350       -0.00033572
	-5	2	-4	   0.00011157       -0.00027953
	-4	2	-4	  -0.00003115       -0.00003237
	-3	2	-4	   0.00070991       -0.00154721
	-2	2	-4	  -0.00029964        0.00055269
	-1	2	-4	   0.00236212       -0.00582699
	0	3	-4	   0.00052868       -0.00138374
	1	3	-4	  -0.00003178        0.00199997
	2	3	-4	   0.00076030       -0.00133018
	3	3	-4	   0.00036918        0.00132211
	4	3	-4	   0.00033623       -0.00033252
	5	3	-4	   0.00017513        0.00024404
	-5	3	-4	  -0.00017503       -0.00024430
	-4	3	-4	  -0.00027423        0.00017026
	-3	3	-4	  -0.00064943       -0.00058859
	-2	3	-4	  -0.00025563        0.00000927
	-1	3	-4	  -0.00085263        0.00031484
	0	4	-4	  -0.00031154        0.00081541
	1	4	-4	   0.00088876       -0.00248485
	2	4	-4	  -0.00013912        0.00065877
	3	4	-4	   0.00035321       -0.00103476
	4	4	-4	  -0.00001064        0.00009468
	-4	4	-4	  -0.00002692        0.00000364
	-3	4	-4	   0.00038008       -0.00088451
	-2	4	-4	  -0.00021091        0.00025740
	-1	4	-4	   0.00092741       -0.00226875
	0	5	-4	   0.00004779       -0.00012508
	1	5	-4	   0.00007090        0.00038623
	2	5	-4	   0.00011856       -0.00013134
	3	5	-4	   0.00017502        0.00024854
	-3	5	-4	  -0.00017922       -0.00023755
	-2	5	-4	  -0.00007887        0.00002746
	-1	5	-4	  -0.00020478       -0.00003581
	0	-5	-4	  -0.00004779        0.00012508
	1	-5	-4	  -0.00009354       -0.00037370
	2	-5	-4	   0.00010462        0.00000789
	3	-5	-4	  -0.00017492       -0.00024859
	-3	-5	-4	   0.00017912        0.00023760
	-2	-5	-4	  -0.00014431        0.00009599
	-1	-5	-4	   0.00022742        0.00002329
	0	-4	-4	   0.00031154       -0.00081542
	1	-4	-4	  -0.00080409        0.00243802
	2	-4	-4	  -0.00001811       -0.00057180
	3	-4	-4	  -0.00029434        0.00100220
	4	-4	-4	  -0.00002502       -0.00007496
	-4	-4	-4	   0.00006259       -0.00002337
	-3	-4	-4	  -0.00043894        0.00091707
	-2	-4	-4	   0.00036816       -0.00034438
	-1	-4	-4	  -0.00101207        0.00231557
	0	-3	-4	  -0.00052867        0.00138374
	1	-3	-4	  -0.00025814       -0.00183960
	2	-3	-4	   0.00065934        0.00054492
	3	-3	-4	  -0.00063525       -0.00117493
	4	-3	-4	   0.00035997       -0.00005257
	5	-3	-4	  -0.00017911       -0.00024183
	-5	-3	-4	   0.00017901        0.00024210
	-4	-3	-4	  -0.00042196        0.00021484
	-3	-3	-4	   0.00091550        0.00044141
	-2	-3	-4	  -0.00116400        0.00077599
	-1	-3	-4	   0.00114252       -0.00047520
	0	-2	-4	   0.00091091       -0.00238419
	1	-2	-4	  -0.00179872        0.00660038
	2	-2	-4	  -0.00025453       -0.00131344
	3	-2	-4	  -0.00030619        0.00210140
	4	-2	-4	  -0.00019787       -0.00028202
	5	-2	-4	  -0.00008582        0.00031488
	-5	-2	-4	  -0.00014925        0.00030037
	-4	-2	-4	   0.00036349       -0.00015146
	-3	-2	-4	  -0.00118906        0.00181224
	-2	-2	-4	   0.00114648       -0.00102112
	-1	-2	-4	  -0.00310666        0.00623882
	0	-1	-4	  -0.00089158        0.00233361
	1	-1	-4	  -0.00058513       -0.00217220
	2	-1	-4	   0.00221825        0.00012489
	3	-1	-4	  -0.00082255       -0.00092975
	4	-1	-4	   0.00087923       -0.00027556
	5	-1	-4	  -0.00020079       -0.00020081
	-5	-1	-4	   0.00022464        0.00013840
	-4	-1	-4	  -0.00096840        0.00050896
	-3	-1	-4	   0.00112788        0.00013054
	-2	-1	-4	  -0.00300244        0.00192765
	-1	-1	-4	   0.00185173       -0.00114309
	0	0	-3	  -0.00000000       -0.00000000
	1	0	-3	  -0.00903895        0.00499985
	2	0	-3	   0.00301884       -0.00166986
	3	0	-3	  -0.00421815        0.00233324
	4	0	-3	   0.00050194       -0.00027765
	5	0	-3	  -0.00075261        0.00041630
	6	0	-3	   0.00000858       -0.00000474
	-6	0	-3	  -0.00000858        0.00000474
	-5	0	-3	   0.00075261       -0.00041630
	-4	0	-3	  -0.00050194        0.00027765
	-3	0	-3	   0.00421814       -0.00233324
	-2	0	-3	  -0.00301884        0.00166985
	-1	0	-3	   0.00903898       -0.00499985
	0	1	-3	  -0.00952044        0.02491858
	1	1	-3	   0.00386274       -0.01051442
	2	1	-3	  -0.00437709        0.01086855
	3	1	-3	   0.00119971       -0.00302914
	4	1	-3	  -0.00061032        0.00157321
	5	1	-3	   0.00010141       -0.00024703
	6	1	-3	  -0.00005679        0.00013956
	-6	1	-3	  -0.00002765        0.00008145
	-5	1	-3	  -0.00004182        0.00009105
	-4	1	-3	  -0.00019291        0.00052910
	-3	1	-3	  -0.00019895        0.00040980
	-2	1	-3	  -0.00204801        0.00594829
	-1	1	-3	   0.00157396       -0.00371544
	0	2	-3	   0.00317965       -0.00832234
	1	2	-3	  -0.00432687        0.00879138
	2	2	-3	  -0.00066161       -0.00903532
	3	2	-3	  -0.00191839        0.00288537
	4	2	-3	  -0.00064834       -0.00193382
	5	2	-3	  -0.00043198        0.00047455
	6	2	-3	  -0.00015795       -0.00021869
	-6	2	-3	   0.00015845        0.00021737
	-5	2	-3	   0.00035912       -0.00028385
	-4	2	-3	   0.00094028        0.00116972
	-3	2	-3	   0.00114663       -0.00086541
	-2	2	-3	   0.00345511        0.00172368
	-1	2	-3	  -0.00011260        0.00282834
	0	3	-3	  -0.00444284        0.01162856
	1	3	-3	   0.00124851       -0.00504819
	2	3	-3	  -0.00200893        0.00663108
	3	3	-3	   0.00018523       -0.00164816
	4	3	-3	  -0.00040375        0.00155534
	5	3	-3	   0.00000895       -0.00015718
	-5	3	-3	   0.00004154        0.00002502
	-4	3	-3	  -0.00052523        0.00087615
	-3	3	-3	   0.00046868       -0.00006339
	-2	3	-3	  -0.00234346        0.00476073
	-1	3	-3	   0.00168231       -0.00262286
	0	4	-3	   0.00052868       -0.00138375
	1	4	-3	  -0.00061236        0.00165814
	2	4	-3	  -0.00064296       -0.00215637
	3	4	-3	  -0.00038735        0.00087670
	4	4	-3	  -0.00044660       -0.00079342
	5	4	-3	  -0.00011861        0.00007110
	-5	4	-3	   0.00011872       -0.00007136
	-4	4	-3	   0.00050859        0.00063115
	-3	4	-3	   0.00010710       -0.00014318
	-2	4	-3	   0.00114764        0.00083545
	-1	4	-3	  -0.00027204        0.00065666
	0	5	-3	  -0.00079270        0.00207480
	1	5	-3	   0.00010730       -0.00049059
	2	5	-3	  -0.00045564        0.00145352
	3	5	-3	   0.00000958       -0.00018301
	4	5	-3	  -0.00012509        0.00033909
	-4	5	-3	  -0.00013099        0.00033118
	-3	5	-3	   0.00006560       -0.00001377
	-2	5	-3	  -0.00055305        0.00118660
	-1	5	-3	   0.00018513       -0.00027480
	0	6	-3	   0.00000903       -0.00002364
	1	6	-3	  -0.00005601        0.00010736
	2	6	-3	  -0.00015794       -0.00021914
	-2	6	-3	   0.00015888        0.00021668
	-1	6	-3	   0.00000235        0.00003309
	0	-6	-3	  -0.00000903        0.00002364
	1	-6	-3	  -0.00002416       -0.00006302
	2	-6	-3	   0.00015842        0.00021888
	-2	-6	-3	  -0.00015935       -0.00021642
	-1	-6	-3	   0.00007782       -0.00007743
	0	-5	-3	   0.00079270       -0.00207480
	1	-5	-3	  -0.00005073        0.00045930
	2	-5	-3	   0.00038647       -0.00141526
	3	-5	-3	   0.00003836        0.00015649
	4	-5	-3	   0.00012519       -0.00033915
	-4	-5	-3	   0.00013090       -0.00033112
	-3	-5	-3	  -0.00011355        0.00004029
	-2	-5	-3	   0.00062222       -0.00122486
	-1	-5	-3	  -0.00024171        0.00030610
	0	-4	-3	  -0.00052867        0.00138375
	1	-4	-3	  -0.00015024       -0.00123631
	2	-4	-3	   0.00092014        0.00200305
	3	-4	-3	  -0.00049465       -0.00038882
	4	-4	-3	   0.00050546        0.00076086
	5	-4	-3	  -0.00012452        0.00006339
	-5	-4	-3	   0.00012442       -0.00006313
	-4	-4	-3	  -0.00056745       -0.00059860
	-3	-4	-3	   0.00077490       -0.00034469
	-2	-4	-3	  -0.00142480       -0.00068213
	-1	-4	-3	   0.00103462       -0.00107849
	0	-3	-3	   0.00444283       -0.01162856
	1	-3	-3	  -0.00029838        0.00452263
	2	-3	-3	   0.00127620       -0.00622578
	3	-3	-3	   0.00043561        0.00130475
	4	-3	-3	   0.00013768       -0.00140816
	5	-3	-3	   0.00006242        0.00011770
	-5	-3	-3	  -0.00011292        0.00001447
	-4	-3	-3	   0.00079130       -0.00102333
	-3	-3	-3	  -0.00108953        0.00040681
	-2	-3	-3	   0.00307617       -0.00516603
	-1	-3	-3	  -0.00263245        0.00314842
	0	-2	-3	  -0.00317965        0.00832233
	1	-2	-3	  -0.00177329       -0.00541711
	2	-2	-3	   0.00331384        0.00756826
	3	-2	-3	  -0.00221389       -0.00059963
	4	-2	-3	   0.00112750        0.00166878
	5	-2	-3	  -0.00052570        0.00005519
	6	-2	-3	   0.00015884        0.00021819
	-6	-2	-3	  -0.00015934       -0.00021688
	-5	-2	-3	   0.00059856       -0.00024588
	-4	-2	-3	  -0.00141943       -0.00090468
	-3	-2	-3	   0.00298563       -0.00142033
	-2	-2	-3	  -0.00610733       -0.00025662
	-1	-2	-3	   0.00621271       -0.00620259
	0	-1	-3	   0.00952047       -0.02491858
	1	-1	-3	   0.00129900        0.00765924
	2	-1	-3	   0.00016212       -0.00853707
	3	-1	-3	   0.00158288        0.00148997
	4	-1	-3	  -0.00022937       -0.00110875
	5	-1	-3	   0.00017622        0.00009345
	6	-1	-3	   0.00000584       -0.00011138
	-6	-1	-3	   0.00007860       -0.00010963
	-5	-1	-3	  -0.00023582        0.00006253
	-4	-1	-3	   0.00103257       -0.00099356
	-3	-1	-3	  -0.00258364        0.00112938
	-2	-1	-3	   0.00626293       -0.00827977
	-1	-1	-3	  -0.00673570        0.00657063
	0	0	-2	   0.00000000        0.00000000
	1	0	-2	   0.00854144       -0.00472463
	2	0	-2	  -0.00927740        0.00513172
	3	0	-2	   0.00301884       -0.00166984
	4	0	-2	  -0.00086484        0.00047838
	5	0	-2	   0.00021630       -0.00011964
	6	0	-2	  -0.00006785        0.00003753
	-6	0	-2	   0.00006785       -0.00003753
	-5	0	-2	  -0.00021629        0.00011964
	-4	0	-2	   0.00086483       -0.00047838
	-3	0	-2	  -0.00301884        0.00166985
	-2	0	-2	   0.00927741       -0.00513173
	-1	0	-2	  -0.00854145        0.00472463
	0	1	-2	   0.00899644       -0.02354701
	1	1	-2	  -0.00303753        0.04983274
	2	1	-2	   0.01438374       -0.02104286
	3	1	-2	   0.00165325        0.00904890
	4	1	-2	   0.00199012       -0.00256557
	5	1	-2	   0.00035763        0.00098644
	6	1	-2	   0.00024813       -0.00017594
	-6	1	-2	  -0.00023536        0.00014251
	-5	1	-2	  -0.00043191       -0.00079201
	-4	1	-2	  -0.00158272        0.00149925
	-3	1	-2	  -0.00301699       -0.00547953
	-2	1	-2	  -0.00884735        0.00655213
	-1	1	-2	  -0.01552454       -0.00124888
	0	2	-2	  -0.00977160        0.02557591
	1	2	-2	   0.01506636       -0.04928365
	2	2	-2	  -0.00152546        0.01357294
	3	2	-2	   0.00184196       -0.00979076
	4	2	-2	  -0.00000706        0.00160526
	5	2	-2	   0.00017211       -0.00086226
	6	2	-2	   0.00000520        0.00011188
	-6	2	-2	  -0.00002538       -0.00005908
	-5	2	-2	   0.00027244       -0.00030129
	-4	2	-2	  -0.00039369       -0.00055637
	-3	2	-2	   0.00305283       -0.00302071
	-2	2	-2	  -0.00385971        0.00052202
	-1	2	-2	   0.01746620       -0.03586624
	0	3	-2	   0.00317965       -0.00832232
	1	3	-2	   0.00157547        0.01226644
	2	3	-2	   0.00178881       -0.00759261
	3	3	-2	   0.00225719        0.00534379
	4	3	-2	   0.00050683       -0.00125370
	5	3	-2	   0.00060384        0.00108440
	6	3	-2	   0.00010852       -0.00006180
	-6	3	-2	  -0.00010802        0.00006048
	-5	3	-2	  -0.00067670       -0.00089370
	-4	3	-2	  -0.00021490        0.00048960
	-3	3	-2	  -0.00302895       -0.00332381
	-2	3	-2	   0.00100468        0.00028098
	-1	3	-2	  -0.00601495       -0.00064671
	0	4	-2	  -0.00091091        0.00238418
	1	4	-2	   0.00210386       -0.00727091
	2	4	-2	  -0.00001948        0.00211910
	3	4	-2	   0.00053726       -0.00251250
	4	4	-2	   0.00008061        0.00059247
	5	4	-2	   0.00009893       -0.00035019
	-5	4	-2	   0.00013614       -0.00026507
	-4	4	-2	  -0.00024622       -0.00015900
	-3	4	-2	   0.00095799       -0.00140115
	-2	4	-2	  -0.00087247        0.00021544
	-1	4	-2	   0.00280152       -0.00556829
	0	5	-2	   0.00022781       -0.00059628
	1	5	-2	   0.00034991        0.00130613
	2	5	-2	   0.00016672       -0.00063936
	3	5	-2	   0.00060264        0.00113419
	4	5	-2	   0.00009346       -0.00012376
	-4	5	-2	  -0.00007484        0.00007503
	-3	5	-2	  -0.00072309       -0.00081891
	-2	5	-2	   0.00006475        0.00003351
	-1	5	-2	  -0.00072979       -0.00031183
	0	6	-2	  -0.00007146        0.00018705
	1	6	-2	   0.00026139       -0.00072448
	2	6	-2	   0.00000393        0.00016457
	3	6	-2	   0.00011431       -0.00030129
	-3	6	-2	   0.00011513       -0.00029925
	-2	6	-2	  -0.00007447        0.00002006
	-1	6	-2	   0.00027575       -0.00068142
	0	-6	-2	   0.00007147       -0.00018705
	1	-6	-2	  -0.00024926        0.00071777
	2	-6	-2	  -0.00002308       -0.00015398
	3	-6	-2	  -0.00011383        0.00030103
	-3	-6	-2	  -0.00011561        0.00029951
	-2	-6	-2	   0.00009363       -0.00003066
	-1	-6	-2	  -0.00028787        0.00068812
	0	-5	-2	  -0.00022781        0.00059628
	1	-5	-2	  -0.00042043       -0.00126712
	2	-5	-2	   0.00025535        0.00040590
	3	-5	-2	  -0.00067181       -0.00109592
	4	-5	-2	   0.00012972        0.00000031
	-4	-5	-2	  -0.00014834        0.00004842
	-3	-5	-2	   0.00079227        0.00078065
	-2	-5	-2	  -0.00048681        0.00019995
	-1	-5	-2	   0.00080032        0.00027282
	0	-4	-2	   0.00091090       -0.00238418
	1	-4	-2	  -0.00171706        0.00705696
	2	-4	-2	  -0.00036099       -0.00190865
	3	-4	-2	  -0.00026009        0.00235918
	4	-4	-2	  -0.00023784       -0.00050550
	5	-4	-2	  -0.00008125        0.00034041
	-5	-4	-2	  -0.00015381        0.00027485
	-4	-4	-2	   0.00040346        0.00007202
	-3	-4	-2	  -0.00123516        0.00155446
	-2	-4	-2	   0.00125294       -0.00042590
	-1	-4	-2	  -0.00318832        0.00578224
	0	-3	-2	  -0.00317965        0.00832233
	1	-3	-2	  -0.00287025       -0.01155024
	2	-3	-2	   0.00285842        0.00502202
	3	-3	-2	  -0.00298992       -0.00493847
	4	-3	-2	   0.00091281        0.00046843
	5	-3	-2	  -0.00071821       -0.00102114
	6	-3	-2	   0.00010932       -0.00005870
	-6	-3	-2	  -0.00010982        0.00006001
	-5	-3	-2	   0.00079107        0.00083044
	-4	-3	-2	  -0.00120473        0.00029566
	-3	-3	-2	   0.00376167        0.00291850
	-2	-3	-2	  -0.00565191        0.00228960
	-1	-3	-2	   0.00730967       -0.00006948
	0	-2	-2	   0.00977161       -0.02557592
	1	-2	-2	  -0.00981002        0.04637615
	2	-2	-2	  -0.00358737       -0.01074481
	3	-2	-2	   0.00081027        0.00832371
	4	-2	-2	  -0.00083977       -0.00113684
	5	-2	-2	   0.00004766        0.00074070
	6	-2	-2	  -0.00007217       -0.00007484
	-6	-2	-2	   0.00009235        0.00002203
	-5	-2	-2	  -0.00049221        0.00042285
	-4	-2	-2	   0.00124051        0.00008794
	-3	-2	-2	  -0.00570505        0.00448776
	-2	-2	-2	   0.00897248       -0.00335014
	-1	-2	-2	  -0.02272258        0.03877374
	0	-1	-2	  -0.00899645        0.02354702
	1	-1	-2	  -0.01458581       -0.04008452
	2	-1	-2	   0.01650355        0.00395779
	3	-1	-2	  -0.00586821       -0.00671741
	4	-1	-2	   0.00266718       -0.00001058
	5	-1	-2	  -0.00071831       -0.00078693
	6	-1	-2	   0.00026185       -0.00010616
	-6	-1	-2	  -0.00027461        0.00013958
	-5	-1	-2	   0.00079259        0.00059251
	-4	-1	-2	  -0.00307458        0.00107690
	-3	-1	-2	   0.00723190        0.00314806
	-2	-1	-2	  -0.02203994        0.01053295
	-1	-1	-2	   0.03314783       -0.00849934
	0	0	-1	  -0.00000000        0.00000000
	1	0	-1	  -0.11647030        0.06442467
	2	0	-1	   0.00854143       -0.00472463
	3	0	-1	  -0.00903897        0.00499983
	4	0	-1	   0.00084649       -0.00046824
	5	0	-1	  -0.00065706        0.00036345
	6	0	-1	   0.00002411       -0.00001334
	7	0	-1	  -0.00005895        0.00003261
	-7	0	-1	   0.00005895       -0.00003261
	-6	0	-1	  -0.00002411        0.00001333
	-5	0	-1	   0.00065706       -0.00036345
	-4	0	-1	  -0.00084651        0.00046824
	-3	0	-1	   0.00903895       -0.00499982
	-2	0	-1	  -0.00854146        0.00472463
	-1	0	-1	   0.11647031       -0.06442467
	0	1	-1	  -0.12267442        0.32108468
	1	1	-1	   0.00792586       -0.07052202
	2	1	-1	  -0.00686378        0.05098731
	3	1	-1	  -0.00013955       -0.00930672
	4	1	-1	  -0.00017176        0.00270293
	5	1	-1	  -0.00003883       -0.00054245
	6	1	-1	  -0.00001371        0.00018079
	-6	1	-1	  -0.00004902       -0.00001660
	-5	1	-1	   0.00011810        0.00033497
	-4	1	-1	  -0.00072080       -0.00036681
	-3	1	-1	   0.00221706        0.00386912
	-2	1	-1	  -0.01490973        0.00600205
	-1	1	-1	   0.02005420       -0.00271222
	0	2	-1	   0.00899642       -0.02354701
	1	2	-1	  -0.00678256        0.04762782
	2	2	-1	  -0.01709813       -0.03957803
	3	2	-1	  -0.00066230        0.00768560
	4	2	-1	  -0.00281583       -0.00539511
	5	2	-1	  -0.00016932        0.00067619
	6	2	-1	  -0.00035593       -0.00053158
	-6	2	-1	   0.00036870        0.00049815
	-5	2	-1	   0.00009503       -0.00048177
	-4	2	-1	   0.00322323        0.00432879
	-3	2	-1	  -0.00070143       -0.00411624
	-2	2	-1	   0.02263446        0.02508730
	-1	2	-1	  -0.01177951        0.00095603
	0	3	-1	  -0.00952046        0.02491856
	1	3	-1	  -0.00005461       -0.01282078
	2	3	-1	  -0.00079029        0.01298031
	3	3	-1	  -0.00105105       -0.00435430
	4	3	-1	   0.00006495        0.00197078
	5	3	-1	  -0.00012626       -0.00038107
	6	3	-1	  -0.00001260        0.00016558
	-6	3	-1	  -0.00007184        0.00005543
	-5	3	-1	   0.00018586        0.00022509
	-4	3	-1	  -0.00086817        0.00013153
	-3	3	-1	   0.00205181        0.00173495
	-2	3	-1	  -0.00563481        0.00383654
	-1	3	-1	   0.00549131       -0.00140906
	0	4	-1	   0.00089158       -0.00233362
	1	4	-1	  -0.00018121        0.00309429
	2	4	-1	  -0.00280630       -0.00578928
	3	4	-1	   0.00007754        0.00144997
	4	4	-1	  -0.00116886       -0.00186397
	5	4	-1	  -0.00002176        0.00021492
	-5	4	-1	  -0.00000209       -0.00015252
	-4	4	-1	   0.00125803        0.00163057
	-3	4	-1	  -0.00038289       -0.00065075
	-2	4	-1	   0.00359050        0.00373674
	-1	4	-1	  -0.00108544        0.00022102
	0	5	-1	  -0.00069206        0.00181137
	1	5	-1	  -0.00003168       -0.00083826
	2	5	-1	  -0.00018847        0.00146858
	3	5	-1	  -0.00012531       -0.00042040
	4	5	-1	  -0.00002661        0.00041565
	-4	5	-1	  -0.00018911        0.00014898
	-3	5	-1	   0.00022250        0.00016602
	-2	5	-1	  -0.00064328        0.00070842
	-1	5	-1	   0.00039373       -0.00010935
	0	6	-1	   0.00002539       -0.00006646
	1	6	-1	  -0.00001418        0.00020038
	2	6	-1	  -0.00035576       -0.00053826
	3	6	-1	  -0.00001086        0.00009374
	-3	6	-1	  -0.00000490       -0.00005247
	-2	6	-1	   0.00037492        0.00048813
	-1	6	-1	  -0.00006726        0.00001281
	0	7	-1	  -0.00006209        0.00016252
	0	-7	-1	   0.00006209       -0.00016252
	0	-6	-1	  -0.00002539        0.00006645
	1	-6	-1	  -0.00004537       -0.00016743
	2	-6	-1	   0.00036789        0.00053155
	3	-6	-1	  -0.00006930       -0.00004940
	-3	-6	-1	   0.00008507        0.00000812
	-2	-6	-1	  -0.00038704       -0.00048142
	-1	-6	-1	   0.00012682       -0.00004576
	0	-5	-1	   0.00069206       -0.00181137
	1	-5	-1	   0.00010694        0.00079663
	2	-5	-1	   0.00011794       -0.00142957
	3	-5	-1	   0.00018189        0.00038911
	4	-5	-1	   0.00000397       -0.00040313
	-4	-5	-1	   0.00021175       -0.00016150
	-3	-5	-1	  -0.00027908       -0.00013473
	-2	-5	-1	   0.00071381       -0.00074743
	-1	-5	-1	  -0.00046899        0.00015098
	0	-4	-1	  -0.00089160        0.00233362
	1	-4	-1	  -0.00066620       -0.00262553
	2	-4	-1	   0.00319310        0.00557532
	3	-4	-1	  -0.00084014       -0.00102813
	4	-4	-1	   0.00125353        0.00181713
	5	-4	-1	  -0.00018306       -0.00010163
	-5	-4	-1	   0.00020690        0.00003923
	-4	-4	-1	  -0.00134270       -0.00158374
	-3	-4	-1	   0.00114548        0.00022892
	-2	-4	-1	  -0.00397730       -0.00352278
	-1	-4	-1	   0.00193283       -0.00068976
	0	-3	-1	   0.00952045       -0.02491856
	1	-3	-1	   0.00202705        0.01172975
	2	-3	-1	  -0.00050448       -0.01226411
	3	-3	-1	   0.00200119        0.00382873
	4	-3	-1	  -0.00035487       -0.00181042
	5	-3	-1	   0.00021854        0.00033004
	6	-3	-1	  -0.00000237       -0.00015729
	-6	-3	-1	   0.00008681       -0.00006371
	-5	-3	-1	  -0.00027813       -0.00017405
	-4	-3	-1	   0.00115807       -0.00029189
	-3	-3	-1	  -0.00300195       -0.00120938
	-2	-3	-1	   0.00692954       -0.00455273
	-1	-3	-1	  -0.00746374        0.00250011
	0	-2	-1	  -0.00899645        0.02354701
	1	-2	-1	  -0.01388979       -0.03619305
	2	-2	-1	   0.02235446        0.03667052
	3	-2	-1	  -0.00543786       -0.00431133
	4	-2	-1	   0.00356037        0.00498327
	5	-2	-1	  -0.00062037       -0.00023938
	6	-2	-1	   0.00037411        0.00052152
	-6	-2	-1	  -0.00038688       -0.00048810
	-5	-2	-1	   0.00069465        0.00004496
	-4	-2	-1	  -0.00396777       -0.00391695
	-3	-2	-1	   0.00680155        0.00074198
	-2	-2	-1	  -0.02789089       -0.02217975
	-1	-2	-1	   0.03245180       -0.01239077
	0	-1	-1	   0.12267443       -0.32108468
	1	-1	-1	   0.01863915        0.05582778
	2	-1	-1	  -0.01075957       -0.04123908
	3	-1	-1	   0.00530130        0.00645156
	4	-1	-1	  -0.00103086       -0.00203770
	5	-1	-1	   0.00038256        0.00035232
	6	-1	-1	  -0.00006362       -0.00013802
	-6	-1	-1	   0.00012635       -0.00002617
	-5	-1	-1	  -0.00046184       -0.00014484
	-4	-1	-1	   0.00192337       -0.00029841
	-3	-1	-1	  -0.00737880       -0.00101395
	-2	-1	-1	   0.03253301       -0.01575025
	-1	-1	-1	  -0.04661918        0.01740644

n_band : 22,	energy : 6.1236,	occupation : 0.0
	0	0	0	   0.00000000       -0.00000000
	1	0	0	  -0.00000000       -0.00000000
	2	0	0	   0.00000000       -0.00000001
	3	0	0	  -0.00000001        0.00000001
	4	0	0	   0.00000001       -0.00000001
	5	0	0	   0.00000001       -0.00000000
	6	0	0	   0.00000000       -0.00000000
	7	0	0	   0.00000000       -0.00000000
	-7	0	0	  -0.00000000        0.00000000
	-6	0	0	  -0.00000000        0.00000000
	-5	0	0	  -0.00000000        0.00000001
	-4	0	0	  -0.00000001        0.00000001
	-3	0	0	   0.00000000       -0.00000001
	-2	0	0	   0.00000000        0.00000001
	-1	0	0	  -0.00000000        0.00000000
	0	1	0	   0.00000000        0.00000000
	1	1	0	  -0.24949721        0.19266513
	2	1	0	   0.01829710       -0.01412926
	3	1	0	  -0.01936284        0.01495225
	4	1	0	   0.00181333       -0.00140028
	5	1	0	  -0.00140752        0.00108691
	6	1	0	   0.00005164       -0.00003988
	7	1	0	  -0.00012629        0.00009752
	-7	1	0	   0.00012629       -0.00009752
	-6	1	0	  -0.00005164        0.00003988
	-5	1	0	   0.00140752       -0.00108690
	-4	1	0	  -0.00181333        0.00140028
	-3	1	0	   0.01936285       -0.01495225
	-2	1	0	  -0.01829709        0.01412926
	-1	1	0	   0.24949722       -0.19266514
	0	2	0	   0.00000000       -0.00000000
	1	2	0	   0.01829709       -0.01412926
	2	2	0	  -0.01987363        0.01534668
	3	2	0	   0.00646682       -0.00499377
	4	2	0	  -0.00185261        0.00143061
	5	2	0	   0.00046333       -0.00035779
	6	2	0	  -0.00014534        0.00011223
	-6	2	0	   0.00014534       -0.00011223
	-5	2	0	  -0.00046333        0.00035779
	-4	2	0	   0.00185261       -0.00143061
	-3	2	0	  -0.00646682        0.00499377
	-2	2	0	   0.01987362       -0.01534668
	-1	2	0	  -0.01829710        0.01412926
	0	3	0	  -0.00000000        0.00000000
	1	3	0	  -0.01936286        0.01495225
	2	3	0	   0.00646682       -0.00499377
	3	3	0	  -0.00903591        0.00697766
	4	3	0	   0.00107523       -0.00083031
	5	3	0	  -0.00161221        0.00124497
	6	3	0	   0.00001837       -0.00001419
	-6	3	0	  -0.00001837        0.00001419
	-5	3	0	   0.00161221       -0.00124497
	-4	3	0	  -0.00107523        0.00083031
	-3	3	0	   0.00903591       -0.00697765
	-2	3	0	  -0.00646683        0.00499377
	-1	3	0	   0.01936285       -0.01495226
	0	4	0	  -0.00000001       -0.00000000
	1	4	0	   0.00181332       -0.00140028
	2	4	0	  -0.00185262        0.00143062
	3	4	0	   0.00107523       -0.00083031
	4	4	0	  -0.00063361        0.00048928
	5	4	0	   0.00009720       -0.00007506
	-5	4	0	  -0.00009720        0.00007506
	-4	4	0	   0.00063361       -0.00048929
	-3	4	0	  -0.00107523        0.00083031
	-2	4	0	   0.00185261       -0.00143062
	-1	4	0	  -0.00181333        0.00140027
	0	5	0	  -0.00000001       -0.00000000
	1	5	0	  -0.00140752        0.00108691
	2	5	0	   0.00046333       -0.00035779
	3	5	0	  -0.00161221        0.00124497
	4	5	0	   0.00009720       -0.00007506
	5	5	0	  -0.00044123        0.00034072
	-5	5	0	   0.00044123       -0.00034072
	-4	5	0	  -0.00009720        0.00007506
	-3	5	0	   0.00161221       -0.00124497
	-2	5	0	  -0.00046334        0.00035779
	-1	5	0	   0.00140752       -0.00108691
	0	6	0	  -0.00000000       -0.00000000
	1	6	0	   0.00005164       -0.00003988
	2	6	0	  -0.00014534        0.00011223
	3	6	0	   0.00001837       -0.00001419
	-3	6	0	  -0.00001837        0.00001419
	-2	6	0	   0.00014534       -0.00011224
	-1	6	0	  -0.00005164        0.00003988
	0	7	0	  -0.00000000       -0.00000000
	1	7	0	  -0.00012629        0.00009752
	-1	7	0	   0.00012629       -0.00009752
	0	-7	0	   0.00000000        0.00000000
	1	-7	0	   0.00012629       -0.00009752
	-1	-7	0	  -0.00012629        0.00009752
	0	-6	0	   0.00000000        0.00000000
	1	-6	0	  -0.00005164        0.00003988
	2	-6	0	   0.00014534       -0.00011224
	3	-6	0	  -0.00001837        0.00001419
	-3	-6	0	   0.00001837       -0.00001419
	-2	-6	0	  -0.00014534        0.00011224
	-1	-6	0	   0.00005164       -0.00003988
	0	-5	0	   0.00000000        0.00000000
	1	-5	0	   0.00140752       -0.00108690
	2	-5	0	  -0.00046333        0.00035779
	3	-5	0	   0.00161221       -0.00124497
	4	-5	0	  -0.00009720        0.00007506
	5	-5	0	   0.00044123       -0.00034072
	-5	-5	0	  -0.00044123        0.00034072
	-4	-5	0	   0.00009720       -0.00007506
	-3	-5	0	  -0.00161221        0.00124497
	-2	-5	0	   0.00046333       -0.00035779
	-1	-5	0	  -0.00140752        0.00108691
	0	-4	0	   0.00000001        0.00000000
	1	-4	0	  -0.00181333        0.00140028
	2	-4	0	   0.00185261       -0.00143061
	3	-4	0	  -0.00107523        0.00083031
	4	-4	0	   0.00063362       -0.00048929
	5	-4	0	  -0.00009720        0.00007506
	-5	-4	0	   0.00009720       -0.00007506
	-4	-4	0	  -0.00063361        0.00048929
	-3	-4	0	   0.00107523       -0.00083031
	-2	-4	0	  -0.00185261        0.00143061
	-1	-4	0	   0.00181333       -0.00140028
	0	-3	0	   0.00000000       -0.00000000
	1	-3	0	   0.01936285       -0.01495225
	2	-3	0	  -0.00646682        0.00499377
	3	-3	0	   0.00903591       -0.00697765
	4	-3	0	  -0.00107523        0.00083031
	5	-3	0	   0.00161221       -0.00124497
	6	-3	0	  -0.00001837        0.00001419
	-6	-3	0	   0.00001837       -0.00001419
	-5	-3	0	  -0.00161221        0.00124497
	-4	-3	0	   0.00107523       -0.00083031
	-3	-3	0	  -0.00903591        0.00697765
	-2	-3	0	   0.00646682       -0.00499377
	-1	-3	0	  -0.01936284        0.01495225
	0	-2	0	  -0.00000000        0.00000000
	1	-2	0	  -0.01829710        0.01412926
	2	-2	0	   0.01987363       -0.01534668
	3	-2	0	  -0.00646682        0.00499377
	4	-2	0	   0.00185261       -0.00143061
	5	-2	0	  -0.00046333        0.00035779
	6	-2	0	   0.00014534       -0.00011224
	-6	-2	0	  -0.00014534        0.00011224
	-5	-2	0	   0.00046333       -0.00035779
	-4	-2	0	  -0.00185262        0.00143061
	-3	-2	0	   0.00646683       -0.00499377
	-2	-2	0	  -0.01987362        0.01534668
	-1	-2	0	   0.01829710       -0.01412926
	0	-1	0	  -0.00000000        0.00000000
	1	-1	0	   0.24949722       -0.19266514
	2	-1	0	  -0.01829710        0.01412926
	3	-1	0	   0.01936285       -0.01495226
	4	-1	0	  -0.00181332        0.00140027
	5	-1	0	   0.00140752       -0.00108691
	6	-1	0	  -0.00005164        0.00003988
	7	-1	0	   0.00012629       -0.00009752
	-7	-1	0	  -0.00012629        0.00009752
	-6	-1	0	   0.00005164       -0.00003988
	-5	-1	0	  -0.00140752        0.00108691
	-4	-1	0	   0.00181333       -0.00140028
	-3	-1	0	  -0.01936285        0.01495226
	-2	-1	0	   0.01829709       -0.01412927
	-1	-1	0	  -0.24949722        0.19266514
	0	0	1	   0.00000000       -0.00000000
	1	0	1	   0.17646876       -0.03221681
	2	0	1	  -0.01294148        0.00236265
	3	0	1	   0.01369531       -0.00250027
	4	0	1	  -0.00128255        0.00023415
	5	0	1	   0.00099554       -0.00018175
	6	0	1	  -0.00003652        0.00000667
	7	0	1	   0.00008932       -0.00001631
	-7	0	1	  -0.00008932        0.00001631
	-6	0	1	   0.00003652       -0.00000667
	-5	0	1	  -0.00099553        0.00018175
	-4	0	1	   0.00128257       -0.00023415
	-3	0	1	  -0.01369529        0.00250027
	-2	0	1	   0.01294150       -0.00236265
	-1	0	1	  -0.17646876        0.03221682
	0	1	1	  -0.29356995       -0.03377068
	1	1	1	   0.04180758       -0.01444656
	2	1	1	  -0.03157787        0.00914187
	3	1	1	   0.00410406       -0.00326943
	4	1	1	  -0.00144496        0.00070549
	5	1	1	   0.00020261       -0.00022585
	6	1	1	  -0.00009930        0.00004463
	-6	1	1	  -0.00005081       -0.00006190
	-5	1	1	  -0.00001291        0.00024767
	-4	1	1	  -0.00069092       -0.00095119
	-3	1	1	   0.00086757        0.00384134
	-2	1	1	  -0.02052782       -0.01513582
	-1	1	1	   0.02515097        0.02214911
	0	2	1	   0.02152922        0.00247659
	1	2	1	  -0.02542541        0.00916221
	2	2	1	   0.03572509       -0.02405785
	3	2	1	  -0.00152496        0.00245479
	4	2	1	   0.00491176       -0.00369300
	5	2	1	   0.00012306        0.00017887
	6	2	1	   0.00054773       -0.00041753
	-6	2	1	  -0.00051717        0.00042104
	-5	2	1	  -0.00030082       -0.00019932
	-4	2	1	  -0.00393680        0.00380515
	-3	2	1	  -0.00173848       -0.00283020
	-2	2	1	  -0.02247604        0.02558193
	-1	2	1	  -0.01899506       -0.01427211
	0	3	1	  -0.02278322       -0.00262086
	1	3	1	   0.01053959       -0.00324816
	2	3	1	  -0.01122151        0.00242274
	3	3	1	   0.00345802       -0.00203233
	4	3	1	  -0.00164080        0.00054384
	5	3	1	   0.00029878       -0.00020867
	6	3	1	  -0.00014426        0.00002844
	-6	3	1	  -0.00005781       -0.00005169
	-5	3	1	  -0.00015616        0.00022508
	-4	3	1	  -0.00028134       -0.00076495
	-3	3	1	  -0.00106313        0.00230782
	-2	3	1	  -0.00415419       -0.00419148
	-1	3	1	   0.00247086        0.00474480
	0	4	1	   0.00213365        0.00024544
	1	4	1	  -0.00216168        0.00070312
	2	4	1	   0.00563362       -0.00369061
	3	4	1	  -0.00068700        0.00054700
	4	4	1	   0.00188944       -0.00140220
	5	4	1	  -0.00000952        0.00007352
	-5	4	1	  -0.00004755       -0.00008009
	-4	4	1	  -0.00167604        0.00142675
	-3	4	1	  -0.00004372       -0.00063105
	-2	4	1	  -0.00375696        0.00390649
	-1	4	1	  -0.00086947       -0.00105181
	0	5	1	  -0.00165615       -0.00019052
	1	5	1	   0.00074436       -0.00022406
	2	5	1	  -0.00132810        0.00017407
	3	5	1	   0.00037080       -0.00020843
	4	5	1	  -0.00037712        0.00007231
	-4	5	1	  -0.00013913       -0.00013169
	-3	5	1	  -0.00013822        0.00023519
	-2	5	1	  -0.00066234       -0.00040304
	-1	5	1	   0.00012205        0.00032373
	0	6	1	   0.00006076        0.00000699
	1	6	1	  -0.00013516        0.00004451
	2	6	1	   0.00055995       -0.00041749
	3	6	1	  -0.00001270        0.00002888
	-3	6	1	  -0.00002503       -0.00003322
	-2	6	1	  -0.00051412        0.00042276
	-1	6	1	  -0.00005975       -0.00006693
	0	7	1	  -0.00014859       -0.00001709
	0	-7	1	   0.00014859        0.00001709
	0	-6	1	  -0.00006076       -0.00000699
	1	-6	1	   0.00022540       -0.00006099
	2	-6	1	  -0.00057832        0.00042084
	3	-6	1	   0.00013417       -0.00005105
	-3	-6	1	  -0.00009643        0.00005540
	-2	-6	1	   0.00053249       -0.00042611
	-1	-6	1	  -0.00003049        0.00008341
	0	-5	1	   0.00165615        0.00019052
	1	-5	1	  -0.00085839        0.00024488
	2	-5	1	   0.00143496       -0.00019358
	3	-5	1	  -0.00045653        0.00022408
	4	-5	1	   0.00041141       -0.00007857
	-4	-5	1	   0.00010483        0.00013796
	-3	-5	1	   0.00022395       -0.00025084
	-2	-5	1	   0.00055549        0.00042255
	-1	-5	1	  -0.00000802       -0.00034455
	0	-4	1	  -0.00213363       -0.00024545
	1	-4	1	   0.00344562       -0.00093751
	2	-4	1	  -0.00621967        0.00379760
	3	-4	1	   0.00184243       -0.00075793
	4	-4	1	  -0.00201771        0.00142562
	5	-4	1	   0.00031983       -0.00013018
	-5	-4	1	  -0.00026277        0.00013674
	-4	-4	1	   0.00180432       -0.00145017
	-3	-4	1	  -0.00111170        0.00084199
	-2	-4	1	   0.00434302       -0.00401349
	-1	-4	1	  -0.00041442        0.00128619
	0	-3	1	   0.02278324        0.00262086
	1	-3	1	  -0.01352811        0.00379375
	2	-3	1	   0.01318325       -0.00278087
	3	-3	1	  -0.00489762        0.00229514
	4	-3	1	   0.00208005       -0.00062403
	5	-3	1	  -0.00043859        0.00023420
	6	-3	1	   0.00016694       -0.00003259
	-6	-3	1	   0.00003513        0.00005583
	-5	-3	1	   0.00029597       -0.00025060
	-4	-3	1	  -0.00015790        0.00084514
	-3	-3	1	   0.00250273       -0.00257064
	-2	-3	1	   0.00219251        0.00454960
	-1	-3	1	   0.00051764       -0.00529039
	0	-2	1	  -0.02152919       -0.00247660
	1	-2	1	   0.05674688       -0.01488036
	2	-2	1	  -0.04368920        0.02551180
	3	-2	1	   0.01076753       -0.00414214
	4	-2	1	  -0.00603983        0.00389894
	5	-2	1	   0.00107343       -0.00039730
	6	-2	1	  -0.00057528        0.00042256
	-6	-2	1	   0.00054472       -0.00042607
	-5	-2	1	  -0.00089567        0.00041775
	-4	-2	1	   0.00506489       -0.00401110
	-3	-2	1	  -0.00750404        0.00451754
	-2	-2	1	   0.03044024       -0.02703591
	-1	-2	1	  -0.01232634        0.01999025
	0	-1	1	   0.29356995        0.03377068
	1	-1	1	  -0.08205726        0.02179470
	2	-1	1	   0.05827965       -0.01401664
	3	-1	1	  -0.01192482        0.00469721
	4	-1	1	   0.00326706       -0.00103813
	5	-1	1	  -0.00072342        0.00032093
	6	-1	1	   0.00021647       -0.00006602
	-6	-1	1	  -0.00006635        0.00008329
	-5	-1	1	   0.00053372       -0.00034276
	-4	-1	1	  -0.00113114        0.00128382
	-3	-1	1	   0.00695318       -0.00526912
	-2	-1	1	  -0.00617390        0.02001058
	-1	-1	1	   0.01509870       -0.02949725
	0	0	2	  -0.00000001       -0.00000000
	1	0	2	  -0.01294149        0.00236265
	2	0	2	   0.01405657       -0.00256622
	3	0	2	  -0.00457397        0.00083504
	4	0	2	   0.00131036       -0.00023922
	5	0	2	  -0.00032771        0.00005983
	6	0	2	   0.00010280       -0.00001877
	-6	0	2	  -0.00010280        0.00001877
	-5	0	2	   0.00032771       -0.00005983
	-4	0	2	  -0.00131034        0.00023922
	-3	0	2	   0.00457396       -0.00083504
	-2	0	2	  -0.01405656        0.00256622
	-1	0	2	   0.01294149       -0.00236265
	0	1	2	   0.02152922        0.00247660
	1	1	2	  -0.03100099        0.01210573
	2	1	2	  -0.01114477        0.00068636
	3	1	2	  -0.00497233        0.00427477
	4	1	2	  -0.00224329        0.00008439
	5	1	2	  -0.00066146        0.00059304
	6	1	2	  -0.00035159        0.00005725
	-6	1	2	   0.00038214       -0.00005373
	-5	1	2	   0.00048370       -0.00061349
	-4	1	2	   0.00321824        0.00002776
	-3	1	2	   0.00170889       -0.00465018
	-2	1	2	   0.02439381        0.00083774
	-1	1	2	  -0.01341949       -0.01721563
	0	2	2	  -0.02338422       -0.00268999
	1	2	2	   0.04057448        0.00085734
	2	2	2	  -0.00804641        0.00278044
	3	2	2	   0.00668830       -0.00115310
	4	2	2	  -0.00074499        0.00052814
	5	2	2	   0.00060082       -0.00009018
	6	2	2	  -0.00004514        0.00004335
	-6	2	2	  -0.00000315       -0.00004891
	-5	2	2	   0.00046302        0.00021256
	-4	2	2	  -0.00021401       -0.00063845
	-3	2	2	   0.00502532        0.00250057
	-2	2	2	  -0.00484061       -0.00426290
	-1	2	2	   0.03727867        0.00809846
	0	3	2	   0.00760916        0.00087532
	1	3	2	  -0.01086483        0.00425529
	2	3	2	   0.00266266       -0.00116641
	3	3	2	  -0.00479432        0.00321023
	4	3	2	  -0.00021296       -0.00015978
	5	3	2	  -0.00102629        0.00076625
	6	3	2	  -0.00016347        0.00002946
	-6	3	2	   0.00016467       -0.00002932
	-5	3	2	   0.00085193       -0.00078631
	-4	3	2	   0.00091158        0.00024015
	-3	3	2	   0.00294745       -0.00342268
	-2	3	2	   0.00402240        0.00193543
	-1	3	2	   0.00024088       -0.00547742
	0	4	2	  -0.00217986       -0.00025076
	1	4	2	   0.00637392        0.00011288
	2	4	2	  -0.00168603        0.00052503
	3	4	2	   0.00209236       -0.00015216
	4	4	2	  -0.00043500        0.00023033
	5	4	2	   0.00030823        0.00000363
	-5	4	2	   0.00025430        0.00006108
	-4	4	2	   0.00003867       -0.00027592
	-3	4	2	   0.00148590        0.00056378
	-2	4	2	  -0.00044846       -0.00077056
	-1	4	2	   0.00536506        0.00123750
	0	5	2	   0.00054517        0.00006271
	1	5	2	  -0.00124693        0.00059111
	2	5	2	   0.00019260       -0.00009153
	3	5	2	  -0.00111747        0.00076595
	4	5	2	  -0.00010643        0.00000226
	-4	5	2	   0.00015099        0.00000286
	-3	5	2	   0.00082921       -0.00079911
	-2	5	2	   0.00036132        0.00015525
	-1	5	2	   0.00033784       -0.00069569
	0	6	2	  -0.00017102       -0.00001967
	1	6	2	   0.00065300        0.00006057
	2	6	2	  -0.00014163        0.00004304
	3	6	2	   0.00027513        0.00003091
	-3	6	2	   0.00027394        0.00003225
	-2	6	2	  -0.00002719       -0.00006246
	-1	6	2	   0.00063242        0.00008730
	0	-6	2	   0.00017102        0.00001967
	1	-6	2	  -0.00067137       -0.00005722
	2	-6	2	   0.00017066       -0.00004834
	3	-6	2	  -0.00027585       -0.00003078
	-3	-6	2	  -0.00027322       -0.00003238
	-2	-6	2	  -0.00000184        0.00006776
	-1	-6	2	  -0.00061405       -0.00009065
	0	-5	2	  -0.00054518       -0.00006271
	1	-5	2	   0.00135379       -0.00061061
	2	-5	2	  -0.00083209        0.00020828
	3	-5	2	   0.00122228       -0.00078508
	4	-5	2	  -0.00023171        0.00005947
	-4	-5	2	   0.00018715       -0.00006459
	-3	-5	2	  -0.00093402        0.00081824
	-2	-5	2	   0.00027816       -0.00027200
	-1	-5	2	  -0.00044470        0.00071519
	0	-4	2	   0.00217988        0.00025076
	1	-4	2	  -0.00695997       -0.00000589
	2	-4	2	   0.00226251       -0.00063026
	3	-4	2	  -0.00251231        0.00022883
	4	-4	2	   0.00067324       -0.00027383
	5	-4	2	  -0.00033502        0.00000126
	-5	-4	2	  -0.00022751       -0.00006597
	-4	-4	2	  -0.00027691        0.00031942
	-3	-4	2	  -0.00106596       -0.00064045
	-2	-4	2	  -0.00012801        0.00087580
	-1	-4	2	  -0.00477900       -0.00134450
	0	-3	2	  -0.00760917       -0.00087532
	1	-3	2	   0.01282656       -0.00461343
	2	-3	2	  -0.00970388        0.00245188
	3	-3	2	   0.00590449       -0.00341290
	4	-3	2	  -0.00193799        0.00055246
	5	-3	2	   0.00119956       -0.00079788
	6	-3	2	  -0.00016658        0.00003080
	-6	-3	2	   0.00016538       -0.00003093
	-5	-3	2	  -0.00102521        0.00081794
	-4	-3	2	   0.00123936       -0.00063283
	-3	-3	2	  -0.00405762        0.00362535
	-2	-3	2	   0.00301880       -0.00322089
	-1	-3	2	  -0.00220257        0.00583554
	0	-2	2	   0.02338424        0.00268999
	1	-2	2	  -0.04853863        0.00059664
	2	-2	2	   0.01579303       -0.00419468
	3	-2	2	  -0.01070678        0.00188673
	4	-2	2	   0.00202806       -0.00076238
	5	-2	2	  -0.00093379        0.00015097
	6	-2	2	   0.00014662       -0.00006188
	-6	-2	2	  -0.00009834        0.00006744
	-5	-2	2	  -0.00013005       -0.00027335
	-4	-2	2	  -0.00106905        0.00087269
	-3	-2	2	  -0.00100684       -0.00323420
	-2	-2	2	  -0.00290592        0.00567712
	-1	-2	2	  -0.02931450       -0.00955245
	0	-1	2	  -0.02152921       -0.00247660
	1	-1	2	   0.05770277       -0.01698050
	2	-1	2	  -0.03565375        0.00785736
	3	-1	2	   0.01135856       -0.00544066
	4	-1	2	  -0.00481316        0.00120386
	5	-1	2	   0.00120793       -0.00069281
	6	-1	2	  -0.00042110        0.00008381
	-6	-1	2	   0.00039054       -0.00008733
	-5	-1	2	  -0.00103017        0.00071326
	-4	-1	2	   0.00383821       -0.00131601
	-3	-1	2	  -0.00809507        0.00581606
	-2	-1	2	   0.02240477       -0.00938146
	-1	-1	2	  -0.01328224        0.02209039
	0	0	3	   0.00000000       -0.00000000
	1	0	3	   0.01369528       -0.00250026
	2	0	3	  -0.00457397        0.00083504
	3	0	3	   0.00639108       -0.00116678
	4	0	3	  -0.00076051        0.00013884
	5	0	3	   0.00114031       -0.00020818
	6	0	3	  -0.00001299        0.00000237
	-6	0	3	   0.00001299       -0.00000237
	-5	0	3	  -0.00114031        0.00020818
	-4	0	3	   0.00076051       -0.00013884
	-3	0	3	  -0.00639107        0.00116677
	-2	0	3	   0.00457397       -0.00083504
	-1	0	3	  -0.01369531        0.00250026
	0	1	3	  -0.02278324       -0.00262085
	1	1	3	   0.00470748       -0.00016919
	2	1	3	  -0.00588152       -0.00039643
	3	1	3	   0.00010711       -0.00026327
	4	1	3	  -0.00063547        0.00001310
	5	1	3	  -0.00004019       -0.00002972
	6	1	3	  -0.00007847       -0.00000629
	-6	1	3	  -0.00012359       -0.00001696
	-5	1	3	   0.00018281        0.00004612
	-4	1	3	  -0.00128666       -0.00023421
	-3	1	3	   0.00228778        0.00053876
	-2	1	3	  -0.00949418       -0.00137231
	-1	1	3	   0.00830298        0.00166583
	0	2	3	   0.00760916        0.00087532
	1	2	3	  -0.00207746       -0.00038386
	2	2	3	   0.00631084       -0.00309241
	3	2	3	   0.00142225       -0.00007170
	4	2	3	   0.00150686       -0.00106773
	5	2	3	   0.00051584       -0.00004789
	6	2	3	   0.00023325       -0.00017998
	-6	2	3	  -0.00023205        0.00018012
	-5	2	3	  -0.00069019        0.00002783
	-4	2	3	  -0.00080824        0.00114809
	-3	2	3	  -0.00326910       -0.00014075
	-2	2	3	   0.00037424        0.00386142
	-1	2	3	  -0.00854647       -0.00083827
	0	3	3	  -0.01063206       -0.00122305
	1	3	3	   0.00380472       -0.00025105
	2	3	3	  -0.00543751       -0.00009438
	3	3	3	   0.00097708       -0.00033763
	4	3	3	  -0.00119498        0.00005540
	5	3	3	   0.00008280       -0.00004221
	-5	3	3	   0.00003804        0.00005612
	-4	3	3	  -0.00102814       -0.00031114
	-3	3	3	   0.00058780        0.00051764
	-2	3	3	  -0.00497808       -0.00110377
	-1	3	3	   0.00320897        0.00105786
	0	4	3	   0.00126517        0.00014554
	1	4	3	  -0.00079101        0.00001258
	2	4	3	   0.00191442       -0.00106638
	3	4	3	   0.00004786        0.00005951
	4	4	3	   0.00077527       -0.00055915
	5	4	3	   0.00018004       -0.00003032
	-5	4	3	  -0.00017980        0.00003034
	-4	4	3	  -0.00062691        0.00057622
	-3	4	3	  -0.00071851       -0.00013666
	-2	4	3	  -0.00070670        0.00120531
	-1	4	3	  -0.00132541       -0.00025605
	0	5	3	  -0.00189700       -0.00021822
	1	5	3	   0.00040587       -0.00002824
	2	5	3	  -0.00127703       -0.00005382
	3	5	3	   0.00013009       -0.00004206
	4	5	3	  -0.00031076       -0.00003194
	-4	5	3	  -0.00030207       -0.00003856
	-3	5	3	   0.00004983        0.00006275
	-2	5	3	  -0.00113685       -0.00022386
	-1	5	3	   0.00029394        0.00010875
	0	6	3	   0.00002162        0.00000249
	1	6	3	  -0.00001951       -0.00000609
	2	6	3	   0.00023408       -0.00017998
	-2	6	3	  -0.00023184        0.00018024
	-1	6	3	  -0.00010890       -0.00000868
	0	-6	3	  -0.00002162       -0.00000249
	1	-6	3	   0.00014097       -0.00001608
	2	-6	3	  -0.00023481        0.00018011
	-2	-6	3	   0.00023256       -0.00018037
	-1	-6	3	  -0.00001256        0.00003086
	0	-5	3	   0.00189700        0.00021822
	1	-5	3	  -0.00049160        0.00004389
	2	-5	3	   0.00138183        0.00003468
	3	-5	3	  -0.00020273        0.00005532
	4	-5	3	   0.00031061        0.00003197
	-4	-5	3	   0.00030222        0.00003853
	-3	-5	3	   0.00002281       -0.00007602
	-2	-5	3	   0.00103204        0.00024300
	-1	-5	3	  -0.00020821       -0.00012440
	0	-4	3	  -0.00126516       -0.00014554
	1	-4	3	   0.00194645       -0.00022352
	2	-4	3	  -0.00233437        0.00114305
	3	-4	3	   0.00128849       -0.00030348
	4	-4	3	  -0.00086445        0.00057543
	5	-4	3	   0.00018834       -0.00003694
	-5	-4	3	  -0.00018858        0.00003691
	-4	-4	3	   0.00071609       -0.00059250
	-3	-4	3	  -0.00061783        0.00038063
	-2	-4	3	   0.00112665       -0.00128198
	-1	-4	3	   0.00017000        0.00046698
	0	-3	3	   0.01063208        0.00122305
	1	-3	3	  -0.00524432        0.00051386
	2	-3	3	   0.00654770       -0.00010830
	3	-3	3	  -0.00191775        0.00050936
	4	-3	3	   0.00159812       -0.00012900
	5	-3	3	  -0.00019095        0.00006196
	-5	-3	3	   0.00007011       -0.00007586
	-4	-3	3	   0.00062501        0.00038474
	-3	-3	3	   0.00035287       -0.00068938
	-2	-3	3	   0.00386792        0.00130644
	-1	-3	3	  -0.00176937       -0.00132068
	0	-2	3	  -0.00760916       -0.00087532
	1	-2	3	   0.01132004       -0.00130350
	2	-2	3	  -0.01032932        0.00382603
	3	-2	3	   0.00483872       -0.00107132
	4	-2	3	  -0.00223283        0.00120026
	5	-2	3	   0.00093518       -0.00021701
	6	-2	3	  -0.00023460        0.00018023
	-6	-2	3	   0.00023340       -0.00018037
	-5	-2	3	  -0.00076082        0.00023707
	-4	-2	3	   0.00153421       -0.00128063
	-3	-2	3	  -0.00299184        0.00128377
	-2	-2	3	   0.00364425       -0.00459505
	-1	-2	3	  -0.00069605        0.00252561
	0	-1	3	   0.02278321        0.00262086
	1	-1	3	  -0.01252823        0.00159696
	2	-1	3	   0.01226775       -0.00076946
	3	-1	3	  -0.00432313        0.00103296
	4	-1	3	   0.00190770       -0.00024536
	5	-1	3	  -0.00038047        0.00010652
	6	-1	3	   0.00015566       -0.00000781
	-6	-1	3	   0.00004640        0.00003105
	-5	-1	3	   0.00023786       -0.00012292
	-4	-1	3	   0.00001446        0.00046646
	-3	-1	3	   0.00192824       -0.00130846
	-2	-1	3	   0.00310801        0.00253818
	-1	-1	3	  -0.00048222       -0.00309362
	0	0	4	  -0.00000003        0.00000001
	1	0	4	  -0.00128257        0.00023415
	2	0	4	   0.00131034       -0.00023922
	3	0	4	  -0.00076051        0.00013884
	4	0	4	   0.00044815       -0.00008182
	5	0	4	  -0.00006875        0.00001255
	-5	0	4	   0.00006874       -0.00001255
	-4	0	4	  -0.00044816        0.00008182
	-3	0	4	   0.00076050       -0.00013884
	-2	0	4	  -0.00131035        0.00023922
	-1	0	4	   0.00128256       -0.00023415
	0	1	4	   0.00213365        0.00024545
	1	1	4	  -0.00151216        0.00036021
	2	1	4	  -0.00217560        0.00043215
	3	1	4	  -0.00054604        0.00047258
	4	1	4	  -0.00110892        0.00018073
	5	1	4	  -0.00015161        0.00014854
	-5	1	4	   0.00009454       -0.00015510
	-4	1	4	   0.00132231       -0.00015618
	-3	1	4	  -0.00018467       -0.00055664
	-2	1	4	   0.00405226       -0.00021626
	-1	1	4	  -0.00151899       -0.00070891
	0	2	4	  -0.00217987       -0.00025075
	1	2	4	   0.00571974        0.00045825
	2	2	4	  -0.00083323        0.00007480
	3	2	4	   0.00172301        0.00004283
	4	2	4	  -0.00011482        0.00006129
	5	2	4	   0.00027165        0.00002294
	-5	2	4	   0.00029087        0.00004177
	-4	2	4	  -0.00028152       -0.00010688
	-3	2	4	   0.00185525        0.00036879
	-2	2	4	  -0.00130126       -0.00032034
	-1	2	4	   0.00601924        0.00089214
	0	3	4	   0.00126516        0.00014554
	1	3	4	  -0.00165538        0.00046891
	2	3	4	  -0.00017475        0.00003656
	3	3	4	  -0.00107845        0.00065413
	4	3	4	  -0.00039020        0.00005614
	5	3	4	  -0.00025727        0.00020056
	-5	3	4	   0.00025752       -0.00020053
	-4	3	4	   0.00053855       -0.00003907
	-3	3	4	   0.00040779       -0.00073128
	-2	3	4	   0.00138246        0.00010237
	-1	3	4	  -0.00046104       -0.00071238
	0	4	4	  -0.00074554       -0.00008576
	1	4	4	   0.00219966        0.00019167
	2	4	4	  -0.00046813        0.00006013
	3	4	4	   0.00089585        0.00006039
	4	4	4	  -0.00005613        0.00001940
	-4	4	4	  -0.00003377       -0.00002974
	-3	4	4	   0.00085895        0.00014147
	-2	4	4	  -0.00036954       -0.00015649
	-1	4	4	   0.00214658        0.00030830
	0	5	4	   0.00011436        0.00001316
	1	5	4	  -0.00036241        0.00014784
	2	5	4	  -0.00010265        0.00002171
	3	5	4	  -0.00026551        0.00020053
	-3	5	4	   0.00025546       -0.00020169
	-2	5	4	   0.00019762       -0.00001078
	-1	5	4	   0.00004203       -0.00018470
	0	-5	4	  -0.00011437       -0.00001316
	1	-5	4	   0.00039671       -0.00015410
	2	-5	4	  -0.00023550        0.00004003
	3	-5	4	   0.00026536       -0.00020050
	-3	-5	4	  -0.00025532        0.00020166
	-2	-5	4	   0.00014052       -0.00005095
	-1	-5	4	  -0.00007633        0.00019096
	0	-4	4	   0.00074554        0.00008576
	1	-4	4	  -0.00232794       -0.00016825
	2	-4	4	   0.00070637       -0.00010362
	3	-4	4	  -0.00098504       -0.00004411
	4	-4	4	   0.00011017       -0.00002926
	-4	-4	4	  -0.00002027        0.00003960
	-3	-4	4	  -0.00076977       -0.00015775
	-2	-4	4	   0.00013130        0.00019998
	-1	-4	4	  -0.00201831       -0.00033172
	0	-3	4	  -0.00126517       -0.00014554
	1	-3	4	   0.00209464       -0.00054910
	2	-3	4	  -0.00197620        0.00035612
	3	-3	4	   0.00148159       -0.00072773
	4	-3	4	  -0.00066464        0.00013644
	5	-3	4	   0.00026331       -0.00020166
	-5	-3	4	  -0.00026356        0.00020163
	-4	-3	4	   0.00051628       -0.00015350
	-3	-3	4	  -0.00081093        0.00080487
	-2	-3	4	   0.00076848       -0.00049505
	-1	-3	4	   0.00002181        0.00079256
	0	-2	4	   0.00217987        0.00025076
	1	-2	4	  -0.00684782       -0.00025230
	2	-2	4	   0.00211629       -0.00030904
	3	-2	4	  -0.00244899        0.00008970
	4	-2	4	   0.00061835       -0.00015322
	5	-2	4	  -0.00032875       -0.00001252
	-5	-2	4	  -0.00023379       -0.00005219
	-4	-2	4	  -0.00022202        0.00019881
	-3	-2	4	  -0.00112928       -0.00050133
	-2	-2	4	   0.00001819        0.00055458
	-1	-2	4	  -0.00489115       -0.00109809
	0	-1	4	  -0.00213365       -0.00024544
	1	-1	4	   0.00333427       -0.00069286
	2	-1	4	  -0.00488084        0.00085611
	3	-1	4	   0.00181827       -0.00070484
	4	-1	4	  -0.00150367        0.00029623
	5	-1	4	   0.00034419       -0.00018370
	-5	-1	4	  -0.00028713        0.00019026
	-4	-1	4	   0.00129027       -0.00032078
	-3	-1	4	  -0.00108753        0.00078889
	-2	-1	4	   0.00300419       -0.00107199
	-1	-1	4	  -0.00030305        0.00104154
	0	0	5	  -0.00000001        0.00000000
	1	0	5	   0.00099553       -0.00018175
	2	0	5	  -0.00032772        0.00005983
	3	0	5	   0.00114031       -0.00020818
	4	0	5	  -0.00006875        0.00001255
	5	0	5	   0.00031208       -0.00005697
	-5	0	5	  -0.00031208        0.00005697
	-4	0	5	   0.00006875       -0.00001255
	-3	0	5	  -0.00114031        0.00020818
	-2	0	5	   0.00032771       -0.00005983
	-1	0	5	  -0.00099554        0.00018175
	0	1	5	  -0.00165615       -0.00019051
	1	1	5	   0.00025341        0.00003512
	2	1	5	  -0.00079753       -0.00010604
	3	1	5	  -0.00003344        0.00000498
	4	1	5	  -0.00018607       -0.00002855
	-4	1	5	  -0.00033017       -0.00003084
	-3	1	5	   0.00026602        0.00002178
	-2	1	5	  -0.00119292       -0.00012293
	-1	1	5	   0.00061300        0.00006454
	0	2	5	   0.00054517        0.00006272
	1	2	5	   0.00006816       -0.00010317
	2	2	5	   0.00056254       -0.00028684
	3	2	5	   0.00050729       -0.00009182
	4	2	5	   0.00023277       -0.00017682
	-4	2	5	  -0.00018821        0.00018194
	-3	2	5	  -0.00079554        0.00005866
	-2	2	5	  -0.00000862        0.00035056
	-1	2	5	  -0.00097725       -0.00000140
	0	3	5	  -0.00189700       -0.00021822
	1	3	5	   0.00034060        0.00000621
	2	3	5	  -0.00119439       -0.00009744
	3	3	5	   0.00008723       -0.00001943
	4	3	5	  -0.00030329       -0.00003588
	-4	3	5	  -0.00030954       -0.00003462
	-3	3	5	   0.00009268        0.00004013
	-2	3	5	  -0.00121949       -0.00018024
	-1	3	5	   0.00035921        0.00007429
	0	4	5	   0.00011436        0.00001316
	1	4	5	  -0.00002928       -0.00002803
	2	4	5	   0.00027313       -0.00017668
	3	4	5	   0.00017927       -0.00003428
	-3	4	5	  -0.00018932        0.00003313
	-2	4	5	  -0.00017816        0.00018761
	-1	4	5	  -0.00029111       -0.00000883
	0	5	5	  -0.00051917       -0.00005972
	0	-5	5	   0.00051917        0.00005972
	0	-4	5	  -0.00011437       -0.00001316
	1	-4	5	   0.00033960       -0.00002862
	2	-4	5	  -0.00029992        0.00018157
	3	-4	5	   0.00018911       -0.00003297
	-3	-4	5	  -0.00017906        0.00003413
	-2	-4	5	   0.00020494       -0.00019250
	-1	-4	5	  -0.00001921        0.00006548
	0	-3	5	   0.00189700        0.00021822
	1	-3	5	  -0.00048041        0.00001931
	2	-3	5	   0.00136767        0.00006581
	3	-3	5	  -0.00019538        0.00003918
	4	-3	5	   0.00030933        0.00003478
	-4	-3	5	   0.00030350        0.00003572
	-3	-3	5	   0.00001547       -0.00005987
	-2	-3	5	   0.00104621        0.00021187
	-1	-3	5	  -0.00021939       -0.00009981
	0	-2	5	  -0.00054519       -0.00006271
	1	-2	5	   0.00112833       -0.00011526
	2	-2	5	  -0.00089552        0.00034763
	3	-2	5	   0.00094373       -0.00017309
	4	-2	5	  -0.00028987        0.00018724
	-4	-2	5	   0.00024530       -0.00019236
	-3	-2	5	  -0.00065547        0.00020624
	-2	-2	5	   0.00034158       -0.00041134
	-1	-2	5	  -0.00021923        0.00021984
	0	-1	5	   0.00165615        0.00019051
	1	-1	5	  -0.00077421        0.00005995
	2	-1	5	   0.00134400        0.00000627
	3	-1	5	  -0.00038722        0.00007182
	4	-1	5	   0.00037866       -0.00000661
	-4	-1	5	   0.00013758        0.00006600
	-3	-1	5	   0.00015465       -0.00009858
	-2	-1	5	   0.00064645        0.00022270
	-1	-1	5	  -0.00009218       -0.00015963
	0	0	6	  -0.00000000        0.00000000
	1	0	6	  -0.00003652        0.00000667
	2	0	6	   0.00010280       -0.00001877
	3	0	6	  -0.00001299        0.00000237
	-3	0	6	   0.00001299       -0.00000237
	-2	0	6	  -0.00010280        0.00001877
	-1	0	6	   0.00003652       -0.00000667
	0	1	6	   0.00006076        0.00000699
	1	1	6	  -0.00010266        0.00002735
	2	1	6	  -0.00035044        0.00006314
	3	1	6	  -0.00006614        0.00005709
	-3	1	6	   0.00002840       -0.00006143
	-2	1	6	   0.00039627       -0.00005787
	-1	1	6	  -0.00009225       -0.00004978
	0	2	6	  -0.00017102       -0.00001967
	1	2	6	   0.00064192        0.00006642
	2	2	6	  -0.00005419       -0.00000313
	3	2	6	   0.00027437        0.00003131
	-3	2	6	   0.00027470        0.00003185
	-2	2	6	  -0.00011463       -0.00001629
	-1	2	6	   0.00064350        0.00008145
	0	3	6	   0.00002162        0.00000249
	1	3	6	  -0.00013873        0.00005685
	2	3	6	  -0.00016339        0.00002986
	-2	3	6	   0.00016564       -0.00002960
	-1	3	6	   0.00001032       -0.00007162
	0	-3	6	  -0.00002162       -0.00000249
	1	-3	6	   0.00016142       -0.00006099
	2	-3	6	  -0.00016666        0.00003039
	-2	-3	6	   0.00016442       -0.00003065
	-1	-3	6	  -0.00003300        0.00007576
	0	-2	6	   0.00017102        0.00001967
	1	-2	6	  -0.00066947       -0.00006139
	2	-2	6	   0.00015566       -0.00001540
	3	-2	6	  -0.00027572       -0.00003106
	-3	-2	6	  -0.00027335       -0.00003210
	-2	-2	6	   0.00001315        0.00003482
	-1	-2	6	  -0.00061595       -0.00008648
	0	-1	6	  -0.00006076       -0.00000699
	1	-1	6	   0.00021983       -0.00004875
	2	-1	6	  -0.00042224        0.00007792
	3	-1	6	   0.00014333       -0.00007118
	-3	-1	6	  -0.00010559        0.00007552
	-2	-1	6	   0.00037641       -0.00008320
	-1	-1	6	  -0.00002491        0.00007116
	0	0	7	  -0.00000000        0.00000000
	1	0	7	   0.00008932       -0.00001631
	-1	0	7	  -0.00008932        0.00001631
	0	1	7	  -0.00014859       -0.00001709
	0	-1	7	   0.00014860        0.00001709
	0	0	-7	   0.00000000       -0.00000000
	1	0	-7	  -0.00008932        0.00001631
	-1	0	-7	   0.00008932       -0.00001631
	0	1	-7	   0.00014859        0.00001709
	0	-1	-7	  -0.00014860       -0.00001709
	0	0	-6	   0.00000000       -0.00000000
	1	0	-6	   0.00003652       -0.00000667
	2	0	-6	  -0.00010280        0.00001877
	3	0	-6	   0.00001299       -0.00000237
	-3	0	-6	  -0.00001299        0.00000237
	-2	0	-6	   0.00010280       -0.00001877
	-1	0	-6	  -0.00003652        0.00000667
	0	1	-6	  -0.00006076       -0.00000699
	1	1	-6	  -0.00002492        0.00007117
	2	1	-6	   0.00037641       -0.00008320
	3	1	-6	  -0.00010559        0.00007552
	-3	1	-6	   0.00014333       -0.00007118
	-2	1	-6	  -0.00042224        0.00007792
	-1	1	-6	   0.00021983       -0.00004874
	0	2	-6	   0.00017102        0.00001967
	1	2	-6	  -0.00061595       -0.00008648
	2	2	-6	   0.00001315        0.00003482
	3	2	-6	  -0.00027335       -0.00003210
	-3	2	-6	  -0.00027572       -0.00003106
	-2	2	-6	   0.00015567       -0.00001540
	-1	2	-6	  -0.00066947       -0.00006139
	0	3	-6	  -0.00002162       -0.00000249
	1	3	-6	  -0.00003300        0.00007576
	2	3	-6	   0.00016442       -0.00003065
	-2	3	-6	  -0.00016666        0.00003039
	-1	3	-6	   0.00016141       -0.00006099
	0	-3	-6	   0.00002162        0.00000249
	1	-3	-6	   0.00001032       -0.00007162
	2	-3	-6	   0.00016564       -0.00002960
	-2	-3	-6	  -0.00016339        0.00002986
	-1	-3	-6	  -0.00013873        0.00005685
	0	-2	-6	  -0.00017102       -0.00001967
	1	-2	-6	   0.00064350        0.00008145
	2	-2	-6	  -0.00011463       -0.00001629
	3	-2	-6	   0.00027470        0.00003185
	-3	-2	-6	   0.00027437        0.00003131
	-2	-2	-6	  -0.00005419       -0.00000313
	-1	-2	-6	   0.00064192        0.00006642
	0	-1	-6	   0.00006076        0.00000699
	1	-1	-6	  -0.00009225       -0.00004977
	2	-1	-6	   0.00039627       -0.00005787
	3	-1	-6	   0.00002840       -0.00006143
	-3	-1	-6	  -0.00006614        0.00005709
	-2	-1	-6	  -0.00035044        0.00006314
	-1	-1	-6	  -0.00010267        0.00002735
	0	0	-5	   0.00000001       -0.00000000
	1	0	-5	  -0.00099553        0.00018175
	2	0	-5	   0.00032772       -0.00005983
	3	0	-5	  -0.00114032        0.00020818
	4	0	-5	   0.00006875       -0.00001255
	5	0	-5	  -0.00031208        0.00005697
	-5	0	-5	   0.00031208       -0.00005697
	-4	0	-5	  -0.00006875        0.00001255
	-3	0	-5	   0.00114031       -0.00020818
	-2	0	-5	  -0.00032771        0.00005983
	-1	0	-5	   0.00099554       -0.00018175
	0	1	-5	   0.00165616        0.00019052
	1	1	-5	  -0.00009219       -0.00015962
	2	1	-5	   0.00064645        0.00022270
	3	1	-5	   0.00015464       -0.00009857
	4	1	-5	   0.00013758        0.00006600
	-4	1	-5	   0.00037866       -0.00000661
	-3	1	-5	  -0.00038723        0.00007182
	-2	1	-5	   0.00134400        0.00000627
	-1	1	-5	  -0.00077422        0.00005996
	0	2	-5	  -0.00054517       -0.00006272
	1	2	-5	  -0.00021923        0.00021984
	2	2	-5	   0.00034159       -0.00041135
	3	2	-5	  -0.00065547        0.00020625
	4	2	-5	   0.00024531       -0.00019237
	-4	2	-5	  -0.00028987        0.00018724
	-3	2	-5	   0.00094373       -0.00017309
	-2	2	-5	  -0.00089551        0.00034762
	-1	2	-5	   0.00112833       -0.00011526
	0	3	-5	   0.00189700        0.00021822
	1	3	-5	  -0.00021940       -0.00009981
	2	3	-5	   0.00104621        0.00021187
	3	3	-5	   0.00001547       -0.00005987
	4	3	-5	   0.00030350        0.00003572
	-4	3	-5	   0.00030933        0.00003478
	-3	3	-5	  -0.00019538        0.00003918
	-2	3	-5	   0.00136767        0.00006581
	-1	3	-5	  -0.00048041        0.00001931
	0	4	-5	  -0.00011436       -0.00001316
	1	4	-5	  -0.00001921        0.00006548
	2	4	-5	   0.00020495       -0.00019250
	3	4	-5	  -0.00017906        0.00003412
	-3	4	-5	   0.00018911       -0.00003297
	-2	4	-5	  -0.00029992        0.00018157
	-1	4	-5	   0.00033960       -0.00002862
	0	5	-5	   0.00051917        0.00005972
	0	-5	-5	  -0.00051917       -0.00005972
	0	-4	-5	   0.00011437        0.00001316
	1	-4	-5	  -0.00029111       -0.00000882
	2	-4	-5	  -0.00017816        0.00018761
	3	-4	-5	  -0.00018932        0.00003313
	-3	-4	-5	   0.00017927       -0.00003428
	-2	-4	-5	   0.00027314       -0.00017668
	-1	-4	-5	  -0.00002928       -0.00002803
	0	-3	-5	  -0.00189700       -0.00021822
	1	-3	-5	   0.00035920        0.00007429
	2	-3	-5	  -0.00121949       -0.00018024
	3	-3	-5	   0.00009268        0.00004013
	4	-3	-5	  -0.00030954       -0.00003462
	-4	-3	-5	  -0.00030329       -0.00003588
	-3	-3	-5	   0.00008723       -0.00001943
	-2	-3	-5	  -0.00119439       -0.00009744
	-1	-3	-5	   0.00034060        0.00000622
	0	-2	-5	   0.00054519        0.00006271
	1	-2	-5	  -0.00097725       -0.00000140
	2	-2	-5	  -0.00000861        0.00035056
	3	-2	-5	  -0.00079555        0.00005866
	4	-2	-5	  -0.00018821        0.00018194
	-4	-2	-5	   0.00023278       -0.00017682
	-3	-2	-5	   0.00050729       -0.00009182
	-2	-2	-5	   0.00056255       -0.00028684
	-1	-2	-5	   0.00006816       -0.00010318
	0	-1	-5	  -0.00165615       -0.00019052
	1	-1	-5	   0.00061299        0.00006454
	2	-1	-5	  -0.00119292       -0.00012293
	3	-1	-5	   0.00026602        0.00002178
	4	-1	-5	  -0.00033017       -0.00003084
	-4	-1	-5	  -0.00018607       -0.00002855
	-3	-1	-5	  -0.00003344        0.00000498
	-2	-1	-5	  -0.00079753       -0.00010604
	-1	-1	-5	   0.00025340        0.00003513
	0	0	-4	   0.00000003       -0.00000001
	1	0	-4	   0.00128256       -0.00023415
	2	0	-4	  -0.00131035        0.00023922
	3	0	-4	   0.00076051       -0.00013884
	4	0	-4	  -0.00044815        0.00008182
	5	0	-4	   0.00006875       -0.00001255
	-5	0	-4	  -0.00006875        0.00001255
	-4	0	-4	   0.00044815       -0.00008182
	-3	0	-4	  -0.00076050        0.00013884
	-2	0	-4	   0.00131035       -0.00023923
	-1	0	-4	  -0.00128256        0.00023415
	0	1	-4	  -0.00213364       -0.00024544
	1	1	-4	  -0.00030309        0.00104156
	2	1	-4	   0.00300419       -0.00107199
	3	1	-4	  -0.00108754        0.00078890
	4	1	-4	   0.00129028       -0.00032078
	5	1	-4	  -0.00028713        0.00019026
	-5	1	-4	   0.00034420       -0.00018370
	-4	1	-4	  -0.00150367        0.00029623
	-3	1	-4	   0.00181826       -0.00070484
	-2	1	-4	  -0.00488084        0.00085611
	-1	1	-4	   0.00333425       -0.00069286
	0	2	-4	   0.00217988        0.00025076
	1	2	-4	  -0.00489115       -0.00109809
	2	2	-4	   0.00001819        0.00055458
	3	2	-4	  -0.00112927       -0.00050133
	4	2	-4	  -0.00022202        0.00019881
	5	2	-4	  -0.00023378       -0.00005219
	-5	2	-4	  -0.00032875       -0.00001252
	-4	2	-4	   0.00061835       -0.00015322
	-3	2	-4	  -0.00244899        0.00008970
	-2	2	-4	   0.00211630       -0.00030904
	-1	2	-4	  -0.00684782       -0.00025230
	0	3	-4	  -0.00126516       -0.00014554
	1	3	-4	   0.00002180        0.00079257
	2	3	-4	   0.00076849       -0.00049506
	3	3	-4	  -0.00081093        0.00080488
	4	3	-4	   0.00051628       -0.00015350
	5	3	-4	  -0.00026356        0.00020163
	-5	3	-4	   0.00026331       -0.00020166
	-4	3	-4	  -0.00066464        0.00013644
	-3	3	-4	   0.00148159       -0.00072773
	-2	3	-4	  -0.00197620        0.00035612
	-1	3	-4	   0.00209463       -0.00054910
	0	4	-4	   0.00074554        0.00008576
	1	4	-4	  -0.00201830       -0.00033172
	2	4	-4	   0.00013130        0.00019998
	3	4	-4	  -0.00076977       -0.00015776
	4	4	-4	  -0.00002027        0.00003960
	-4	4	-4	   0.00011017       -0.00002926
	-3	4	-4	  -0.00098503       -0.00004411
	-2	4	-4	   0.00070637       -0.00010362
	-1	4	-4	  -0.00232794       -0.00016825
	0	5	-4	  -0.00011436       -0.00001316
	1	5	-4	  -0.00007632        0.00019096
	2	5	-4	   0.00014052       -0.00005095
	3	5	-4	  -0.00025532        0.00020166
	-3	5	-4	   0.00026537       -0.00020050
	-2	5	-4	  -0.00023550        0.00004003
	-1	5	-4	   0.00039671       -0.00015410
	0	-5	-4	   0.00011437        0.00001316
	1	-5	-4	   0.00004203       -0.00018470
	2	-5	-4	   0.00019763       -0.00001078
	3	-5	-4	   0.00025546       -0.00020169
	-3	-5	-4	  -0.00026551        0.00020053
	-2	-5	-4	  -0.00010265        0.00002171
	-1	-5	-4	  -0.00036241        0.00014784
	0	-4	-4	  -0.00074554       -0.00008576
	1	-4	-4	   0.00214658        0.00030830
	2	-4	-4	  -0.00036954       -0.00015649
	3	-4	-4	   0.00085895        0.00014147
	4	-4	-4	  -0.00003377       -0.00002974
	-4	-4	-4	  -0.00005613        0.00001940
	-3	-4	-4	   0.00089585        0.00006039
	-2	-4	-4	  -0.00046813        0.00006013
	-1	-4	-4	   0.00219966        0.00019167
	0	-3	-4	   0.00126517        0.00014554
	1	-3	-4	  -0.00046106       -0.00071237
	2	-3	-4	   0.00138246        0.00010237
	3	-3	-4	   0.00040779       -0.00073128
	4	-3	-4	   0.00053855       -0.00003907
	5	-3	-4	   0.00025752       -0.00020053
	-5	-3	-4	  -0.00025727        0.00020056
	-4	-3	-4	  -0.00039019        0.00005614
	-3	-3	-4	  -0.00107845        0.00065413
	-2	-3	-4	  -0.00017474        0.00003656
	-1	-3	-4	  -0.00165539        0.00046891
	0	-2	-4	  -0.00217987       -0.00025076
	1	-2	-4	   0.00601923        0.00089214
	2	-2	-4	  -0.00130126       -0.00032034
	3	-2	-4	   0.00185525        0.00036879
	4	-2	-4	  -0.00028152       -0.00010689
	5	-2	-4	   0.00029088        0.00004177
	-5	-2	-4	   0.00027166        0.00002294
	-4	-2	-4	  -0.00011481        0.00006129
	-3	-2	-4	   0.00172302        0.00004283
	-2	-2	-4	  -0.00083322        0.00007480
	-1	-2	-4	   0.00571974        0.00045824
	0	-1	-4	   0.00213365        0.00024544
	1	-1	-4	  -0.00151903       -0.00070889
	2	-1	-4	   0.00405226       -0.00021626
	3	-1	-4	  -0.00018469       -0.00055663
	4	-1	-4	   0.00132231       -0.00015619
	5	-1	-4	   0.00009455       -0.00015510
	-5	-1	-4	  -0.00015160        0.00014854
	-4	-1	-4	  -0.00110892        0.00018073
	-3	-1	-4	  -0.00054605        0.00047258
	-2	-1	-4	  -0.00217561        0.00043214
	-1	-1	-4	  -0.00151219        0.00036021
	0	0	-3	   0.00000000        0.00000000
	1	0	-3	  -0.01369528        0.00250027
	2	0	-3	   0.00457396       -0.00083504
	3	0	-3	  -0.00639109        0.00116678
	4	0	-3	   0.00076051       -0.00013884
	5	0	-3	  -0.00114032        0.00020818
	6	0	-3	   0.00001299       -0.00000237
	-6	0	-3	  -0.00001299        0.00000237
	-5	0	-3	   0.00114031       -0.00020818
	-4	0	-3	  -0.00076051        0.00013884
	-3	0	-3	   0.00639107       -0.00116678
	-2	0	-3	  -0.00457397        0.00083504
	-1	0	-3	   0.01369531       -0.00250027
	0	1	-3	   0.02278323        0.00262085
	1	1	-3	  -0.00048222       -0.00309362
	2	1	-3	   0.00310798        0.00253821
	3	1	-3	   0.00192824       -0.00130846
	4	1	-3	   0.00001445        0.00046647
	5	1	-3	   0.00023786       -0.00012292
	6	1	-3	   0.00004640        0.00003105
	-6	1	-3	   0.00015566       -0.00000781
	-5	1	-3	  -0.00038047        0.00010652
	-4	1	-3	   0.00190769       -0.00024536
	-3	1	-3	  -0.00432313        0.00103296
	-2	1	-3	   0.01226773       -0.00076946
	-1	1	-3	  -0.01252824        0.00159697
	0	2	-3	  -0.00760917       -0.00087531
	1	2	-3	  -0.00069608        0.00252563
	2	2	-3	   0.00364425       -0.00459505
	3	2	-3	  -0.00299185        0.00128378
	4	2	-3	   0.00153421       -0.00128063
	5	2	-3	  -0.00076082        0.00023707
	6	2	-3	   0.00023340       -0.00018037
	-6	2	-3	  -0.00023460        0.00018023
	-5	2	-3	   0.00093518       -0.00021701
	-4	2	-3	  -0.00223284        0.00120027
	-3	2	-3	   0.00483871       -0.00107132
	-2	2	-3	  -0.01032933        0.00382604
	-1	2	-3	   0.01132002       -0.00130349
	0	3	-3	   0.01063207        0.00122306
	1	3	-3	  -0.00176937       -0.00132068
	2	3	-3	   0.00386791        0.00130645
	3	3	-3	   0.00035287       -0.00068937
	4	3	-3	   0.00062501        0.00038474
	5	3	-3	   0.00007010       -0.00007586
	-5	3	-3	  -0.00019095        0.00006196
	-4	3	-3	   0.00159812       -0.00012900
	-3	3	-3	  -0.00191775        0.00050936
	-2	3	-3	   0.00654769       -0.00010830
	-1	3	-3	  -0.00524432        0.00051386
	0	4	-3	  -0.00126517       -0.00014554
	1	4	-3	   0.00016999        0.00046699
	2	4	-3	   0.00112665       -0.00128198
	3	4	-3	  -0.00061784        0.00038063
	4	4	-3	   0.00071609       -0.00059250
	5	4	-3	  -0.00018858        0.00003691
	-5	4	-3	   0.00018834       -0.00003694
	-4	4	-3	  -0.00086445        0.00057543
	-3	4	-3	   0.00128849       -0.00030348
	-2	4	-3	  -0.00233437        0.00114305
	-1	4	-3	   0.00194644       -0.00022352
	0	5	-3	   0.00189700        0.00021822
	1	5	-3	  -0.00020821       -0.00012440
	2	5	-3	   0.00103204        0.00024300
	3	5	-3	   0.00002282       -0.00007602
	4	5	-3	   0.00030222        0.00003853
	-4	5	-3	   0.00031061        0.00003197
	-3	5	-3	  -0.00020273        0.00005532
	-2	5	-3	   0.00138184        0.00003468
	-1	5	-3	  -0.00049160        0.00004390
	0	6	-3	  -0.00002162       -0.00000249
	1	6	-3	  -0.00001256        0.00003086
	2	6	-3	   0.00023256       -0.00018037
	-2	6	-3	  -0.00023481        0.00018011
	-1	6	-3	   0.00014097       -0.00001608
	0	-6	-3	   0.00002162        0.00000249
	1	-6	-3	  -0.00010890       -0.00000868
	2	-6	-3	  -0.00023184        0.00018024
	-2	-6	-3	   0.00023409       -0.00017998
	-1	-6	-3	  -0.00001951       -0.00000609
	0	-5	-3	  -0.00189700       -0.00021822
	1	-5	-3	   0.00029393        0.00010875
	2	-5	-3	  -0.00113685       -0.00022386
	3	-5	-3	   0.00004982        0.00006276
	4	-5	-3	  -0.00030207       -0.00003856
	-4	-5	-3	  -0.00031076       -0.00003194
	-3	-5	-3	   0.00013009       -0.00004206
	-2	-5	-3	  -0.00127703       -0.00005382
	-1	-5	-3	   0.00040587       -0.00002824
	0	-4	-3	   0.00126517        0.00014554
	1	-4	-3	  -0.00132543       -0.00025604
	2	-4	-3	  -0.00070670        0.00120531
	3	-4	-3	  -0.00071852       -0.00013666
	4	-4	-3	  -0.00062691        0.00057622
	5	-4	-3	  -0.00017980        0.00003034
	-5	-4	-3	   0.00018004       -0.00003032
	-4	-4	-3	   0.00077527       -0.00055915
	-3	-4	-3	   0.00004786        0.00005951
	-2	-4	-3	   0.00191442       -0.00106638
	-1	-4	-3	  -0.00079102        0.00001258
	0	-3	-3	  -0.01063208       -0.00122305
	1	-3	-3	   0.00320896        0.00105786
	2	-3	-3	  -0.00497810       -0.00110377
	3	-3	-3	   0.00058780        0.00051764
	4	-3	-3	  -0.00102815       -0.00031114
	5	-3	-3	   0.00003804        0.00005612
	-5	-3	-3	   0.00008280       -0.00004222
	-4	-3	-3	  -0.00119498        0.00005540
	-3	-3	-3	   0.00097708       -0.00033763
	-2	-3	-3	  -0.00543752       -0.00009438
	-1	-3	-3	   0.00380472       -0.00025104
	0	-2	-3	   0.00760916        0.00087532
	1	-2	-3	  -0.00854651       -0.00083826
	2	-2	-3	   0.00037423        0.00386142
	3	-2	-3	  -0.00326912       -0.00014074
	4	-2	-3	  -0.00080824        0.00114809
	5	-2	-3	  -0.00069019        0.00002783
	6	-2	-3	  -0.00023205        0.00018012
	-6	-2	-3	   0.00023325       -0.00017998
	-5	-2	-3	   0.00051584       -0.00004789
	-4	-2	-3	   0.00150686       -0.00106773
	-3	-2	-3	   0.00142224       -0.00007171
	-2	-2	-3	   0.00631084       -0.00309240
	-1	-2	-3	  -0.00207749       -0.00038386
	0	-1	-3	  -0.02278321       -0.00262086
	1	-1	-3	   0.00830298        0.00166583
	2	-1	-3	  -0.00949422       -0.00137230
	3	-1	-3	   0.00228778        0.00053876
	4	-1	-3	  -0.00128668       -0.00023420
	5	-1	-3	   0.00018280        0.00004613
	6	-1	-3	  -0.00012359       -0.00001696
	-6	-1	-3	  -0.00007847       -0.00000629
	-5	-1	-3	  -0.00004019       -0.00002972
	-4	-1	-3	  -0.00063548        0.00001309
	-3	-1	-3	   0.00010711       -0.00026327
	-2	-1	-3	  -0.00588154       -0.00039644
	-1	-1	-3	   0.00470747       -0.00016918
	0	0	-2	   0.00000001        0.00000000
	1	0	-2	   0.01294148       -0.00236264
	2	0	-2	  -0.01405657        0.00256622
	3	0	-2	   0.00457397       -0.00083504
	4	0	-2	  -0.00131035        0.00023922
	5	0	-2	   0.00032772       -0.00005983
	6	0	-2	  -0.00010280        0.00001877
	-6	0	-2	   0.00010280       -0.00001877
	-5	0	-2	  -0.00032771        0.00005983
	-4	0	-2	   0.00131034       -0.00023922
	-3	0	-2	  -0.00457396        0.00083504
	-2	0	-2	   0.01405656       -0.00256622
	-1	0	-2	  -0.01294149        0.00236265
	0	1	-2	  -0.02152921       -0.00247659
	1	1	-2	  -0.01328226        0.02209042
	2	1	-2	   0.02240475       -0.00938145
	3	1	-2	  -0.00809509        0.00581608
	4	1	-2	   0.00383821       -0.00131601
	5	1	-2	  -0.00103017        0.00071326
	6	1	-2	   0.00039054       -0.00008733
	-6	1	-2	  -0.00042110        0.00008381
	-5	1	-2	   0.00120793       -0.00069281
	-4	1	-2	  -0.00481316        0.00120386
	-3	1	-2	   0.01135855       -0.00544066
	-2	1	-2	  -0.03565376        0.00785737
	-1	1	-2	   0.05770275       -0.01698050
	0	2	-2	   0.02338422        0.00268999
	1	2	-2	  -0.02931452       -0.00955242
	2	2	-2	  -0.00290597        0.00567715
	3	2	-2	  -0.00100683       -0.00323420
	4	2	-2	  -0.00106906        0.00087270
	5	2	-2	  -0.00013005       -0.00027335
	6	2	-2	  -0.00009833        0.00006743
	-6	2	-2	   0.00014662       -0.00006188
	-5	2	-2	  -0.00093379        0.00015097
	-4	2	-2	   0.00202806       -0.00076238
	-3	2	-2	  -0.01070678        0.00188673
	-2	2	-2	   0.01579300       -0.00419468
	-1	2	-2	  -0.04853863        0.00059662
	0	3	-2	  -0.00760916       -0.00087532
	1	3	-2	  -0.00220260        0.00583556
	2	3	-2	   0.00301880       -0.00322089
	3	3	-2	  -0.00405763        0.00362536
	4	3	-2	   0.00123937       -0.00063283
	5	3	-2	  -0.00102520        0.00081794
	6	3	-2	   0.00016538       -0.00003094
	-6	3	-2	  -0.00016658        0.00003080
	-5	3	-2	   0.00119956       -0.00079788
	-4	3	-2	  -0.00193798        0.00055246
	-3	3	-2	   0.00590449       -0.00341291
	-2	3	-2	  -0.00970387        0.00245188
	-1	3	-2	   0.01282655       -0.00461342
	0	4	-2	   0.00217986        0.00025076
	1	4	-2	  -0.00477900       -0.00134450
	2	4	-2	  -0.00012802        0.00087581
	3	4	-2	  -0.00106595       -0.00064045
	4	4	-2	  -0.00027691        0.00031942
	5	4	-2	  -0.00022751       -0.00006597
	-5	4	-2	  -0.00033502        0.00000126
	-4	4	-2	   0.00067324       -0.00027383
	-3	4	-2	  -0.00251231        0.00022882
	-2	4	-2	   0.00226250       -0.00063027
	-1	4	-2	  -0.00695997       -0.00000589
	0	5	-2	  -0.00054518       -0.00006272
	1	5	-2	  -0.00044469        0.00071519
	2	5	-2	   0.00027817       -0.00027200
	3	5	-2	  -0.00093402        0.00081824
	4	5	-2	   0.00018715       -0.00006460
	-4	5	-2	  -0.00023171        0.00005947
	-3	5	-2	   0.00122228       -0.00078508
	-2	5	-2	  -0.00083209        0.00020828
	-1	5	-2	   0.00135379       -0.00061062
	0	6	-2	   0.00017102        0.00001967
	1	6	-2	  -0.00061405       -0.00009065
	2	6	-2	  -0.00000184        0.00006775
	3	6	-2	  -0.00027322       -0.00003239
	-3	6	-2	  -0.00027585       -0.00003078
	-2	6	-2	   0.00017066       -0.00004834
	-1	6	-2	  -0.00067137       -0.00005722
	0	-6	-2	  -0.00017102       -0.00001967
	1	-6	-2	   0.00063242        0.00008730
	2	-6	-2	  -0.00002718       -0.00006246
	3	-6	-2	   0.00027394        0.00003225
	-3	-6	-2	   0.00027513        0.00003091
	-2	-6	-2	  -0.00014163        0.00004304
	-1	-6	-2	   0.00065300        0.00006057
	0	-5	-2	   0.00054518        0.00006272
	1	-5	-2	   0.00033784       -0.00069568
	2	-5	-2	   0.00036133        0.00015525
	3	-5	-2	   0.00082921       -0.00079911
	4	-5	-2	   0.00015100        0.00000286
	-4	-5	-2	  -0.00010643        0.00000226
	-3	-5	-2	  -0.00111747        0.00076595
	-2	-5	-2	   0.00019261       -0.00009153
	-1	-5	-2	  -0.00124693        0.00059111
	0	-4	-2	  -0.00217988       -0.00025076
	1	-4	-2	   0.00536505        0.00123751
	2	-4	-2	  -0.00044846       -0.00077056
	3	-4	-2	   0.00148591        0.00056378
	4	-4	-2	   0.00003867       -0.00027593
	5	-4	-2	   0.00025430        0.00006108
	-5	-4	-2	   0.00030823        0.00000364
	-4	-4	-2	  -0.00043500        0.00023033
	-3	-4	-2	   0.00209236       -0.00015216
	-2	-4	-2	  -0.00168603        0.00052502
	-1	-4	-2	   0.00637392        0.00011288
	0	-3	-2	   0.00760917        0.00087531
	1	-3	-2	   0.00024086       -0.00547741
	2	-3	-2	   0.00402241        0.00193542
	3	-3	-2	   0.00294744       -0.00342268
	4	-3	-2	   0.00091158        0.00024014
	5	-3	-2	   0.00085193       -0.00078631
	6	-3	-2	   0.00016467       -0.00002932
	-6	-3	-2	  -0.00016347        0.00002946
	-5	-3	-2	  -0.00102629        0.00076625
	-4	-3	-2	  -0.00021296       -0.00015978
	-3	-3	-2	  -0.00479432        0.00321022
	-2	-3	-2	   0.00266267       -0.00116641
	-1	-3	-2	  -0.01086485        0.00425529
	0	-2	-2	  -0.02338423       -0.00268999
	1	-2	-2	   0.03727863        0.00809848
	2	-2	-2	  -0.00484067       -0.00426288
	3	-2	-2	   0.00502532        0.00250057
	4	-2	-2	  -0.00021402       -0.00063845
	5	-2	-2	   0.00046303        0.00021256
	6	-2	-2	  -0.00000314       -0.00004891
	-6	-2	-2	  -0.00004514        0.00004336
	-5	-2	-2	   0.00060082       -0.00009018
	-4	-2	-2	  -0.00074500        0.00052813
	-3	-2	-2	   0.00668830       -0.00115310
	-2	-2	-2	  -0.00804645        0.00278043
	-1	-2	-2	   0.04057447        0.00085733
	0	-1	-2	   0.02152920        0.00247660
	1	-1	-2	  -0.01341952       -0.01721562
	2	-1	-2	   0.02439378        0.00083774
	3	-1	-2	   0.00170885       -0.00465017
	4	-1	-2	   0.00321824        0.00002776
	5	-1	-2	   0.00048370       -0.00061349
	6	-1	-2	   0.00038215       -0.00005373
	-6	-1	-2	  -0.00035159        0.00005725
	-5	-1	-2	  -0.00066146        0.00059304
	-4	-1	-2	  -0.00224329        0.00008439
	-3	-1	-2	  -0.00497236        0.00427476
	-2	-1	-2	  -0.01114479        0.00068636
	-1	-1	-2	  -0.03100101        0.01210572
	0	0	-1	  -0.00000000        0.00000000
	1	0	-1	  -0.17646876        0.03221681
	2	0	-1	   0.01294148       -0.00236264
	3	0	-1	  -0.01369530        0.00250026
	4	0	-1	   0.00128256       -0.00023415
	5	0	-1	  -0.00099554        0.00018175
	6	0	-1	   0.00003653       -0.00000667
	7	0	-1	  -0.00008932        0.00001631
	-7	0	-1	   0.00008932       -0.00001631
	-6	0	-1	  -0.00003653        0.00000667
	-5	0	-1	   0.00099553       -0.00018175
	-4	0	-1	  -0.00128257        0.00023415
	-3	0	-1	   0.01369528       -0.00250026
	-2	0	-1	  -0.01294150        0.00236265
	-1	0	-1	   0.17646876       -0.03221681
	0	1	-1	   0.29356995        0.03377068
	1	1	-1	   0.01509870       -0.02949725
	2	1	-1	  -0.00617394        0.02001061
	3	1	-1	   0.00695319       -0.00526913
	4	1	-1	  -0.00113117        0.00128384
	5	1	-1	   0.00053372       -0.00034275
	6	1	-1	  -0.00006635        0.00008329
	-6	1	-1	   0.00021647       -0.00006602
	-5	1	-1	  -0.00072342        0.00032093
	-4	1	-1	   0.00326705       -0.00103813
	-3	1	-1	  -0.01192481        0.00469722
	-2	1	-1	   0.05827962       -0.01401664
	-1	1	-1	  -0.08205726        0.02179469
	0	2	-1	  -0.02152922       -0.00247659
	1	2	-1	  -0.01232637        0.01999027
	2	2	-1	   0.03044020       -0.02703589
	3	2	-1	  -0.00750407        0.00451756
	4	2	-1	   0.00506488       -0.00401110
	5	2	-1	  -0.00089567        0.00041775
	6	2	-1	   0.00054472       -0.00042607
	-6	2	-1	  -0.00057528        0.00042256
	-5	2	-1	   0.00107343       -0.00039730
	-4	2	-1	  -0.00603984        0.00389895
	-3	2	-1	   0.01076752       -0.00414214
	-2	2	-1	  -0.04368924        0.02551181
	-1	2	-1	   0.05674686       -0.01488036
	0	3	-1	   0.02278320        0.00262085
	1	3	-1	   0.00051765       -0.00529040
	2	3	-1	   0.00219248        0.00454962
	3	3	-1	   0.00250273       -0.00257064
	4	3	-1	  -0.00015791        0.00084515
	5	3	-1	   0.00029597       -0.00025060
	6	3	-1	   0.00003512        0.00005583
	-6	3	-1	   0.00016694       -0.00003259
	-5	3	-1	  -0.00043858        0.00023419
	-4	3	-1	   0.00208005       -0.00062403
	-3	3	-1	  -0.00489761        0.00229515
	-2	3	-1	   0.01318323       -0.00278087
	-1	3	-1	  -0.01352810        0.00379374
	0	4	-1	  -0.00213365       -0.00024544
	1	4	-1	  -0.00041444        0.00128621
	2	4	-1	   0.00434302       -0.00401348
	3	4	-1	  -0.00111171        0.00084199
	4	4	-1	   0.00180432       -0.00145017
	5	4	-1	  -0.00026277        0.00013674
	-5	4	-1	   0.00031984       -0.00013018
	-4	4	-1	  -0.00201771        0.00142562
	-3	4	-1	   0.00184243       -0.00075793
	-2	4	-1	  -0.00621968        0.00379761
	-1	4	-1	   0.00344561       -0.00093751
	0	5	-1	   0.00165615        0.00019051
	1	5	-1	  -0.00000802       -0.00034454
	2	5	-1	   0.00055549        0.00042255
	3	5	-1	   0.00022395       -0.00025084
	4	5	-1	   0.00010483        0.00013796
	-4	5	-1	   0.00041142       -0.00007857
	-3	5	-1	  -0.00045653        0.00022408
	-2	5	-1	   0.00143496       -0.00019358
	-1	5	-1	  -0.00085838        0.00024488
	0	6	-1	  -0.00006076       -0.00000699
	1	6	-1	  -0.00003049        0.00008341
	2	6	-1	   0.00053249       -0.00042611
	3	6	-1	  -0.00009643        0.00005540
	-3	6	-1	   0.00013417       -0.00005105
	-2	6	-1	  -0.00057832        0.00042084
	-1	6	-1	   0.00022540       -0.00006099
	0	7	-1	   0.00014860        0.00001709
	0	-7	-1	  -0.00014860       -0.00001709
	0	-6	-1	   0.00006076        0.00000699
	1	-6	-1	  -0.00005975       -0.00006693
	2	-6	-1	  -0.00051412        0.00042276
	3	-6	-1	  -0.00002503       -0.00003322
	-3	-6	-1	  -0.00001270        0.00002888
	-2	-6	-1	   0.00055996       -0.00041749
	-1	-6	-1	  -0.00013517        0.00004451
	0	-5	-1	  -0.00165615       -0.00019051
	1	-5	-1	   0.00012205        0.00032373
	2	-5	-1	  -0.00066235       -0.00040304
	3	-5	-1	  -0.00013822        0.00023519
	4	-5	-1	  -0.00013913       -0.00013169
	-4	-5	-1	  -0.00037712        0.00007231
	-3	-5	-1	   0.00037080       -0.00020843
	-2	-5	-1	  -0.00132810        0.00017407
	-1	-5	-1	   0.00074435       -0.00022406
	0	-4	-1	   0.00213364        0.00024545
	1	-4	-1	  -0.00086951       -0.00105180
	2	-4	-1	  -0.00375697        0.00390649
	3	-4	-1	  -0.00004373       -0.00063105
	4	-4	-1	  -0.00167604        0.00142675
	5	-4	-1	  -0.00004755       -0.00008009
	-5	-4	-1	  -0.00000952        0.00007352
	-4	-4	-1	   0.00188944       -0.00140220
	-3	-4	-1	  -0.00068700        0.00054699
	-2	-4	-1	   0.00563361       -0.00369061
	-1	-4	-1	  -0.00216171        0.00070311
	0	-3	-1	  -0.02278323       -0.00262085
	1	-3	-1	   0.00247087        0.00474480
	2	-3	-1	  -0.00415423       -0.00419146
	3	-3	-1	  -0.00106313        0.00230782
	4	-3	-1	  -0.00028135       -0.00076495
	5	-3	-1	  -0.00015616        0.00022508
	6	-3	-1	  -0.00005781       -0.00005169
	-6	-3	-1	  -0.00014426        0.00002844
	-5	-3	-1	   0.00029878       -0.00020867
	-4	-3	-1	  -0.00164081        0.00054384
	-3	-3	-1	   0.00345801       -0.00203232
	-2	-3	-1	  -0.01122153        0.00242273
	-1	-3	-1	   0.01053959       -0.00324815
	0	-2	-1	   0.02152920        0.00247660
	1	-2	-1	  -0.01899510       -0.01427209
	2	-2	-1	  -0.02247609        0.02558194
	3	-2	-1	  -0.00173852       -0.00283019
	4	-2	-1	  -0.00393681        0.00380515
	5	-2	-1	  -0.00030082       -0.00019932
	6	-2	-1	  -0.00051717        0.00042104
	-6	-2	-1	   0.00054773       -0.00041753
	-5	-2	-1	   0.00012305        0.00017887
	-4	-2	-1	   0.00491175       -0.00369300
	-3	-2	-1	  -0.00152498        0.00245478
	-2	-2	-1	   0.03572505       -0.02405784
	-1	-2	-1	  -0.02542545        0.00916219
	0	-1	-1	  -0.29356995       -0.03377068
	1	-1	-1	   0.02515098        0.02214911
	2	-1	-1	  -0.02052786       -0.01513582
	3	-1	-1	   0.00086758        0.00384133
	4	-1	-1	  -0.00069096       -0.00095118
	5	-1	-1	  -0.00001292        0.00024768
	6	-1	-1	  -0.00005082       -0.00006190
	-6	-1	-1	  -0.00009930        0.00004463
	-5	-1	-1	   0.00020261       -0.00022585
	-4	-1	-1	  -0.00144499        0.00070548
	-3	-1	-1	   0.00410406       -0.00326942
	-2	-1	-1	  -0.03157789        0.00914186
	-1	-1	-1	   0.04180758       -0.01444656

