# Space group      : Pm-3m (221)
# Atomic species   : ['Cs', 'Pb', 'Br']
# Number of atoms  : 5    
# SOC              : True 
# Number of elec   : 34.0 
# Number of bands  : 48   
# Cell vectors in Å: a=[5.874 0.    0.   ], b=[0.    5.874 0.   ], c=[0.    0.    5.874]
# Band gap (eV)    : 1.7509 eV
# VBM: 0.0286 eV, band 33, k-point [0.5, 0.5, 0.5]
# CBM: 1.7795 eV, band 35, k-point [0.5, 0.5, 0.5]
 
#	Gx	Gy	Gz	Re(C_nk)	Im(C_nk)
n_band : 33,	energy : -2.26,	occupation : 1.0
	0	0	0	   0.00000001       -0.00000000
	1	0	0	   0.03961938        0.03906335
	2	0	0	   0.05702771        0.05622729
	3	0	0	   0.00876243        0.00863952
	4	0	0	   0.00822735        0.00811189
	5	0	0	   0.00118712        0.00117047
	6	0	0	   0.00080759        0.00079626
	7	0	0	   0.00009502        0.00009369
	-7	0	0	  -0.00009520       -0.00009386
	-6	0	0	  -0.00080829       -0.00079695
	-5	0	0	  -0.00118744       -0.00117078
	-4	0	0	  -0.00822815       -0.00811269
	-3	0	0	  -0.00876274       -0.00863979
	-2	0	0	  -0.05702880       -0.05622840
	-1	0	0	  -0.03961961       -0.03906343
	0	1	0	   0.01986777       -0.05431346
	1	1	0	  -0.03438008        0.00837338
	2	1	0	   0.00416377       -0.00401248
	3	1	0	  -0.00584331       -0.00101959
	4	1	0	   0.00081218        0.00025179
	5	1	0	  -0.00068915       -0.00026254
	6	1	0	   0.00010902        0.00006673
	7	1	0	  -0.00005876       -0.00003660
	-7	1	0	   0.00005058        0.00005431
	-6	1	0	  -0.00006826       -0.00018021
	-5	1	0	   0.00050246        0.00067357
	-4	1	0	  -0.00033340       -0.00157747
	-3	1	0	   0.00344034        0.00623996
	-2	1	0	   0.00133340       -0.01118178
	-1	1	0	   0.00976242        0.04483068
	0	2	0	   0.02859735       -0.07817814
	1	2	0	   0.00545085        0.00126966
	2	2	0	   0.02722547       -0.00698697
	3	2	0	   0.00354587        0.00291496
	4	2	0	   0.00532817        0.00142785
	5	2	0	   0.00070519        0.00057749
	6	2	0	   0.00056815        0.00026073
	-6	2	0	  -0.00040765       -0.00070206
	-5	2	0	  -0.00067521       -0.00078694
	-4	2	0	  -0.00327604       -0.00706908
	-3	2	0	  -0.00359335       -0.00416259
	-2	2	0	  -0.00906809       -0.04289073
	-1	2	0	  -0.00556980       -0.00967955
	0	3	0	   0.00439403       -0.01201231
	1	3	0	  -0.00481951        0.00359296
	2	3	0	   0.00197779       -0.00437640
	3	3	0	  -0.00201556        0.00048770
	4	3	0	   0.00047155       -0.00048310
	5	3	0	  -0.00034160        0.00000509
	6	3	0	   0.00006195       -0.00002997
	-6	3	0	  -0.00000611       -0.00012381
	-5	3	0	   0.00015269        0.00040429
	-4	3	0	   0.00009229       -0.00107724
	-3	3	0	   0.00056038        0.00256190
	-2	3	0	   0.00158863       -0.00545032
	-1	3	0	  -0.00050101        0.00717428
	0	4	0	   0.00412571       -0.01127873
	1	4	0	   0.00064466       -0.00066938
	2	4	0	   0.00420664       -0.00387395
	3	4	0	   0.00062194        0.00018847
	4	4	0	   0.00128371       -0.00032935
	5	4	0	   0.00017478        0.00008509
	-5	4	0	  -0.00014281       -0.00022944
	-4	4	0	  -0.00042733       -0.00202048
	-3	4	0	  -0.00050915       -0.00093616
	-2	4	0	   0.00010303       -0.00793474
	-1	4	0	  -0.00031603       -0.00162486
	0	5	0	   0.00059529       -0.00162741
	1	5	0	  -0.00050943        0.00055180
	2	5	0	   0.00039780       -0.00086442
	3	5	0	  -0.00030899        0.00015284
	4	5	0	   0.00012127       -0.00016284
	5	5	0	  -0.00005601        0.00001368
	-5	5	0	   0.00001609        0.00007396
	-4	5	0	   0.00003747       -0.00027392
	-3	5	0	   0.00003020        0.00043347
	-2	5	0	   0.00029312       -0.00103120
	-1	5	0	  -0.00017189        0.00083447
	0	6	0	   0.00040498       -0.00110712
	1	6	0	   0.00007278       -0.00011788
	2	6	0	   0.00040507       -0.00051029
	3	6	0	   0.00006825       -0.00000510
	-3	6	0	  -0.00004353       -0.00011575
	-2	6	0	   0.00008381       -0.00082753
	-1	6	0	  -0.00000928       -0.00019955
	0	7	0	   0.00004765       -0.00013026
	1	7	0	  -0.00003771        0.00006015
	-1	7	0	  -0.00002313        0.00007245
	0	-7	0	  -0.00004774        0.00013051
	1	-7	0	   0.00002305       -0.00007226
	-1	-7	0	   0.00003764       -0.00005995
	0	-6	0	  -0.00040533        0.00110807
	1	-6	0	   0.00000924        0.00019979
	2	-6	0	  -0.00008402        0.00082811
	3	-6	0	   0.00004351        0.00011585
	-3	-6	0	  -0.00006829        0.00000518
	-2	-6	0	  -0.00040530        0.00051084
	-1	-6	0	  -0.00007286        0.00011809
	0	-5	0	  -0.00059546        0.00162784
	1	-5	0	   0.00017200       -0.00083471
	2	-5	0	  -0.00029322        0.00103145
	3	-5	0	  -0.00003015       -0.00043356
	4	-5	0	  -0.00003750        0.00027398
	5	-5	0	  -0.00001606       -0.00007396
	-5	-5	0	   0.00005603       -0.00001369
	-4	-5	0	  -0.00012130        0.00016289
	-3	-5	0	   0.00030906       -0.00015293
	-2	-5	0	  -0.00039792        0.00086467
	-1	-5	0	   0.00050956       -0.00055203
	0	-4	0	  -0.00412611        0.01127982
	1	-4	0	   0.00031602        0.00162501
	2	-4	0	  -0.00010331        0.00793532
	3	-4	0	   0.00050911        0.00093620
	4	-4	0	   0.00042713        0.00202053
	5	-4	0	   0.00014275        0.00022941
	-5	-4	0	  -0.00017483       -0.00008512
	-4	-4	0	  -0.00128390        0.00032940
	-3	-4	0	  -0.00062199       -0.00018844
	-2	-4	0	  -0.00420698        0.00387454
	-1	-4	0	  -0.00064469        0.00066951
	0	-3	0	  -0.00439420        0.01201270
	1	-3	0	   0.00050118       -0.00717457
	2	-3	0	  -0.00158873        0.00545047
	3	-3	0	  -0.00056026       -0.00256193
	4	-3	0	  -0.00009233        0.00107722
	5	-3	0	  -0.00015260       -0.00040423
	6	-3	0	   0.00000605        0.00012372
	-6	-3	0	  -0.00006202        0.00002992
	-5	-3	0	   0.00034170       -0.00000505
	-4	-3	0	  -0.00047161        0.00048310
	-3	-3	0	   0.00201571       -0.00048773
	-2	-3	0	  -0.00197791        0.00437658
	-1	-3	0	   0.00481971       -0.00359325
	0	-2	0	  -0.02859786        0.07817964
	1	-2	0	   0.00556977        0.00967973
	2	-2	0	   0.00906760        0.04289085
	3	-2	0	   0.00359320        0.00416251
	4	-2	0	   0.00327555        0.00706868
	5	-2	0	   0.00067502        0.00078675
	6	-2	0	   0.00040723        0.00070164
	-6	-2	0	  -0.00056858       -0.00026110
	-5	-2	0	  -0.00070539       -0.00057766
	-4	-2	0	  -0.00532871       -0.00142822
	-3	-2	0	  -0.00354605       -0.00291506
	-2	-2	0	  -0.02722618        0.00698715
	-1	-2	0	  -0.00545092       -0.00126951
	0	-1	0	  -0.01986795        0.05431363
	1	-1	0	  -0.00976208       -0.04483077
	2	-1	0	  -0.00133350        0.01118164
	3	-1	0	  -0.00344007       -0.00623978
	4	-1	0	   0.00033334        0.00157734
	5	-1	0	  -0.00050227       -0.00067340
	6	-1	0	   0.00006813        0.00018002
	7	-1	0	  -0.00005072       -0.00005444
	-7	-1	0	   0.00005862        0.00003645
	-6	-1	0	  -0.00010916       -0.00006689
	-5	-1	0	   0.00068936        0.00026269
	-4	-1	0	  -0.00081226       -0.00025189
	-3	-1	0	   0.00584361        0.00101976
	-2	-1	0	  -0.00416389        0.00401237
	-1	-1	0	   0.03438045       -0.00837347
	0	0	1	  -0.05949783        0.01526853
	1	0	1	   0.01758177       -0.00433105
	2	0	1	   0.00267139        0.01099838
	3	0	1	   0.00190324       -0.00089222
	4	0	1	   0.00138096        0.00193501
	5	0	1	   0.00011910       -0.00015328
	6	0	1	   0.00018470        0.00022507
	7	0	1	  -0.00000924       -0.00002441
	-7	0	1	   0.00002571        0.00002694
	-6	0	1	  -0.00031015       -0.00019068
	-5	0	1	   0.00025949        0.00022392
	-4	0	1	  -0.00284504       -0.00153191
	-3	0	1	   0.00285001        0.00193508
	-2	0	1	  -0.01943465       -0.00641865
	-1	0	1	   0.03061969        0.01558956
	0	1	1	   0.01680602       -0.00405562
	1	1	1	   0.00001186       -0.00002048
	2	1	1	  -0.00755340       -0.01184587
	3	1	1	  -0.00930195       -0.00914779
	4	1	1	  -0.00167015       -0.00204193
	5	1	1	  -0.00151243       -0.00148942
	6	1	1	  -0.00022435       -0.00024940
	-6	1	1	   0.00028649        0.00025422
	-5	1	1	   0.00236417        0.00233267
	-4	1	1	   0.00247631        0.00204588
	-3	1	1	   0.01990991        0.01965305
	-2	1	1	   0.01602091        0.01139601
	-1	1	1	   0.08814512        0.08687586
	0	2	1	  -0.00213175       -0.01085946
	1	2	1	  -0.00183570        0.01434380
	2	2	1	   0.00293106       -0.00065571
	3	2	1	  -0.00050103        0.00214067
	4	2	1	   0.00098532        0.00044759
	5	2	1	  -0.00007418        0.00017260
	6	2	1	   0.00013678        0.00007342
	-6	2	1	  -0.00016112       -0.00017661
	-5	2	1	   0.00008653        0.00047048
	-4	2	1	  -0.00122373       -0.00135726
	-3	2	1	   0.00064089        0.00409861
	-2	2	1	  -0.00412380       -0.00608854
	-1	2	1	   0.00224457        0.01987322
	0	3	1	   0.00196753        0.00001678
	1	3	1	  -0.00467607        0.01272641
	2	3	1	  -0.00135183       -0.00161530
	3	3	1	  -0.00363182        0.00093026
	4	3	1	  -0.00060931       -0.00053638
	5	3	1	  -0.00071093       -0.00015409
	6	3	1	  -0.00009526       -0.00008455
	-6	3	1	   0.00011155        0.00011944
	-5	3	1	   0.00072960        0.00126533
	-4	3	1	   0.00083134        0.00088131
	-3	3	1	   0.00389946        0.00835105
	-2	3	1	   0.00293676        0.00259585
	-1	3	1	   0.00595599        0.02319971
	0	4	1	   0.00044436       -0.00235897
	1	4	1	  -0.00066213        0.00264798
	2	4	1	   0.00070403       -0.00084571
	3	4	1	  -0.00032130        0.00078300
	4	4	1	   0.00028454       -0.00006817
	5	4	1	  -0.00005589        0.00009143
	-5	4	1	   0.00001299        0.00019020
	-4	4	1	  -0.00019992       -0.00046985
	-3	4	1	   0.00000461        0.00123714
	-2	4	1	  -0.00025114       -0.00160386
	-1	4	1	  -0.00025030        0.00318932
	0	5	1	   0.00015863        0.00009687
	1	5	1	  -0.00075930        0.00207142
	2	5	1	  -0.00014151       -0.00010870
	3	5	1	  -0.00057598        0.00048380
	4	5	1	  -0.00008804       -0.00005259
	-4	5	1	   0.00011277        0.00014579
	-3	5	1	   0.00032257        0.00136932
	-2	5	1	   0.00030101        0.00032690
	-1	5	1	   0.00009372        0.00291176
	0	6	1	   0.00007353       -0.00028674
	1	6	1	  -0.00009999        0.00033313
	2	6	1	   0.00009286       -0.00012863
	3	6	1	  -0.00005071        0.00012266
	-3	6	1	  -0.00001964        0.00016441
	-2	6	1	  -0.00000903       -0.00021454
	-1	6	1	  -0.00006611        0.00037618
	0	7	1	   0.00000093        0.00002758
	0	-7	1	   0.00001252       -0.00003779
	0	-6	1	  -0.00019997        0.00031699
	1	-6	1	   0.00015620       -0.00036712
	2	-6	1	  -0.00007187        0.00023455
	3	-6	1	   0.00005298       -0.00016094
	-3	-6	1	   0.00008397       -0.00011920
	-2	-6	1	  -0.00017390        0.00014860
	-1	-6	1	   0.00019002       -0.00032409
	0	-5	1	   0.00014515       -0.00034263
	1	-5	1	   0.00118472       -0.00324284
	2	-5	1	  -0.00010989       -0.00047328
	3	-5	1	   0.00014671       -0.00149007
	4	-5	1	  -0.00006434       -0.00017895
	-4	-5	1	   0.00013635        0.00001947
	-3	-5	1	   0.00104508       -0.00060454
	-2	-5	1	   0.00033239       -0.00003762
	-1	-5	1	   0.00203765       -0.00240256
	0	-4	1	  -0.00192066        0.00271043
	1	-4	1	   0.00141738       -0.00303590
	2	-4	1	  -0.00053479        0.00179647
	3	-4	1	   0.00040213       -0.00118917
	4	-4	1	   0.00001492        0.00051733
	5	-4	1	   0.00004469       -0.00018427
	-5	-4	1	   0.00011343       -0.00008548
	-4	-4	1	  -0.00046992        0.00011574
	-3	-4	1	   0.00072736       -0.00073499
	-2	-4	1	  -0.00149092        0.00103837
	-1	-4	1	   0.00182855       -0.00249491
	0	-3	1	   0.00177699       -0.00324037
	1	-3	1	   0.00997306       -0.02731861
	2	-3	1	  -0.00107139       -0.00404171
	3	-3	1	   0.00014656       -0.00938934
	4	-3	1	  -0.00049252       -0.00112059
	5	-3	1	  -0.00026018       -0.00138546
	6	-3	1	  -0.00008358       -0.00013864
	-6	-3	1	   0.00012317        0.00006538
	-5	-3	1	   0.00118017        0.00003402
	-4	-3	1	   0.00094751        0.00029736
	-3	-3	1	   0.00767661       -0.00196826
	-2	-3	1	   0.00321465        0.00016958
	-1	-3	1	   0.02060383       -0.01684602
	0	-2	1	  -0.01475540        0.01491523
	1	-2	1	   0.00998666       -0.01797234
	2	-2	1	  -0.00114160        0.00743980
	3	-2	1	   0.00165566       -0.00372075
	4	-2	1	   0.00044186        0.00156700
	5	-2	1	   0.00014798       -0.00043333
	6	-2	1	   0.00008057        0.00019804
	-6	-2	1	  -0.00021744       -0.00005190
	-5	-2	1	   0.00030845       -0.00013539
	-4	-2	1	  -0.00176807       -0.00023746
	-3	-2	1	   0.00279526       -0.00176180
	-2	-2	1	  -0.00819995        0.00200779
	-1	-2	1	   0.01406479       -0.01244404
	0	-1	1	   0.02086166       -0.02923893
	1	-1	1	   0.04420739       -0.12084063
	2	-1	1	  -0.00603652       -0.01899789
	3	-1	1	  -0.00396703       -0.02371320
	4	-1	1	  -0.00151117       -0.00274646
	5	-1	1	  -0.00108442       -0.00265808
	6	-1	1	  -0.00021076       -0.00030583
	-6	-1	1	   0.00030005        0.00019783
	-5	-1	1	   0.00279212        0.00116410
	-4	-1	1	   0.00263487        0.00134194
	-3	-1	1	   0.02524403        0.00508883
	-2	-1	1	   0.01753639        0.00424594
	-1	-1	1	   0.13234086       -0.03394434
	0	0	2	  -0.08564039        0.02197735
	1	0	2	  -0.00203650        0.01487670
	2	0	2	  -0.00899471        0.02532372
	3	0	2	   0.00247853        0.00503941
	4	0	2	   0.00123135        0.00508408
	5	0	2	   0.00053759        0.00083337
	6	0	2	   0.00024731        0.00054481
	-6	0	2	  -0.00073142       -0.00041944
	-5	0	2	  -0.00085769       -0.00053894
	-4	0	2	  -0.00743198       -0.00344419
	-3	0	2	  -0.00483000       -0.00212813
	-2	0	2	  -0.04581428       -0.01085950
	-1	0	2	  -0.01342331        0.00373284
	0	1	2	  -0.00812414       -0.01226180
	1	1	2	   0.00939427       -0.00250684
	2	1	2	  -0.00229506       -0.00316351
	3	1	2	   0.00023584       -0.00151261
	4	1	2	  -0.00007098       -0.00007440
	5	1	2	  -0.00011267       -0.00027043
	6	1	2	   0.00000798        0.00002761
	-6	1	2	  -0.00009728       -0.00011992
	-5	1	2	   0.00066236        0.00035414
	-4	1	2	  -0.00063502       -0.00100440
	-3	1	2	   0.00504637        0.00239644
	-2	1	2	  -0.00263887       -0.00502713
	-1	1	2	   0.02010530        0.00654908
	0	2	2	  -0.01824059       -0.01831977
	1	2	2	  -0.00063747        0.00382176
	2	2	2	  -0.00000210        0.00000363
	3	2	2	   0.00115839        0.00213907
	4	2	2	   0.00124740        0.00124392
	5	2	2	   0.00032535        0.00043156
	6	2	2	   0.00019286        0.00019021
	-6	2	2	  -0.00039257       -0.00038700
	-5	2	2	  -0.00050749       -0.00038959
	-4	2	2	  -0.00359158       -0.00352739
	-3	2	2	  -0.00232665       -0.00129740
	-2	2	2	  -0.01560602       -0.01538131
	-1	2	2	  -0.00414542        0.00036460
	0	3	2	   0.00014905       -0.00570987
	1	3	2	   0.00082341        0.00116941
	2	3	2	   0.00013837       -0.00249243
	3	3	2	  -0.00023341        0.00004418
	4	3	2	   0.00009631       -0.00034548
	5	3	2	  -0.00009604       -0.00003326
	6	3	2	   0.00001018       -0.00002074
	-6	3	2	  -0.00003060       -0.00007664
	-5	3	2	   0.00022453        0.00023012
	-4	3	2	  -0.00012865       -0.00069575
	-3	3	2	   0.00129110        0.00129997
	-2	3	2	  -0.00003529       -0.00300529
	-1	3	2	   0.00284496        0.00287402
	0	4	2	  -0.00093664       -0.00515716
	1	4	2	  -0.00001086        0.00007214
	2	4	2	   0.00061952       -0.00172188
	3	4	2	   0.00023278        0.00025300
	4	4	2	   0.00039505       -0.00010125
	5	4	2	   0.00007473        0.00006862
	-5	4	2	  -0.00011753       -0.00012142
	-4	4	2	  -0.00064847       -0.00113147
	-3	4	2	  -0.00043979       -0.00041356
	-2	4	2	  -0.00171058       -0.00402386
	-1	4	2	  -0.00052699       -0.00043926
	0	5	2	   0.00014306       -0.00100755
	1	5	2	   0.00000940        0.00028622
	2	5	2	   0.00011398       -0.00054648
	3	5	2	  -0.00007309        0.00007127
	4	5	2	   0.00003808       -0.00009860
	-4	5	2	  -0.00002019       -0.00017275
	-3	5	2	   0.00014148        0.00025083
	-2	5	2	   0.00004246       -0.00065495
	-1	5	2	   0.00021500        0.00045995
	0	6	2	   0.00000321       -0.00060886
	1	6	2	  -0.00000175       -0.00003193
	2	6	2	   0.00009670       -0.00026437
	3	6	2	   0.00001824        0.00001248
	-3	6	2	  -0.00004981       -0.00005470
	-2	6	2	  -0.00010270       -0.00046098
	-1	6	2	  -0.00005482       -0.00008451
	0	-6	2	  -0.00048785        0.00073210
	1	-6	2	  -0.00003916        0.00015764
	2	-6	2	  -0.00019687        0.00053819
	3	-6	2	   0.00000331        0.00008462
	-3	-6	2	  -0.00006476        0.00001739
	-2	-6	2	  -0.00039631        0.00034155
	-1	-6	2	  -0.00009224        0.00010498
	0	-5	2	  -0.00055782        0.00090170
	1	-5	2	   0.00044709       -0.00063184
	2	-5	2	  -0.00030365        0.00059523
	3	-5	2	   0.00010616       -0.00031368
	4	-5	2	  -0.00005817        0.00016547
	-4	-5	2	  -0.00011644        0.00009134
	-3	-5	2	   0.00032080       -0.00013415
	-2	-5	2	  -0.00037519        0.00048675
	-1	-5	2	   0.00065276       -0.00045825
	0	-4	2	  -0.00528572        0.00670530
	1	-4	2	  -0.00016235        0.00123215
	2	-4	2	  -0.00180695        0.00491201
	3	-4	2	   0.00016511        0.00069427
	4	-4	2	  -0.00012776        0.00133066
	5	-4	2	   0.00005139        0.00016579
	-5	-4	2	  -0.00014089       -0.00002429
	-4	-4	2	  -0.00117139        0.00030048
	-3	-4	2	  -0.00050761        0.00002761
	-2	-4	2	  -0.00413740        0.00260987
	-1	-4	2	  -0.00067844        0.00072025
	0	-3	2	  -0.00352942        0.00426951
	1	-3	2	   0.00352874       -0.00456252
	2	-3	2	  -0.00160910        0.00228545
	3	-3	2	   0.00061797       -0.00178988
	4	-3	2	  -0.00023975        0.00058007
	5	-3	2	   0.00002281       -0.00029430
	6	-3	2	  -0.00002392        0.00007265
	-6	-3	2	  -0.00006469        0.00001680
	-5	-3	2	   0.00034343       -0.00003092
	-4	-3	2	  -0.00046480        0.00022997
	-3	-3	2	   0.00214223       -0.00053403
	-2	-3	2	  -0.00178318        0.00177241
	-1	-3	2	   0.00555038       -0.00285927
	0	-2	2	  -0.03674627        0.03203174
	1	-2	2	  -0.00027424        0.00587040
	2	-2	2	  -0.00782689        0.02139474
	3	-2	2	   0.00119131        0.00273057
	4	-2	2	   0.00008055        0.00444294
	5	-2	2	   0.00030281        0.00056886
	6	-2	2	   0.00009287        0.00046357
	-6	-2	2	  -0.00049259       -0.00011359
	-5	-2	2	  -0.00053003       -0.00025227
	-4	-2	2	  -0.00475868       -0.00032807
	-3	-2	2	  -0.00229401       -0.00070554
	-2	-2	2	  -0.02343091        0.00600983
	-1	-2	2	  -0.00378085        0.00241136
	0	-1	2	  -0.01386346        0.00326215
	1	-1	2	   0.01529393       -0.01563341
	2	-1	2	  -0.00405487        0.00164405
	3	-1	2	   0.00135086       -0.00398527
	4	-1	2	  -0.00032894        0.00063579
	5	-1	2	   0.00000060       -0.00052228
	6	-1	2	  -0.00001855        0.00010064
	-6	-1	2	  -0.00012378       -0.00004683
	-5	-1	2	   0.00077577        0.00010237
	-4	-1	2	  -0.00089272       -0.00029378
	-3	-1	2	   0.00616212       -0.00007506
	-2	-1	2	  -0.00439660       -0.00021849
	-1	-1	2	   0.02600855       -0.00657832
	0	0	3	  -0.01315882        0.00337687
	1	0	3	   0.00387648        0.00100075
	2	0	3	  -0.00369595        0.00279715
	3	0	3	   0.00107504       -0.00005713
	4	0	3	  -0.00018705        0.00079143
	5	0	3	   0.00013275       -0.00005409
	6	0	3	   0.00000828        0.00010053
	-6	0	3	  -0.00017738       -0.00005579
	-5	0	3	   0.00023889        0.00013872
	-4	0	3	  -0.00153563       -0.00031802
	-3	0	3	   0.00160132        0.00092735
	-2	0	3	  -0.00712352        0.00010793
	-1	0	3	   0.00521659        0.00299863
	0	1	3	   0.00291771       -0.00270238
	1	1	3	   0.01398480       -0.00359034
	2	1	3	  -0.00032105       -0.00331198
	3	1	3	   0.00121767       -0.00330217
	4	1	3	  -0.00032910       -0.00091039
	5	1	3	  -0.00012255       -0.00066701
	6	1	3	  -0.00006855       -0.00011999
	-6	1	3	   0.00013876        0.00008426
	-5	1	3	   0.00131445        0.00075057
	-4	1	3	   0.00110092        0.00050184
	-3	1	3	   0.00873015        0.00410909
	-2	1	3	   0.00389485        0.00086169
	-1	1	3	   0.02457440        0.00686122
	0	2	3	  -0.00445775       -0.00066100
	1	2	3	   0.00111698        0.00312580
	2	2	3	  -0.00129747        0.00035459
	3	2	3	   0.00029139        0.00073334
	4	2	3	  -0.00001505        0.00025263
	5	2	3	   0.00003468        0.00006550
	6	2	3	   0.00001596        0.00003125
	-6	2	3	  -0.00009384       -0.00006138
	-5	2	3	   0.00012326        0.00020550
	-4	2	3	  -0.00080498       -0.00039802
	-3	2	3	   0.00072763        0.00141066
	-2	2	3	  -0.00297513       -0.00095757
	-1	2	3	   0.00186416        0.00415336
	0	3	3	   0.00094093       -0.00043128
	1	3	3	   0.00241653        0.00236778
	2	3	3	  -0.00005755       -0.00077828
	3	3	3	   0.00000034       -0.00000058
	4	3	3	  -0.00013258       -0.00027613
	5	3	3	  -0.00010338       -0.00010268
	-5	3	3	   0.00043682        0.00042990
	-4	3	3	   0.00041341        0.00026207
	-3	3	3	   0.00249814        0.00246218
	-2	3	3	   0.00121352        0.00047508
	-1	3	3	   0.00510990        0.00502396
	0	4	3	  -0.00049152       -0.00060330
	1	4	3	   0.00008217        0.00097643
	2	4	3	  -0.00011515       -0.00020707
	3	4	3	  -0.00000195        0.00031363
	4	4	3	   0.00002878       -0.00000556
	5	4	3	  -0.00000444        0.00002947
	-5	4	3	   0.00002632        0.00007083
	-4	4	3	  -0.00016879       -0.00017187
	-3	4	3	   0.00013382        0.00049729
	-2	4	3	  -0.00046750       -0.00049170
	-1	4	3	   0.00022982        0.00116778
	0	5	3	   0.00013457       -0.00000903
	1	5	3	   0.00015761        0.00065772
	2	5	3	   0.00000112       -0.00007143
	3	5	3	  -0.00005154        0.00014227
	4	5	3	  -0.00001655       -0.00002338
	-4	5	3	   0.00005080        0.00004344
	-3	5	3	   0.00028111        0.00047047
	-2	5	3	   0.00016545        0.00009077
	-1	5	3	   0.00046999        0.00096576
	0	6	3	  -0.00003360       -0.00009233
	1	6	3	  -0.00001234        0.00014093
	2	6	3	   0.00000165       -0.00003442
	-2	6	3	  -0.00004371       -0.00007383
	-1	6	3	   0.00000010        0.00015680
	0	-6	3	  -0.00013610        0.00013453
	1	-6	3	   0.00009167       -0.00014312
	2	-6	3	  -0.00005890        0.00009991
	-2	-6	3	  -0.00010434        0.00006050
	-1	-6	3	   0.00010409       -0.00012728
	0	-5	3	   0.00015683       -0.00024575
	1	-5	3	   0.00087795       -0.00131302
	2	-5	3	   0.00002704       -0.00024736
	3	-5	3	   0.00021937       -0.00059824
	4	-5	3	  -0.00000500       -0.00007696
	-4	-5	3	   0.00006229       -0.00001009
	-3	-5	3	   0.00055197       -0.00027008
	-2	-5	3	   0.00019132       -0.00008513
	-1	-5	3	   0.00119037       -0.00100507
	0	-4	3	  -0.00124514        0.00101763
	1	-4	3	   0.00079849       -0.00098633
	2	-4	3	  -0.00055629        0.00074318
	3	-4	3	   0.00027190       -0.00043474
	4	-4	3	  -0.00008030        0.00023580
	5	-4	3	   0.00002919       -0.00006330
	-5	-4	3	   0.00005987       -0.00002196
	-4	-4	3	  -0.00027808        0.00006954
	-3	-4	3	   0.00040750       -0.00025118
	-2	-4	3	  -0.00090886        0.00045847
	-1	-4	3	   0.00094619       -0.00079534
	0	-3	3	   0.00104128       -0.00163443
	1	-3	3	   0.00618229       -0.00793527
	2	-3	3	   0.00007437       -0.00163206
	3	-3	3	   0.00125289       -0.00342478
	4	-3	3	  -0.00008199       -0.00051378
	5	-3	3	   0.00006336       -0.00055892
	-5	-3	3	   0.00060353       -0.00002629
	-4	-3	3	   0.00046389        0.00002458
	-3	-3	3	   0.00375072       -0.00096203
	-2	-3	3	   0.00134556       -0.00037883
	-1	-3	3	   0.00887619       -0.00527980
	0	-2	3	  -0.00641903        0.00332370
	1	-2	3	   0.00322512       -0.00267114
	2	-2	3	  -0.00225891        0.00230074
	3	-2	3	   0.00092872       -0.00100926
	4	-2	3	  -0.00021379        0.00067071
	5	-2	3	   0.00011702       -0.00015998
	6	-2	3	  -0.00000865        0.00008792
	-6	-2	3	  -0.00011852       -0.00000465
	-5	-2	3	   0.00020554       -0.00001997
	-4	-2	3	  -0.00100388        0.00002023
	-3	-2	3	   0.00136513       -0.00033187
	-2	-2	3	  -0.00393589        0.00098842
	-1	-2	3	   0.00397417       -0.00164489
	0	-1	3	   0.00335203       -0.00523946
	1	-1	3	   0.01929129       -0.01811822
	2	-1	3	  -0.00004866       -0.00463700
	3	-1	3	   0.00256802       -0.00699500
	4	-1	3	  -0.00027117       -0.00116012
	5	-1	3	   0.00003408       -0.00109529
	6	-1	3	  -0.00006359       -0.00014078
	-6	-1	3	   0.00014372        0.00006351
	-5	-1	3	   0.00147116        0.00032236
	-4	-1	3	   0.00115908        0.00025241
	-3	-1	3	   0.01008131        0.00041664
	-2	-1	3	   0.00416952       -0.00046300
	-1	-1	3	   0.02988319       -0.00766720
	0	0	4	  -0.01235527        0.00317066
	1	0	4	  -0.00125724        0.00210791
	2	0	4	  -0.00439325        0.00373227
	3	0	4	   0.00001963        0.00108683
	4	0	4	  -0.00042543        0.00118817
	5	0	4	   0.00006250        0.00023194
	-5	0	4	  -0.00026123       -0.00008584
	-4	0	4	  -0.00215452       -0.00051253
	-3	0	4	  -0.00115283       -0.00005979
	-2	0	4	  -0.00856171       -0.00036294
	-1	0	4	  -0.00225430        0.00113309
	0	1	4	  -0.00202591       -0.00126466
	1	1	4	   0.00233303       -0.00060735
	2	1	4	  -0.00097474       -0.00051913
	3	1	4	   0.00052742       -0.00044060
	4	1	4	  -0.00016080       -0.00003194
	5	1	4	   0.00003551       -0.00009485
	-5	1	4	   0.00024045        0.00007633
	-4	1	4	  -0.00031005       -0.00025524
	-3	1	4	   0.00143889        0.00032514
	-2	1	4	  -0.00112030       -0.00084642
	-1	1	4	   0.00334023        0.00025093
	0	2	4	  -0.00543971       -0.00120716
	1	2	4	  -0.00063344        0.00092066
	2	2	4	  -0.00186819        0.00048017
	3	2	4	   0.00001863        0.00055287
	4	2	4	  -0.00013100        0.00036590
	5	2	4	   0.00003818        0.00011535
	-5	2	4	  -0.00015625       -0.00007582
	-4	2	4	  -0.00118021       -0.00066728
	-3	2	4	  -0.00066911       -0.00012164
	-2	2	4	  -0.00421844       -0.00183228
	-1	2	4	  -0.00116212        0.00040273
	0	3	4	  -0.00043509       -0.00097939
	1	3	4	   0.00065073        0.00012687
	2	3	4	  -0.00021790       -0.00050529
	3	3	4	   0.00013468       -0.00003774
	4	3	4	  -0.00003431       -0.00008321
	5	3	4	  -0.00000171       -0.00001800
	-5	3	4	   0.00007766        0.00004925
	-4	3	4	  -0.00010609       -0.00018256
	-3	3	4	   0.00048958        0.00026254
	-2	3	4	  -0.00029386       -0.00064285
	-1	3	4	   0.00099875        0.00042484
	0	4	4	  -0.00085874       -0.00085802
	1	4	4	  -0.00012384        0.00010029
	2	4	4	  -0.00026440       -0.00026404
	3	4	4	   0.00000547        0.00008887
	4	4	4	  -0.00000003        0.00000005
	-4	4	4	  -0.00023670       -0.00023329
	-3	4	4	  -0.00016050       -0.00007468
	-2	4	4	  -0.00078128       -0.00077361
	-1	4	4	  -0.00024719       -0.00002116
	0	5	4	  -0.00003915       -0.00023778
	1	5	4	   0.00007040        0.00006531
	2	5	4	  -0.00001370       -0.00012207
	3	5	4	   0.00000567        0.00001586
	-3	5	4	   0.00005364        0.00005672
	-2	5	4	  -0.00004379       -0.00015990
	-1	5	4	   0.00011927        0.00010736
	0	-5	4	  -0.00020198        0.00020456
	1	-5	4	   0.00018402       -0.00018368
	2	-5	4	  -0.00011138        0.00014392
	3	-5	4	   0.00004933       -0.00008155
	-3	-5	4	   0.00009740       -0.00004073
	-2	-5	4	  -0.00014141        0.00010609
	-1	-5	4	   0.00023298       -0.00014169
	0	-4	4	  -0.00172726        0.00150809
	1	-4	4	  -0.00017193        0.00038367
	2	-4	4	  -0.00079099        0.00117296
	3	-4	4	  -0.00002048        0.00021684
	4	-4	4	  -0.00011872        0.00032450
	-4	-4	4	  -0.00035537        0.00009115
	-3	-4	4	  -0.00018637        0.00005318
	-2	-4	4	  -0.00130782        0.00066332
	-1	-4	4	  -0.00029513        0.00026203
	0	-3	4	  -0.00102634        0.00061820
	1	-3	4	   0.00115450       -0.00098510
	2	-3	4	  -0.00056404        0.00043384
	3	-3	4	   0.00033008       -0.00047288
	4	-3	4	  -0.00011757        0.00014423
	5	-3	4	   0.00002461       -0.00007709
	-5	-3	4	   0.00010407       -0.00000985
	-4	-3	4	  -0.00018923        0.00004495
	-3	-3	4	   0.00068529       -0.00017268
	-2	-3	4	  -0.00063971        0.00029623
	-1	-3	4	   0.00150298       -0.00068747
	0	-2	4	  -0.00753522        0.00449204
	1	-2	4	  -0.00064189        0.00131036
	2	-2	4	  -0.00304846        0.00369713
	3	-2	4	   0.00000255        0.00072186
	4	-2	4	  -0.00039022        0.00107443
	5	-2	4	   0.00002596        0.00016505
	-5	-2	4	  -0.00016841       -0.00002615
	-4	-2	4	  -0.00143935        0.00004128
	-3	-2	4	  -0.00068492        0.00004726
	-2	-2	4	  -0.00539817        0.00138456
	-1	-2	4	  -0.00116991        0.00079197
	0	-1	4	  -0.00252880        0.00009365
	1	-1	4	   0.00288542       -0.00184859
	2	-1	4	  -0.00124105        0.00020224
	3	-1	4	   0.00071777       -0.00087092
	4	-1	4	  -0.00022273        0.00013701
	5	-1	4	   0.00006216       -0.00015550
	-5	-1	4	   0.00026721        0.00001570
	-4	-1	4	  -0.00037176       -0.00008618
	-3	-1	4	   0.00162982       -0.00010508
	-2	-1	4	  -0.00138582       -0.00012493
	-1	-1	4	   0.00389372       -0.00099057
	0	0	5	  -0.00178273        0.00045749
	1	0	5	   0.00053058        0.00016543
	2	0	5	  -0.00084845        0.00043045
	3	0	5	   0.00020709        0.00000381
	4	0	5	  -0.00013568        0.00015281
	5	0	5	   0.00002804       -0.00000975
	-5	0	5	   0.00005254        0.00002522
	-4	0	5	  -0.00034475       -0.00002487
	-3	0	5	   0.00030940        0.00015848
	-2	0	5	  -0.00123290        0.00011495
	-1	0	5	   0.00064737        0.00033073
	0	1	5	   0.00039051       -0.00039870
	1	1	5	   0.00227249       -0.00058330
	2	1	5	   0.00006496       -0.00045905
	3	1	5	   0.00055367       -0.00050424
	4	1	5	  -0.00001446       -0.00015682
	-4	1	5	   0.00018830        0.00004263
	-3	1	5	   0.00145060        0.00038047
	-2	1	5	   0.00050475       -0.00002479
	-1	1	5	   0.00312227        0.00025538
	0	2	5	  -0.00093563        0.00003143
	1	2	5	   0.00025429        0.00037887
	2	2	5	  -0.00043948        0.00011519
	3	2	5	   0.00009498        0.00010457
	4	2	5	  -0.00006108        0.00005353
	-4	2	5	  -0.00019282       -0.00005971
	-3	2	5	   0.00016851        0.00020913
	-2	2	5	  -0.00067806       -0.00008208
	-1	2	5	   0.00033180        0.00048453
	0	3	5	   0.00017632       -0.00009886
	1	3	5	   0.00069888        0.00018259
	2	3	5	   0.00003849       -0.00013688
	3	3	5	   0.00015507       -0.00003988
	4	3	5	  -0.00000121       -0.00004536
	-4	3	5	   0.00006822        0.00002258
	-3	3	5	   0.00048866        0.00028883
	-2	3	5	   0.00020376        0.00002585
	-1	3	5	   0.00101112        0.00049056
	0	4	5	  -0.00018384       -0.00006899
	1	4	5	   0.00005257        0.00014735
	2	4	5	  -0.00007630       -0.00001668
	3	4	5	   0.00001827        0.00004134
	-3	4	5	   0.00003768        0.00006697
	-2	4	5	  -0.00014241       -0.00007369
	-1	4	5	   0.00007420        0.00017491
	0	5	5	   0.00002799       -0.00000396
	0	-5	5	   0.00003648       -0.00004873
	0	-4	5	  -0.00029867        0.00018817
	1	-4	5	   0.00015442       -0.00013013
	2	-4	5	  -0.00014821        0.00014668
	3	-4	5	   0.00005328       -0.00005331
	-3	-4	5	   0.00007264       -0.00002772
	-2	-4	5	  -0.00021438        0.00008966
	-1	-4	5	   0.00017605       -0.00010264
	0	-3	5	   0.00020873       -0.00029478
	1	-3	5	   0.00114853       -0.00104737
	2	-3	5	   0.00006410       -0.00027085
	3	-3	5	   0.00032243       -0.00049697
	4	-3	5	   0.00000624       -0.00007869
	-4	-3	5	   0.00007565       -0.00001069
	-3	-3	5	   0.00065604       -0.00016828
	-2	-3	5	   0.00022939       -0.00010810
	-1	-3	5	   0.00146085       -0.00073949
	0	-2	5	  -0.00115075        0.00049271
	1	-2	5	   0.00047460       -0.00022469
	2	-2	5	  -0.00057245        0.00040299
	3	-2	5	   0.00017793       -0.00012177
	4	-2	5	  -0.00009710        0.00013570
	-4	-2	5	  -0.00022889        0.00002250
	-3	-2	5	   0.00025147       -0.00001724
	-2	-2	5	  -0.00081102        0.00020571
	-1	-2	5	   0.00055226       -0.00011918
	0	-1	5	   0.00043147       -0.00061069
	1	-1	5	   0.00269833       -0.00174908
	2	-1	5	   0.00009355       -0.00059553
	3	-1	5	   0.00071020       -0.00093239
	4	-1	5	  -0.00000581       -0.00019291
	-4	-1	5	   0.00019699        0.00000660
	-3	-1	5	   0.00160725       -0.00004763
	-2	-1	5	   0.00053354       -0.00016121
	-1	-1	5	   0.00354831       -0.00091045
	0	0	6	  -0.00121279        0.00031123
	1	0	6	  -0.00018262        0.00022009
	2	0	6	  -0.00057154        0.00034843
	3	0	6	  -0.00002839        0.00012235
	-3	0	6	  -0.00014209        0.00001068
	-2	0	6	  -0.00089492        0.00003007
	-1	0	6	  -0.00026798        0.00013668
	0	1	6	  -0.00025752       -0.00010708
	1	1	6	   0.00032442       -0.00008387
	2	1	6	  -0.00013506       -0.00004141
	3	1	6	   0.00010763       -0.00005645
	-3	1	6	   0.00018768        0.00001137
	-2	1	6	  -0.00017275       -0.00009313
	-1	1	6	   0.00040077       -0.00001820
	0	2	6	  -0.00065255       -0.00003421
	1	2	6	  -0.00010089        0.00010109
	2	2	6	  -0.00028970        0.00007438
	3	2	6	  -0.00001186        0.00005520
	-3	2	6	  -0.00008039       -0.00001222
	-2	2	6	  -0.00048913       -0.00012220
	-1	2	6	  -0.00015527        0.00004782
	0	3	6	  -0.00007655       -0.00009537
	1	3	6	   0.00011930       -0.00000273
	2	3	6	  -0.00003422       -0.00004369
	-2	3	6	  -0.00005609       -0.00007056
	-1	3	6	   0.00014757        0.00002158
	0	-3	6	  -0.00013372        0.00006005
	1	-3	6	   0.00016334       -0.00010097
	2	-3	6	  -0.00006865        0.00005011
	-2	-3	6	  -0.00009043        0.00002324
	-1	-3	6	   0.00019168       -0.00007669
	0	-2	6	  -0.00081488        0.00040860
	1	-2	6	  -0.00011468        0.00016783
	2	-2	6	  -0.00038972        0.00034773
	3	-2	6	  -0.00002096        0.00009068
	-3	-2	6	  -0.00008942        0.00002322
	-2	-2	6	  -0.00058906        0.00015113
	-1	-2	6	  -0.00016898        0.00011451
	0	-1	6	  -0.00030059        0.00000917
	1	-1	6	   0.00036608       -0.00017859
	2	-1	6	  -0.00016246        0.00003278
	3	-1	6	   0.00012306       -0.00009152
	-3	-1	6	   0.00020318       -0.00002370
	-2	-1	6	  -0.00020005       -0.00001893
	-1	-1	6	   0.00044252       -0.00011294
	0	0	7	  -0.00014269        0.00003662
	1	0	7	   0.00005783        0.00000900
	-1	0	7	   0.00006330        0.00001645
	0	1	7	   0.00004696       -0.00003576
	0	-1	7	   0.00004897       -0.00004539
	0	0	-7	   0.00014296       -0.00003669
	1	0	-7	  -0.00006310       -0.00001650
	-1	0	-7	  -0.00005762       -0.00000903
	0	1	-7	  -0.00004878        0.00004534
	0	-1	-7	  -0.00004676        0.00003569
	0	0	-6	   0.00121384       -0.00031150
	1	0	-6	   0.00026828       -0.00013682
	2	0	-6	   0.00089558       -0.00003019
	3	0	-6	   0.00014222       -0.00001073
	-3	0	-6	   0.00002848       -0.00012243
	-2	0	-6	   0.00057210       -0.00034864
	-1	0	-6	   0.00018289       -0.00022027
	0	1	-6	   0.00030092       -0.00000918
	1	1	-6	  -0.00044274        0.00011300
	2	1	-6	   0.00020028        0.00001894
	3	1	-6	  -0.00020325        0.00002372
	-3	1	-6	  -0.00012311        0.00009154
	-2	1	-6	   0.00016263       -0.00003281
	-1	1	-6	  -0.00036629        0.00017866
	0	2	-6	   0.00081552       -0.00040882
	1	2	-6	   0.00016917       -0.00011463
	2	2	-6	   0.00058947       -0.00015123
	3	2	-6	   0.00008950       -0.00002327
	-3	2	-6	   0.00002102       -0.00009073
	-2	2	-6	   0.00039006       -0.00034788
	-1	2	-6	   0.00011485       -0.00016796
	0	3	-6	   0.00013386       -0.00006007
	1	3	-6	  -0.00019175        0.00007671
	2	3	-6	   0.00009052       -0.00002324
	-2	3	-6	   0.00006871       -0.00005013
	-1	3	-6	  -0.00016341        0.00010099
	0	-3	-6	   0.00007667        0.00009539
	1	-3	-6	  -0.00014764       -0.00002158
	2	-3	-6	   0.00005617        0.00007058
	-2	-3	-6	   0.00003429        0.00004368
	-1	-3	-6	  -0.00011936        0.00000274
	0	-2	-6	   0.00065313        0.00003412
	1	-2	-6	   0.00015544       -0.00004788
	2	-2	-6	   0.00048949        0.00012216
	3	-2	-6	   0.00008046        0.00001220
	-3	-2	-6	   0.00001192       -0.00005523
	-2	-2	-6	   0.00029003       -0.00007447
	-1	-2	-6	   0.00010105       -0.00010116
	0	-1	-6	   0.00025784        0.00010710
	1	-1	-6	  -0.00040098        0.00001824
	2	-1	-6	   0.00017296        0.00009317
	3	-1	-6	  -0.00018775       -0.00001136
	-3	-1	-6	  -0.00010769        0.00005647
	-2	-1	-6	   0.00013523        0.00004140
	-1	-1	-6	  -0.00032462        0.00008392
	0	0	-5	   0.00178321       -0.00045761
	1	0	-5	  -0.00064758       -0.00033079
	2	0	-5	   0.00123320       -0.00011502
	3	0	-5	  -0.00030949       -0.00015850
	4	0	-5	   0.00034482        0.00002484
	5	0	-5	  -0.00005256       -0.00002522
	-5	0	-5	  -0.00002805        0.00000976
	-4	0	-5	   0.00013574       -0.00015285
	-3	0	-5	  -0.00020717       -0.00000381
	-2	0	-5	   0.00084872       -0.00043055
	-1	0	-5	  -0.00053078       -0.00016547
	0	1	-5	  -0.00043163        0.00061084
	1	1	-5	  -0.00354919        0.00091068
	2	1	-5	  -0.00053365        0.00016130
	3	1	-5	  -0.00160758        0.00004774
	4	1	-5	  -0.00019701       -0.00000655
	-4	1	-5	   0.00000579        0.00019296
	-3	1	-5	  -0.00071049        0.00093254
	-2	1	-5	  -0.00009365        0.00059565
	-1	1	-5	  -0.00269916        0.00174935
	0	2	-5	   0.00115104       -0.00049279
	1	2	-5	  -0.00055240        0.00011915
	2	2	-5	   0.00081121       -0.00020576
	3	2	-5	  -0.00025153        0.00001723
	4	2	-5	   0.00022893       -0.00002252
	-4	2	-5	   0.00009713       -0.00013572
	-3	2	-5	  -0.00017798        0.00012177
	-2	2	-5	   0.00057263       -0.00040306
	-1	2	-5	  -0.00047474        0.00022467
	0	3	-5	  -0.00020880        0.00029484
	1	3	-5	  -0.00146119        0.00073955
	2	3	-5	  -0.00022944        0.00010814
	3	3	-5	  -0.00065617        0.00016831
	4	3	-5	  -0.00007565        0.00001071
	-4	3	-5	  -0.00000625        0.00007871
	-3	3	-5	  -0.00032254        0.00049701
	-2	3	-5	  -0.00006414        0.00027090
	-1	3	-5	  -0.00114886        0.00104745
	0	4	-5	   0.00029874       -0.00018818
	1	4	-5	  -0.00017609        0.00010261
	2	4	-5	   0.00021442       -0.00008967
	3	4	-5	  -0.00007265        0.00002770
	-3	4	-5	  -0.00005329        0.00005330
	-2	4	-5	   0.00014825       -0.00014669
	-1	4	-5	  -0.00015445        0.00013010
	0	5	-5	  -0.00003649        0.00004874
	0	-5	-5	  -0.00002800        0.00000395
	0	-4	-5	   0.00018390        0.00006901
	1	-4	-5	  -0.00007424       -0.00017494
	2	-4	-5	   0.00014245        0.00007370
	3	-4	-5	  -0.00003770       -0.00006699
	-3	-4	-5	  -0.00001829       -0.00004135
	-2	-4	-5	   0.00007634        0.00001668
	-1	-4	-5	  -0.00005261       -0.00014738
	0	-3	-5	  -0.00017639        0.00009890
	1	-3	-5	  -0.00101144       -0.00049055
	2	-3	-5	  -0.00020380       -0.00002582
	3	-3	-5	  -0.00048878       -0.00028880
	4	-3	-5	  -0.00006823       -0.00002256
	-4	-3	-5	   0.00000120        0.00004538
	-3	-3	-5	  -0.00015520        0.00003991
	-2	-3	-5	  -0.00003853        0.00013691
	-1	-3	-5	  -0.00069920       -0.00018257
	0	-2	-5	   0.00093592       -0.00003147
	1	-2	-5	  -0.00033194       -0.00048458
	2	-2	-5	   0.00067824        0.00008206
	3	-2	-5	  -0.00016857       -0.00020915
	4	-2	-5	   0.00019286        0.00005969
	-4	-2	-5	   0.00006111       -0.00005355
	-3	-2	-5	  -0.00009503       -0.00010457
	-2	-2	-5	   0.00043965       -0.00011524
	-1	-2	-5	  -0.00025442       -0.00037892
	0	-1	-5	  -0.00039068        0.00039884
	1	-1	-5	  -0.00312313       -0.00025522
	2	-1	-5	  -0.00050486        0.00002487
	3	-1	-5	  -0.00145093       -0.00038038
	4	-1	-5	  -0.00018832       -0.00004259
	-4	-1	-5	   0.00001444        0.00015686
	-3	-1	-5	  -0.00055397        0.00050438
	-2	-1	-5	  -0.00006506        0.00045915
	-1	-1	-5	  -0.00227331        0.00058351
	0	0	-4	   0.01235647       -0.00317096
	1	0	-4	   0.00225450       -0.00113323
	2	0	-4	   0.00856237        0.00036274
	3	0	-4	   0.00115288        0.00005971
	4	0	-4	   0.00215459        0.00051239
	5	0	-4	   0.00026119        0.00008579
	-5	0	-4	  -0.00006253       -0.00023201
	-4	0	-4	   0.00042549       -0.00118836
	-3	0	-4	  -0.00001960       -0.00108693
	-2	0	-4	   0.00439388       -0.00373257
	-1	0	-4	   0.00125742       -0.00210807
	0	1	-4	   0.00252904       -0.00009362
	1	1	-4	  -0.00389406        0.00099066
	2	1	-4	   0.00138596        0.00012494
	3	1	-4	  -0.00162992        0.00010513
	4	1	-4	   0.00037178        0.00008618
	5	1	-4	  -0.00026720       -0.00001566
	-5	1	-4	  -0.00006215        0.00015554
	-4	1	-4	   0.00022276       -0.00013703
	-3	1	-4	  -0.00071788        0.00087100
	-2	1	-4	   0.00124119       -0.00020224
	-1	1	-4	  -0.00288576        0.00184870
	0	2	-4	   0.00753589       -0.00449218
	1	2	-4	   0.00117003       -0.00079205
	2	2	-4	   0.00539855       -0.00138465
	3	2	-4	   0.00068494       -0.00004731
	4	2	-4	   0.00143939       -0.00004137
	5	2	-4	   0.00016839        0.00002611
	-5	2	-4	  -0.00002598       -0.00016509
	-4	2	-4	   0.00039025       -0.00107454
	-3	2	-4	  -0.00000252       -0.00072192
	-2	2	-4	   0.00304884       -0.00369728
	-1	2	-4	   0.00064200       -0.00131045
	0	3	-4	   0.00102642       -0.00061815
	1	3	-4	  -0.00150309        0.00068747
	2	3	-4	   0.00063976       -0.00029620
	3	3	-4	  -0.00068532        0.00017269
	4	3	-4	   0.00018924       -0.00004494
	5	3	-4	  -0.00010407        0.00000987
	-5	3	-4	  -0.00002460        0.00007710
	-4	3	-4	   0.00011758       -0.00014424
	-3	3	-4	  -0.00033012        0.00047290
	-2	3	-4	   0.00056408       -0.00043383
	-1	3	-4	  -0.00115462        0.00098510
	0	4	-4	   0.00172738       -0.00150800
	1	4	-4	   0.00029516       -0.00026203
	2	4	-4	   0.00130789       -0.00066326
	3	4	-4	   0.00018638       -0.00005319
	4	4	-4	   0.00035539       -0.00009115
	-4	4	-4	   0.00011871       -0.00032451
	-3	4	-4	   0.00002049       -0.00021685
	-2	4	-4	   0.00079106       -0.00117291
	-1	4	-4	   0.00017195       -0.00038368
	0	5	-4	   0.00020197       -0.00020450
	1	5	-4	  -0.00023298        0.00014165
	2	5	-4	   0.00014140       -0.00010605
	3	5	-4	  -0.00009740        0.00004071
	-3	5	-4	  -0.00004933        0.00008154
	-2	5	-4	   0.00011137       -0.00014388
	-1	5	-4	  -0.00018403        0.00018364
	0	-5	-4	   0.00003915        0.00023785
	1	-5	-4	  -0.00011927       -0.00010741
	2	-5	-4	   0.00004379        0.00015995
	3	-5	-4	  -0.00005364       -0.00005673
	-3	-5	-4	  -0.00000567       -0.00001588
	-2	-5	-4	   0.00001369        0.00012212
	-1	-5	-4	  -0.00007041       -0.00006535
	0	-4	-4	   0.00085887        0.00085817
	1	-4	-4	   0.00024722        0.00002117
	2	-4	-4	   0.00078135        0.00077370
	3	-4	-4	   0.00016051        0.00007468
	4	-4	-4	   0.00023670        0.00023330
	-4	-4	-4	   0.00000003       -0.00000005
	-3	-4	-4	  -0.00000546       -0.00008888
	-2	-4	-4	   0.00026447        0.00026412
	-1	-4	-4	   0.00012387       -0.00010028
	0	-3	-4	   0.00043517        0.00097947
	1	-3	-4	  -0.00099888       -0.00042486
	2	-3	-4	   0.00029391        0.00064290
	3	-3	-4	  -0.00048963       -0.00026253
	4	-3	-4	   0.00010609        0.00018257
	5	-3	-4	  -0.00007765       -0.00004924
	-5	-3	-4	   0.00000172        0.00001801
	-4	-3	-4	   0.00003431        0.00008321
	-3	-3	-4	  -0.00013472        0.00003775
	-2	-3	-4	   0.00021794        0.00050533
	-1	-3	-4	  -0.00065086       -0.00012689
	0	-2	-4	   0.00544039        0.00120712
	1	-2	-4	   0.00116223       -0.00040279
	2	-2	-4	   0.00421884        0.00183224
	3	-2	-4	   0.00066914        0.00012161
	4	-2	-4	   0.00118025        0.00066721
	5	-2	-4	   0.00015622        0.00007579
	-5	-2	-4	  -0.00003820       -0.00011539
	-4	-2	-4	   0.00013103       -0.00036601
	-3	-2	-4	  -0.00001861       -0.00055293
	-2	-2	-4	   0.00186856       -0.00048026
	-1	-2	-4	   0.00063355       -0.00092073
	0	-1	-4	   0.00202614        0.00126472
	1	-1	-4	  -0.00334059       -0.00025086
	2	-1	-4	   0.00112044        0.00084645
	3	-1	-4	  -0.00143900       -0.00032509
	4	-1	-4	   0.00031008        0.00025523
	5	-1	-4	  -0.00024044       -0.00007628
	-5	-1	-4	  -0.00003550        0.00009489
	-4	-1	-4	   0.00016083        0.00003192
	-3	-1	-4	  -0.00052753        0.00044068
	-2	-1	-4	   0.00097486        0.00051914
	-1	-1	-4	  -0.00233338        0.00060744
	0	0	-3	   0.01315930       -0.00337699
	1	0	-3	  -0.00521686       -0.00299862
	2	0	-3	   0.00712370       -0.00010802
	3	0	-3	  -0.00160138       -0.00092730
	4	0	-3	   0.00153559        0.00031794
	5	0	-3	  -0.00023888       -0.00013868
	6	0	-3	   0.00017726        0.00005570
	-6	0	-3	  -0.00000836       -0.00010063
	-5	0	-3	  -0.00013275        0.00005414
	-4	0	-3	   0.00018703       -0.00079153
	-3	0	-3	  -0.00107511        0.00005719
	-2	0	-3	   0.00369614       -0.00279728
	-1	0	-3	  -0.00387675       -0.00100074
	0	1	-3	  -0.00335227        0.00523958
	1	1	-3	  -0.02988405        0.00766742
	2	1	-3	  -0.00416960        0.00046310
	3	1	-3	  -0.01008139       -0.00041640
	4	1	-3	  -0.00115902       -0.00025232
	5	1	-3	  -0.00147098       -0.00032214
	6	1	-3	  -0.00014368       -0.00006347
	-6	1	-3	   0.00006363        0.00014083
	-5	1	-3	  -0.00003391        0.00109556
	-4	1	-3	   0.00027122        0.00116024
	-3	1	-3	  -0.00256814        0.00699534
	-2	1	-3	   0.00004858        0.00463714
	-1	1	-3	  -0.01929219        0.01811853
	0	2	-3	   0.00641923       -0.00332370
	1	2	-3	  -0.00397429        0.00164484
	2	2	-3	   0.00393596       -0.00098844
	3	2	-3	  -0.00136515        0.00033188
	4	2	-3	   0.00100384       -0.00002027
	5	2	-3	  -0.00020553        0.00001999
	6	2	-3	   0.00011846        0.00000460
	-6	2	-3	   0.00000860       -0.00008799
	-5	2	-3	  -0.00011702        0.00016001
	-4	2	-3	   0.00021378       -0.00067077
	-3	2	-3	  -0.00092876        0.00100929
	-2	2	-3	   0.00225900       -0.00230078
	-1	2	-3	  -0.00322525        0.00267110
	0	3	-3	  -0.00104134        0.00163442
	1	3	-3	  -0.00887635        0.00527963
	2	3	-3	  -0.00134558        0.00037883
	3	3	-3	  -0.00375070        0.00096202
	4	3	-3	  -0.00046386       -0.00002455
	5	3	-3	  -0.00060346        0.00002638
	-5	3	-3	  -0.00006326        0.00055900
	-4	3	-3	   0.00008202        0.00051382
	-3	3	-3	  -0.00125289        0.00342482
	-2	3	-3	  -0.00007440        0.00163207
	-1	3	-3	  -0.00618248        0.00793513
	0	4	-3	   0.00124514       -0.00101754
	1	4	-3	  -0.00094617        0.00079523
	2	4	-3	   0.00090884       -0.00045842
	3	4	-3	  -0.00040749        0.00025113
	4	4	-3	   0.00027806       -0.00006953
	5	4	-3	  -0.00005986        0.00002196
	-5	4	-3	  -0.00002918        0.00006330
	-4	4	-3	   0.00008028       -0.00023580
	-3	4	-3	  -0.00027189        0.00043471
	-2	4	-3	   0.00055629       -0.00074313
	-1	4	-3	  -0.00079847        0.00098622
	0	5	-3	  -0.00015683        0.00024571
	1	5	-3	  -0.00119030        0.00100479
	2	5	-3	  -0.00019131        0.00008510
	3	5	-3	  -0.00055194        0.00026997
	4	5	-3	  -0.00006228        0.00001009
	-4	5	-3	   0.00000501        0.00007697
	-3	5	-3	  -0.00021932        0.00059815
	-2	5	-3	  -0.00002704        0.00024734
	-1	5	-3	  -0.00087787        0.00131275
	0	6	-3	   0.00013603       -0.00013440
	1	6	-3	  -0.00010407        0.00012723
	2	6	-3	   0.00010430       -0.00006043
	-2	6	-3	   0.00005887       -0.00009983
	-1	6	-3	  -0.00009165        0.00014307
	0	-6	-3	   0.00003358        0.00009245
	1	-6	-3	  -0.00000009       -0.00015687
	2	-6	-3	   0.00004369        0.00007391
	-2	-6	-3	  -0.00000168        0.00003450
	-1	-6	-3	   0.00001235       -0.00014099
	0	-5	-3	  -0.00013459        0.00000898
	1	-5	-3	  -0.00046995       -0.00096608
	2	-5	-3	  -0.00016547       -0.00009080
	3	-5	-3	  -0.00028106       -0.00047059
	4	-5	-3	  -0.00005079       -0.00004345
	-4	-5	-3	   0.00001655        0.00002337
	-3	-5	-3	   0.00005157       -0.00014240
	-2	-5	-3	  -0.00000113        0.00007141
	-1	-5	-3	  -0.00015756       -0.00065804
	0	-4	-3	   0.00049154        0.00060340
	1	-4	-3	  -0.00022982       -0.00116792
	2	-4	-3	   0.00046751        0.00049176
	3	-4	-3	  -0.00013382       -0.00049734
	4	-4	-3	   0.00016878        0.00017188
	5	-4	-3	  -0.00002631       -0.00007083
	-5	-4	-3	   0.00000445       -0.00002946
	-4	-4	-3	  -0.00002879        0.00000557
	-3	-4	-3	   0.00000196       -0.00031368
	-2	-4	-3	   0.00011515        0.00020712
	-1	-4	-3	  -0.00008217       -0.00097657
	0	-3	-3	  -0.00094102        0.00043127
	1	-3	-3	  -0.00511014       -0.00502421
	2	-3	-3	  -0.00121356       -0.00047509
	3	-3	-3	  -0.00249816       -0.00246221
	4	-3	-3	  -0.00041339       -0.00026204
	5	-3	-3	  -0.00043674       -0.00042985
	-5	-3	-3	   0.00010346        0.00010278
	-4	-3	-3	   0.00013261        0.00027617
	-3	-3	-3	  -0.00000034        0.00000058
	-2	-3	-3	   0.00005752        0.00077830
	-1	-3	-3	  -0.00241675       -0.00236801
	0	-2	-3	   0.00445798        0.00066102
	1	-2	-3	  -0.00186429       -0.00415344
	2	-2	-3	   0.00297523        0.00095756
	3	-2	-3	  -0.00072766       -0.00141066
	4	-2	-3	   0.00080496        0.00039798
	5	-2	-3	  -0.00012325       -0.00020548
	6	-2	-3	   0.00009378        0.00006132
	-6	-2	-3	  -0.00001602       -0.00003130
	-5	-2	-3	  -0.00003468       -0.00006547
	-4	-2	-3	   0.00001503       -0.00025267
	-3	-2	-3	  -0.00029142       -0.00073335
	-2	-2	-3	   0.00129757       -0.00035462
	-1	-2	-3	  -0.00111711       -0.00312590
	0	-1	-3	  -0.00291795        0.00270250
	1	-1	-3	  -0.02457534       -0.00686107
	2	-1	-3	  -0.00389495       -0.00086160
	3	-1	-3	  -0.00873026       -0.00410887
	4	-1	-3	  -0.00110086       -0.00050175
	5	-1	-3	  -0.00131427       -0.00075036
	6	-1	-3	  -0.00013872       -0.00008422
	-6	-1	-3	   0.00006859        0.00012004
	-5	-1	-3	   0.00012272        0.00066728
	-4	-1	-3	   0.00032916        0.00091051
	-3	-1	-3	  -0.00121778        0.00330247
	-2	-1	-3	   0.00032097        0.00331213
	-1	-1	-3	  -0.01398572        0.00359057
	0	0	-2	   0.08564202       -0.02197774
	1	0	-2	   0.01342351       -0.00373297
	2	0	-2	   0.04581444        0.01085903
	3	0	-2	   0.00482990        0.00212799
	4	0	-2	   0.00743159        0.00344374
	5	0	-2	   0.00085749        0.00053877
	6	0	-2	   0.00073098        0.00041908
	-6	0	-2	  -0.00024766       -0.00054526
	-5	0	-2	  -0.00053776       -0.00083358
	-4	0	-2	  -0.00123169       -0.00508462
	-3	0	-2	  -0.00247864       -0.00503961
	-2	0	-2	   0.00899495       -0.02532437
	-1	0	-2	   0.00203668       -0.01487688
	0	1	-2	   0.01386370       -0.00326214
	1	1	-2	  -0.02600875        0.00657837
	2	1	-2	   0.00439665        0.00021843
	3	1	-2	  -0.00616203        0.00007517
	4	1	-2	   0.00089268        0.00029372
	5	1	-2	  -0.00077563       -0.00010227
	6	1	-2	   0.00012366        0.00004674
	-6	1	-2	   0.00001850       -0.00010077
	-5	1	-2	  -0.00000050        0.00052241
	-4	1	-2	   0.00032894       -0.00063587
	-3	1	-2	  -0.00135080        0.00398542
	-2	1	-2	   0.00405495       -0.00164411
	-1	1	-2	  -0.01529415        0.01563350
	0	2	-2	   0.03674661       -0.03203139
	1	2	-2	   0.00378092       -0.00241133
	2	2	-2	   0.02343081       -0.00600981
	3	2	-2	   0.00229394        0.00070548
	4	2	-2	   0.00475840        0.00032785
	5	2	-2	   0.00052990        0.00025217
	6	2	-2	   0.00049234        0.00011338
	-6	2	-2	  -0.00009310       -0.00046385
	-5	2	-2	  -0.00030292       -0.00056899
	-4	2	-2	  -0.00008078       -0.00444323
	-3	2	-2	  -0.00119137       -0.00273066
	-2	2	-2	   0.00782692       -0.02139484
	-1	2	-2	   0.00027431       -0.00587039
	0	3	-2	   0.00352939       -0.00426933
	1	3	-2	  -0.00555034        0.00285912
	2	3	-2	   0.00178315       -0.00177232
	3	3	-2	  -0.00214215        0.00053401
	4	3	-2	   0.00046477       -0.00022997
	5	3	-2	  -0.00034337        0.00003095
	6	3	-2	   0.00006464       -0.00001683
	-6	3	-2	   0.00002389       -0.00007270
	-5	3	-2	  -0.00002275        0.00029434
	-4	3	-2	   0.00023974       -0.00058008
	-3	3	-2	  -0.00061792        0.00178988
	-2	3	-2	   0.00160907       -0.00228538
	-1	3	-2	  -0.00352872        0.00456238
	0	4	-2	   0.00528554       -0.00670471
	1	4	-2	   0.00067843       -0.00072017
	2	4	-2	   0.00413724       -0.00260953
	3	4	-2	   0.00050758       -0.00002760
	4	4	-2	   0.00117129       -0.00030045
	5	4	-2	   0.00014086        0.00002427
	-5	4	-2	  -0.00005142       -0.00016581
	-4	4	-2	   0.00012764       -0.00133065
	-3	4	-2	  -0.00016513       -0.00069426
	-2	4	-2	   0.00180681       -0.00491169
	-1	4	-2	   0.00016235       -0.00123207
	0	5	-2	   0.00055770       -0.00090145
	1	5	-2	  -0.00065268        0.00045809
	2	5	-2	   0.00037511       -0.00048660
	3	5	-2	  -0.00032075        0.00013409
	4	5	-2	   0.00011641       -0.00009131
	-4	5	-2	   0.00005815       -0.00016544
	-3	5	-2	  -0.00010613        0.00031362
	-2	5	-2	   0.00030359       -0.00059508
	-1	5	-2	  -0.00044702        0.00063168
	0	6	-2	   0.00048760       -0.00073156
	1	6	-2	   0.00009217       -0.00010485
	2	6	-2	   0.00039618       -0.00034124
	3	6	-2	   0.00006473       -0.00001733
	-3	6	-2	  -0.00000334       -0.00008456
	-2	6	-2	   0.00019672       -0.00053788
	-1	6	-2	   0.00003910       -0.00015749
	0	-6	-2	  -0.00000334        0.00060944
	1	-6	-2	   0.00005483        0.00008465
	2	-6	-2	   0.00010260        0.00046133
	3	-6	-2	   0.00004981        0.00005477
	-3	-6	-2	  -0.00001825       -0.00001243
	-2	-6	-2	  -0.00009680        0.00026471
	-1	-6	-2	   0.00000175        0.00003205
	0	-5	-2	  -0.00014313        0.00100782
	1	-5	-2	  -0.00021495       -0.00046011
	2	-5	-2	  -0.00004251        0.00065512
	3	-5	-2	  -0.00014145       -0.00025089
	4	-5	-2	   0.00002017        0.00017279
	-4	-5	-2	  -0.00003810        0.00009863
	-3	-5	-2	   0.00007314       -0.00007132
	-2	-5	-2	  -0.00011403        0.00054665
	-1	-5	-2	  -0.00000934       -0.00028637
	0	-4	-2	   0.00093655        0.00515781
	1	-4	-2	   0.00052702        0.00043934
	2	-4	-2	   0.00171049        0.00402423
	3	-4	-2	   0.00043978        0.00041358
	4	-4	-2	   0.00064836        0.00113151
	5	-4	-2	   0.00011750        0.00012140
	-5	-4	-2	  -0.00007476       -0.00006865
	-4	-4	-2	  -0.00039515        0.00010128
	-3	-4	-2	  -0.00023280       -0.00025299
	-2	-4	-2	  -0.00061963        0.00172224
	-1	-4	-2	   0.00001088       -0.00007207
	0	-3	-2	  -0.00014906        0.00571011
	1	-3	-2	  -0.00284497       -0.00287418
	2	-3	-2	   0.00003527        0.00300539
	3	-3	-2	  -0.00129106       -0.00129999
	4	-3	-2	   0.00012862        0.00069575
	5	-3	-2	  -0.00022447       -0.00023009
	6	-3	-2	   0.00003055        0.00007660
	-6	-3	-2	  -0.00001021        0.00002070
	-5	-3	-2	   0.00009610        0.00003329
	-4	-3	-2	  -0.00009633        0.00034549
	-3	-3	-2	   0.00023346       -0.00004420
	-2	-3	-2	  -0.00013839        0.00249255
	-1	-3	-2	  -0.00082341       -0.00116956
	0	-2	-2	   0.01824107        0.01832024
	1	-2	-2	   0.00414552       -0.00036458
	2	-2	-2	   0.01560609        0.01538137
	3	-2	-2	   0.00232660        0.00129734
	4	-2	-2	   0.00359134        0.00352717
	5	-2	-2	   0.00050737        0.00038948
	6	-2	-2	   0.00039231        0.00038679
	-6	-2	-2	  -0.00019309       -0.00019047
	-5	-2	-2	  -0.00032546       -0.00043168
	-4	-2	-2	  -0.00124765       -0.00124419
	-3	-2	-2	  -0.00115846       -0.00213917
	-2	-2	-2	   0.00000210       -0.00000363
	-1	-2	-2	   0.00063754       -0.00382177
	0	-1	-2	   0.00812439        0.01226188
	1	-1	-2	  -0.02010554       -0.00654906
	2	-1	-2	   0.00263894        0.00502708
	3	-1	-2	  -0.00504630       -0.00239633
	4	-1	-2	   0.00063499        0.00100433
	5	-1	-2	  -0.00066223       -0.00035402
	6	-1	-2	   0.00009717        0.00011982
	-6	-1	-2	  -0.00000803       -0.00002772
	-5	-1	-2	   0.00011278        0.00027054
	-4	-1	-2	   0.00007096        0.00007434
	-3	-1	-2	  -0.00023578        0.00151274
	-2	-1	-2	   0.00229514        0.00316349
	-1	-1	-2	  -0.00939451        0.00250690
	0	0	-1	   0.05949821       -0.01526861
	1	0	-1	  -0.03061981       -0.01558931
	2	0	-1	   0.01943443        0.00641846
	3	0	-1	  -0.00284994       -0.00193491
	4	0	-1	   0.00284481        0.00153173
	5	0	-1	  -0.00025943       -0.00022383
	6	0	-1	   0.00030986        0.00019045
	7	0	-1	  -0.00002583       -0.00002707
	-7	0	-1	   0.00000910        0.00002428
	-6	0	-1	  -0.00018494       -0.00022531
	-5	0	-1	  -0.00011906        0.00015337
	-4	0	-1	  -0.00138117       -0.00193520
	-3	0	-1	  -0.00190319        0.00089239
	-2	0	-1	  -0.00267158       -0.01099860
	-1	0	-1	  -0.01758190        0.00433126
	0	1	-1	  -0.02086185        0.02923877
	1	1	-1	  -0.13234065        0.03394429
	2	1	-1	  -0.01753623       -0.00424581
	3	1	-1	  -0.02524334       -0.00508827
	4	1	-1	  -0.00263464       -0.00134174
	5	1	-1	  -0.00279153       -0.00116358
	6	1	-1	  -0.00029990       -0.00019771
	-6	1	-1	   0.00021089        0.00030597
	-5	1	-1	   0.00108496        0.00265868
	-4	1	-1	   0.00151140        0.00274668
	-3	1	-1	   0.00396758        0.02371388
	-2	1	-1	   0.00603668        0.01899806
	-1	1	-1	  -0.04420748        0.12084080
	0	2	-1	   0.01475529       -0.01491495
	1	2	-1	  -0.01406469        0.01244385
	2	2	-1	   0.00819977       -0.00200774
	3	2	-1	  -0.00279517        0.00176181
	4	2	-1	   0.00176791        0.00023739
	5	2	-1	  -0.00030839        0.00013543
	6	2	-1	   0.00021726        0.00005179
	-6	2	-1	  -0.00008071       -0.00019821
	-5	2	-1	  -0.00014796        0.00043340
	-4	2	-1	  -0.00044198       -0.00156711
	-3	2	-1	  -0.00165560        0.00372080
	-2	2	-1	   0.00114147       -0.00743978
	-1	2	-1	  -0.00998659        0.01797218
	0	3	-1	  -0.00177699        0.00324018
	1	3	-1	  -0.02060344        0.01684519
	2	3	-1	  -0.00321457       -0.00016964
	3	3	-1	  -0.00767625        0.00196817
	4	3	-1	  -0.00094740       -0.00029731
	5	3	-1	  -0.00117992       -0.00003384
	6	3	-1	  -0.00012313       -0.00006535
	-6	3	-1	   0.00008363        0.00013868
	-5	3	-1	   0.00026044        0.00138565
	-4	3	-1	   0.00049261        0.00112065
	-3	3	-1	  -0.00014629        0.00938930
	-2	3	-1	   0.00107144        0.00404164
	-1	3	-1	  -0.00997278        0.02731783
	0	4	-1	   0.00192052       -0.00271016
	1	4	-1	  -0.00182842        0.00249461
	2	4	-1	   0.00149081       -0.00103823
	3	4	-1	  -0.00072729        0.00073489
	4	4	-1	   0.00046985       -0.00011572
	5	4	-1	  -0.00011340        0.00008548
	-5	4	-1	  -0.00004466        0.00018427
	-4	4	-1	  -0.00001497       -0.00051731
	-3	4	-1	  -0.00040207        0.00118908
	-2	4	-1	   0.00053471       -0.00179632
	-1	4	-1	  -0.00141726        0.00303561
	0	5	-1	  -0.00014513        0.00034251
	1	5	-1	  -0.00203733        0.00240180
	2	5	-1	  -0.00033235        0.00003755
	3	5	-1	  -0.00104492        0.00060426
	4	5	-1	  -0.00013633       -0.00001949
	-4	5	-1	   0.00006437        0.00017894
	-3	5	-1	  -0.00014655        0.00148980
	-2	5	-1	   0.00010991        0.00047320
	-1	5	-1	  -0.00118442        0.00324208
	0	6	-1	   0.00019980       -0.00031665
	1	6	-1	  -0.00018994        0.00032391
	2	6	-1	   0.00017378       -0.00014842
	3	6	-1	  -0.00008395        0.00011914
	-3	6	-1	  -0.00005295        0.00016088
	-2	6	-1	   0.00007179       -0.00023432
	-1	6	-1	  -0.00015612        0.00036694
	0	7	-1	  -0.00001258        0.00003797
	0	-7	-1	  -0.00000100       -0.00002740
	0	-6	-1	  -0.00007365        0.00028707
	1	-6	-1	   0.00006618       -0.00037637
	2	-6	-1	   0.00000897        0.00021476
	3	-6	-1	   0.00001967       -0.00016446
	-3	-6	-1	   0.00005074       -0.00012272
	-2	-6	-1	  -0.00009296        0.00012881
	-1	-6	-1	   0.00010005       -0.00033332
	0	-5	-1	  -0.00015864       -0.00009697
	1	-5	-1	  -0.00009348       -0.00291256
	2	-5	-1	  -0.00030102       -0.00032698
	3	-5	-1	  -0.00032241       -0.00136961
	4	-5	-1	  -0.00011275       -0.00014580
	-4	-5	-1	   0.00008807        0.00005258
	-3	-5	-1	   0.00057613       -0.00048410
	-2	-5	-1	   0.00014153        0.00010864
	-1	-5	-1	   0.00075957       -0.00207221
	0	-4	-1	  -0.00044446        0.00235923
	1	-4	-1	   0.00025041       -0.00318963
	2	-4	-1	   0.00025107        0.00160401
	3	-4	-1	  -0.00000455       -0.00123723
	4	-4	-1	   0.00019987        0.00046986
	5	-4	-1	  -0.00001296       -0.00019021
	-5	-4	-1	   0.00005591       -0.00009143
	-4	-4	-1	  -0.00028460        0.00006819
	-3	-4	-1	   0.00032136       -0.00078311
	-2	-4	-1	  -0.00070413        0.00084585
	-1	-4	-1	   0.00066225       -0.00264830
	0	-3	-1	  -0.00196756       -0.00001696
	1	-3	-1	  -0.00595578       -0.02320057
	2	-3	-1	  -0.00293673       -0.00259593
	3	-3	-1	  -0.00389920       -0.00835114
	4	-3	-1	  -0.00083125       -0.00088126
	5	-3	-1	  -0.00072934       -0.00126517
	6	-3	-1	  -0.00011151       -0.00011940
	-6	-3	-1	   0.00009530        0.00008458
	-5	-3	-1	   0.00071118        0.00015428
	-4	-3	-1	   0.00060942        0.00053644
	-3	-3	-1	   0.00363214       -0.00093034
	-2	-3	-1	   0.00135190        0.00161526
	-1	-3	-1	   0.00467637       -0.01272727
	0	-2	-1	   0.00213167        0.01085975
	1	-2	-1	  -0.00224450       -0.01987344
	2	-2	-1	   0.00412367        0.00608859
	3	-2	-1	  -0.00064083       -0.00409857
	4	-2	-1	   0.00122360        0.00135717
	5	-2	-1	  -0.00008648       -0.00047042
	6	-2	-1	   0.00016096        0.00017645
	-6	-2	-1	  -0.00013694       -0.00007353
	-5	-2	-1	   0.00007423       -0.00017256
	-4	-2	-1	  -0.00098547       -0.00044767
	-3	-2	-1	   0.00050111       -0.00214066
	-2	-2	-1	  -0.00293121        0.00065575
	-1	-2	-1	   0.00183578       -0.01434405
	0	-1	-1	  -0.01680623        0.00405549
	1	-1	-1	  -0.08814526       -0.08687598
	2	-1	-1	  -0.01602077       -0.01139590
	3	-1	-1	  -0.01990934       -0.01965248
	4	-1	-1	  -0.00247609       -0.00204568
	5	-1	-1	  -0.00236360       -0.00233213
	6	-1	-1	  -0.00028634       -0.00025409
	-6	-1	-1	   0.00022448        0.00024954
	-5	-1	-1	   0.00151299        0.00148999
	-4	-1	-1	   0.00167038        0.00204215
	-3	-1	-1	   0.00930256        0.00914842
	-2	-1	-1	   0.00755357        0.01184606
	-1	-1	-1	  -0.00001187        0.00002048

n_band : 35,	energy : 4.4743,	occupation : 0.0
	0	0	0	  -0.21154214        0.52027905
	1	0	0	   0.04956586       -0.12190439
	2	0	0	   0.05251497       -0.12915783
	3	0	0	   0.00312287       -0.00768053
	4	0	0	   0.00241604       -0.00594209
	5	0	0	   0.00089554       -0.00220254
	6	0	0	  -0.00007944        0.00019540
	7	0	0	   0.00013520       -0.00033252
	-7	0	0	   0.00013552       -0.00033330
	-6	0	0	  -0.00008013        0.00019709
	-5	0	0	   0.00089592       -0.00220345
	-4	0	0	   0.00241557       -0.00594101
	-3	0	0	   0.00312318       -0.00768119
	-2	0	0	   0.05251395       -0.12915610
	-1	0	0	   0.04956472       -0.12190191
	0	1	0	   0.04956526       -0.12190511
	1	1	0	   0.02995173       -0.07366467
	2	1	0	  -0.00536977        0.01329612
	3	1	0	   0.00308625       -0.00759657
	4	1	0	   0.00006800       -0.00014662
	5	1	0	  -0.00016194        0.00039781
	6	1	0	   0.00011649       -0.00028347
	7	1	0	  -0.00002010        0.00004941
	-7	1	0	  -0.00002016        0.00004960
	-6	1	0	   0.00011449       -0.00028458
	-5	1	0	  -0.00016171        0.00039819
	-4	1	0	   0.00005367       -0.00015254
	-3	1	0	   0.00309048       -0.00759477
	-2	1	0	  -0.00543221        0.01327130
	-1	1	0	   0.02995164       -0.07366463
	0	2	0	   0.05251462       -0.12915787
	1	2	0	  -0.00543208        0.01327065
	2	2	0	   0.01646369       -0.04049173
	3	2	0	   0.00089969       -0.00227309
	4	2	0	   0.00073490       -0.00180795
	5	2	0	   0.00056818       -0.00141021
	6	2	0	  -0.00007404        0.00018203
	-6	2	0	  -0.00007451        0.00018329
	-5	2	0	   0.00057734       -0.00140714
	-4	2	0	   0.00073499       -0.00180718
	-3	2	0	   0.00094192       -0.00225635
	-2	2	0	   0.01646348       -0.04049141
	-1	2	0	  -0.00537019        0.01329573
	0	3	0	   0.00312283       -0.00768059
	1	3	0	   0.00309052       -0.00759482
	2	3	0	   0.00094180       -0.00225598
	3	3	0	   0.00003549       -0.00008726
	4	3	0	   0.00041246       -0.00099082
	5	3	0	  -0.00011914        0.00029291
	6	3	0	   0.00007203       -0.00017332
	-6	3	0	   0.00006942       -0.00017454
	-5	3	0	  -0.00011910        0.00029304
	-4	3	0	   0.00039601       -0.00099756
	-3	3	0	   0.00003549       -0.00008726
	-2	3	0	   0.00089968       -0.00227307
	-1	3	0	   0.00308625       -0.00759658
	0	4	0	   0.00241600       -0.00594210
	1	4	0	   0.00005362       -0.00015249
	2	4	0	   0.00073525       -0.00180781
	3	4	0	   0.00039599       -0.00099752
	4	4	0	  -0.00009994        0.00024580
	5	4	0	   0.00017682       -0.00044169
	-5	4	0	   0.00018163       -0.00043991
	-4	4	0	  -0.00010001        0.00024595
	-3	4	0	   0.00041247       -0.00099089
	-2	4	0	   0.00073489       -0.00180798
	-1	4	0	   0.00006796       -0.00014668
	0	5	0	   0.00089554       -0.00220255
	1	5	0	  -0.00016160        0.00039794
	2	5	0	   0.00057711       -0.00140658
	3	5	0	  -0.00011906        0.00029294
	4	5	0	   0.00018157       -0.00043976
	5	5	0	  -0.00001861        0.00004577
	-5	5	0	  -0.00001861        0.00004578
	-4	5	0	   0.00017682       -0.00044171
	-3	5	0	  -0.00011914        0.00029291
	-2	5	0	   0.00056818       -0.00141022
	-1	5	0	  -0.00016194        0.00039781
	0	6	0	  -0.00007945        0.00019540
	1	6	0	   0.00011438       -0.00028433
	2	6	0	  -0.00007399        0.00018205
	3	6	0	   0.00006936       -0.00017440
	-3	6	0	   0.00007203       -0.00017332
	-2	6	0	  -0.00007404        0.00018201
	-1	6	0	   0.00011649       -0.00028348
	0	7	0	   0.00013520       -0.00033252
	1	7	0	  -0.00002008        0.00004942
	-1	7	0	  -0.00002010        0.00004941
	0	-7	0	   0.00013552       -0.00033330
	1	-7	0	  -0.00002017        0.00004960
	-1	-7	0	  -0.00002016        0.00004960
	0	-6	0	  -0.00008014        0.00019709
	1	-6	0	   0.00011659       -0.00028373
	2	-6	0	  -0.00007454        0.00018328
	3	-6	0	   0.00007208       -0.00017346
	-3	-6	0	   0.00006942       -0.00017454
	-2	-6	0	  -0.00007450        0.00018328
	-1	-6	0	   0.00011449       -0.00028459
	0	-5	0	   0.00089590       -0.00220346
	1	-5	0	  -0.00016204        0.00039805
	2	-5	0	   0.00056840       -0.00141077
	3	-5	0	  -0.00011918        0.00029300
	4	-5	0	   0.00017689       -0.00044184
	5	-5	0	  -0.00001861        0.00004578
	-5	-5	0	  -0.00001862        0.00004579
	-4	-5	0	   0.00018163       -0.00043992
	-3	-5	0	  -0.00011910        0.00029303
	-2	-5	0	   0.00057733       -0.00140715
	-1	-5	0	  -0.00016171        0.00039819
	0	-4	0	   0.00241558       -0.00594099
	1	-4	0	   0.00006802       -0.00014674
	2	-4	0	   0.00073464       -0.00180732
	3	-4	0	   0.00041247       -0.00099087
	4	-4	0	  -0.00010000        0.00024596
	5	-4	0	   0.00018158       -0.00043977
	-5	-4	0	   0.00017689       -0.00044185
	-4	-4	0	  -0.00010007        0.00024611
	-3	-4	0	   0.00039605       -0.00099762
	-2	-4	0	   0.00073500       -0.00180720
	-1	-4	0	   0.00005370       -0.00015257
	0	-3	0	   0.00312308       -0.00768129
	1	-3	0	   0.00308625       -0.00759651
	2	-3	0	   0.00089985       -0.00227346
	3	-3	0	   0.00003549       -0.00008727
	4	-3	0	   0.00039603       -0.00099758
	5	-3	0	  -0.00011906        0.00029295
	6	-3	0	   0.00006936       -0.00017441
	-6	-3	0	   0.00007208       -0.00017346
	-5	-3	0	  -0.00011918        0.00029300
	-4	-3	0	   0.00041248       -0.00099093
	-3	-3	0	   0.00003549       -0.00008726
	-2	-3	0	   0.00094186       -0.00225633
	-1	-3	0	   0.00309050       -0.00759477
	0	-2	0	   0.05251412       -0.12915593
	1	-2	0	  -0.00537005        0.01329639
	2	-2	0	   0.01646362       -0.04049135
	3	-2	0	   0.00094178       -0.00225595
	4	-2	0	   0.00073528       -0.00180783
	5	-2	0	   0.00057711       -0.00140658
	6	-2	0	  -0.00007398        0.00018203
	-6	-2	0	  -0.00007453        0.00018327
	-5	-2	0	   0.00056842       -0.00141077
	-4	-2	0	   0.00073465       -0.00180734
	-3	-2	0	   0.00089989       -0.00227339
	-2	-2	0	   0.01646341       -0.04049104
	-1	-2	0	  -0.00543185        0.01327120
	0	-1	0	   0.04956432       -0.12190257
	1	-1	0	   0.02995196       -0.07366459
	2	-1	0	  -0.00543163        0.01327088
	3	-1	0	   0.00309054       -0.00759485
	4	-1	0	   0.00005367       -0.00015247
	5	-1	0	  -0.00016161        0.00039794
	6	-1	0	   0.00011438       -0.00028433
	7	-1	0	  -0.00002008        0.00004942
	-7	-1	0	  -0.00002017        0.00004960
	-6	-1	0	   0.00011659       -0.00028373
	-5	-1	0	  -0.00016204        0.00039806
	-4	-1	0	   0.00006800       -0.00014673
	-3	-1	0	   0.00308622       -0.00759651
	-2	-1	0	  -0.00537032        0.01329640
	-1	-1	0	   0.02995154       -0.07366419
	0	0	1	   0.04956618       -0.12190528
	1	0	1	   0.02995121       -0.07366457
	2	0	1	  -0.00541681        0.01329021
	3	0	1	   0.00308942       -0.00759615
	4	0	1	   0.00005712       -0.00014798
	5	0	1	  -0.00016169        0.00039784
	6	0	1	   0.00011489       -0.00028367
	7	0	1	  -0.00002009        0.00004941
	-7	0	1	  -0.00002017        0.00004960
	-6	0	1	   0.00011607       -0.00028439
	-5	0	1	  -0.00016196        0.00039816
	-4	0	1	   0.00006450       -0.00015119
	-3	0	1	   0.00308722       -0.00759518
	-2	0	1	  -0.00538537        0.01327719
	-1	0	1	   0.02995131       -0.07366472
	0	1	1	   0.02995157       -0.07366417
	1	1	1	  -0.05998157        0.14752230
	2	1	1	   0.00247054       -0.00603224
	3	1	1	  -0.00724463        0.01781550
	4	1	1	  -0.00117539        0.00290211
	5	1	1	  -0.00003129        0.00007670
	6	1	1	  -0.00030608        0.00075451
	-6	1	1	  -0.00030735        0.00075418
	-5	1	1	  -0.00003070        0.00007576
	-4	1	1	  -0.00118169        0.00289500
	-3	1	1	  -0.00724315        0.01781653
	-2	1	1	   0.00244677       -0.00606177
	-1	1	1	  -0.05998166        0.14752199
	0	2	1	  -0.00539441        0.01329930
	1	2	1	   0.00243986       -0.00604469
	2	2	1	  -0.00295256        0.00726166
	3	2	1	  -0.00005126        0.00008085
	4	2	1	   0.00013128       -0.00032543
	5	2	1	  -0.00022727        0.00054843
	6	2	1	   0.00006909       -0.00017045
	-6	2	1	   0.00006990       -0.00017090
	-5	2	1	  -0.00021946        0.00055188
	-4	2	1	   0.00013592       -0.00032723
	-3	2	1	  -0.00001584        0.00009585
	-2	2	1	  -0.00293937        0.00725614
	-1	2	1	   0.00248805       -0.00602513
	0	3	1	   0.00308790       -0.00759672
	1	3	1	  -0.00724299        0.01781615
	2	3	1	  -0.00001971        0.00009370
	3	3	1	  -0.00101303        0.00249150
	4	3	1	  -0.00060260        0.00150052
	5	3	1	   0.00006770       -0.00016660
	6	3	1	  -0.00014237        0.00035319
	-6	3	1	  -0.00014451        0.00035239
	-5	3	1	   0.00006797       -0.00016709
	-4	3	1	  -0.00061490        0.00149376
	-3	3	1	  -0.00101317        0.00249145
	-2	3	1	  -0.00005013        0.00007667
	-1	3	1	  -0.00724555        0.01781514
	0	4	1	   0.00006234       -0.00014586
	1	4	1	  -0.00118327        0.00289892
	2	4	1	   0.00013305       -0.00032470
	3	4	1	  -0.00061548        0.00149528
	4	4	1	   0.00010594       -0.00026056
	5	4	1	  -0.00013149        0.00031777
	-5	4	1	  -0.00012729        0.00031955
	-4	4	1	   0.00010706       -0.00026105
	-3	4	1	  -0.00060089        0.00150127
	-2	4	1	   0.00013503       -0.00032575
	-1	4	1	  -0.00117087        0.00290396
	0	5	1	  -0.00016181        0.00039780
	1	5	1	  -0.00003111        0.00007677
	2	5	1	  -0.00021992        0.00055143
	3	5	1	   0.00006777       -0.00016657
	4	5	1	  -0.00012757        0.00031937
	-4	5	1	  -0.00013139        0.00031750
	-3	5	1	   0.00006767       -0.00016661
	-2	5	1	  -0.00022711        0.00054786
	-1	5	1	  -0.00003138        0.00007668
	0	6	1	   0.00011566       -0.00028336
	1	6	1	  -0.00030728        0.00075402
	2	6	1	   0.00006946       -0.00017030
	3	6	1	  -0.00014449        0.00035233
	-3	6	1	  -0.00014209        0.00035331
	-2	6	1	   0.00006965       -0.00017042
	-1	6	1	  -0.00030538        0.00075480
	0	7	1	  -0.00002009        0.00004941
	0	-7	1	  -0.00002017        0.00004960
	0	-6	1	   0.00011531       -0.00028469
	1	-6	1	  -0.00030614        0.00075468
	2	-6	1	   0.00006919       -0.00017118
	3	-6	1	  -0.00014240        0.00035326
	-3	-6	1	  -0.00014480        0.00035228
	-2	-6	1	   0.00006948       -0.00017127
	-1	-6	1	  -0.00030804        0.00075391
	0	-5	1	  -0.00016184        0.00039821
	1	-5	1	  -0.00003088        0.00007569
	2	-5	1	  -0.00022792        0.00054844
	3	-5	1	   0.00006792       -0.00016711
	4	-5	1	  -0.00013182        0.00031771
	-4	-5	1	  -0.00012717        0.00031928
	-3	-5	1	   0.00006800       -0.00016707
	-2	-5	1	  -0.00021917        0.00055134
	-1	-5	1	  -0.00003061        0.00007582
	0	-4	1	   0.00005929       -0.00015329
	1	-4	1	  -0.00117379        0.00289822
	2	-4	1	   0.00013098       -0.00032923
	3	-4	1	  -0.00060194        0.00149903
	4	-4	1	   0.00010548       -0.00026169
	5	-4	1	  -0.00012745        0.00031910
	-5	-4	1	  -0.00013171        0.00031743
	-4	-4	1	   0.00010660       -0.00026217
	-3	-4	1	  -0.00061663        0.00149310
	-2	-4	1	   0.00013346       -0.00033007
	-1	-4	1	  -0.00118617        0.00289318
	0	-3	1	   0.00308877       -0.00759447
	1	-3	1	  -0.00724475        0.01781586
	2	-3	1	  -0.00005554        0.00007973
	3	-3	1	  -0.00101290        0.00249156
	4	-3	1	  -0.00061722        0.00149464
	5	-3	1	   0.00006779       -0.00016656
	6	-3	1	  -0.00014478        0.00035222
	-6	-3	1	  -0.00014212        0.00035337
	-5	-3	1	   0.00006788       -0.00016712
	-4	-3	1	  -0.00060025        0.00149977
	-3	-3	1	  -0.00101304        0.00249152
	-2	-3	1	  -0.00001373        0.00009206
	-1	-3	1	  -0.00724220        0.01781692
	0	-2	1	  -0.00540786        0.01326806
	1	-2	1	   0.00247752       -0.00604922
	2	-2	1	  -0.00295817        0.00724851
	3	-2	1	  -0.00001759        0.00008989
	4	-2	1	   0.00013059       -0.00032756
	5	-2	1	  -0.00021964        0.00055089
	6	-2	1	   0.00006904       -0.00017067
	-6	-2	1	   0.00006975       -0.00017116
	-5	-2	1	  -0.00022776        0.00054785
	-4	-2	1	   0.00013473       -0.00032956
	-3	-2	1	  -0.00005440        0.00007549
	-2	-2	1	  -0.00294497        0.00724298
	-1	-2	1	   0.00242940       -0.00606883
	0	-1	1	   0.02995142       -0.07366417
	1	-1	1	  -0.05998145        0.14752209
	2	-1	1	   0.00242241       -0.00605183
	3	-1	1	  -0.00724207        0.01781658
	4	-1	1	  -0.00118779        0.00289708
	5	-1	1	  -0.00003103        0.00007683
	6	-1	1	  -0.00030798        0.00075374
	-6	-1	1	  -0.00030545        0.00075496
	-5	-1	1	  -0.00003099        0.00007567
	-4	-1	1	  -0.00116931        0.00290003
	-3	-1	1	  -0.00724574        0.01781550
	-2	-1	1	   0.00249488       -0.00604223
	-1	-1	1	  -0.05998141        0.14752179
	0	0	2	   0.05251482       -0.12915817
	1	0	2	  -0.00538485        0.01327635
	2	0	2	   0.01646374       -0.04049180
	3	0	2	   0.00093159       -0.00226914
	4	0	2	   0.00073518       -0.00180793
	5	0	2	   0.00057494       -0.00140936
	6	0	2	  -0.00007400        0.00018203
	-6	0	2	  -0.00007453        0.00018329
	-5	0	2	   0.00057058       -0.00140798
	-4	0	2	   0.00073472       -0.00180721
	-3	0	2	   0.00091009       -0.00226033
	-2	0	2	   0.01646352       -0.04049145
	-1	0	2	  -0.00541668        0.01328979
	0	1	2	  -0.00540751        0.01326720
	1	1	2	   0.00246598       -0.00606504
	2	1	2	  -0.00293848        0.00725074
	3	1	2	  -0.00002735        0.00007836
	4	1	2	   0.00013699       -0.00032684
	5	1	2	  -0.00022170        0.00054838
	6	1	2	   0.00007005       -0.00017056
	-6	1	2	   0.00006874       -0.00017126
	-5	1	2	  -0.00022569        0.00055035
	-4	1	2	   0.00012836       -0.00033030
	-3	1	2	  -0.00004455        0.00008677
	-2	1	2	  -0.00296445        0.00724033
	-1	1	2	   0.00244125       -0.00605463
	0	2	2	   0.01646365       -0.04049181
	1	2	2	  -0.00295498        0.00724400
	2	2	2	   0.00582446       -0.01432500
	3	2	2	   0.00050482       -0.00126262
	4	2	2	   0.00012260       -0.00030171
	5	2	2	   0.00038316       -0.00094757
	6	2	2	  -0.00005371        0.00013208
	-6	2	2	  -0.00005408        0.00013302
	-5	2	2	   0.00038609       -0.00094435
	-4	2	2	   0.00012253       -0.00030118
	-3	2	2	   0.00051613       -0.00124838
	-2	2	2	   0.00582438       -0.01432493
	-1	2	2	  -0.00294242        0.00726006
	0	3	2	   0.00091618       -0.00227541
	1	3	2	  -0.00003508        0.00007521
	2	3	2	   0.00051950       -0.00125666
	3	3	2	  -0.00038665        0.00095095
	4	3	2	   0.00028401       -0.00068629
	5	3	2	  -0.00011415        0.00028139
	6	3	2	   0.00004546       -0.00010971
	-6	3	2	   0.00004383       -0.00011047
	-5	3	2	  -0.00011583        0.00028220
	-4	3	2	   0.00027355       -0.00069053
	-3	3	2	  -0.00039282        0.00095356
	-2	3	2	   0.00049635       -0.00126605
	-1	3	2	  -0.00004221        0.00007708
	0	4	2	   0.00073502       -0.00180799
	1	4	2	   0.00012996       -0.00032971
	2	4	2	   0.00012273       -0.00030165
	3	4	2	   0.00027548       -0.00068975
	4	4	2	  -0.00009169        0.00022550
	5	4	2	   0.00011191       -0.00027879
	-5	4	2	   0.00011419       -0.00027732
	-4	4	2	  -0.00009176        0.00022562
	-3	4	2	   0.00028319       -0.00068441
	-2	4	2	   0.00012251       -0.00030177
	-1	4	2	   0.00013624       -0.00032531
	0	5	2	   0.00057167       -0.00141070
	1	5	2	  -0.00022388        0.00054749
	2	5	2	   0.00038680       -0.00094610
	3	5	2	  -0.00011460        0.00028121
	4	5	2	   0.00011439       -0.00027778
	-4	5	2	   0.00011135       -0.00027902
	-3	5	2	  -0.00011566        0.00028162
	-2	5	2	   0.00038106       -0.00094844
	-1	5	2	  -0.00022484        0.00054776
	0	6	2	  -0.00007402        0.00018202
	1	6	2	   0.00006884       -0.00017105
	2	6	2	  -0.00005370        0.00013209
	3	6	2	   0.00004400       -0.00011031
	-3	6	2	   0.00004537       -0.00010951
	-2	6	2	  -0.00005373        0.00013207
	-1	6	2	   0.00006996       -0.00017040
	0	-6	2	  -0.00007452        0.00018329
	1	-6	2	   0.00007028       -0.00017064
	2	-6	2	  -0.00005409        0.00013301
	3	-6	2	   0.00004570       -0.00010971
	-3	-6	2	   0.00004375       -0.00011026
	-2	-6	2	  -0.00005407        0.00013301
	-1	-6	2	   0.00006869       -0.00017109
	0	-5	2	   0.00057383       -0.00140666
	1	-5	2	  -0.00022239        0.00055169
	2	-5	2	   0.00038245       -0.00094583
	3	-5	2	  -0.00011396        0.00028296
	4	-5	2	   0.00011173       -0.00027832
	-4	-5	2	   0.00011475       -0.00027710
	-3	-5	2	  -0.00011491        0.00028341
	-2	-5	2	   0.00038818       -0.00094351
	-1	-5	2	  -0.00022301        0.00055209
	0	-4	2	   0.00073486       -0.00180715
	1	-4	2	   0.00013856       -0.00032617
	2	-4	2	   0.00012240       -0.00030123
	3	-4	2	   0.00028594       -0.00068550
	4	-4	2	  -0.00009172        0.00022563
	5	-4	2	   0.00011495       -0.00027756
	-5	-4	2	   0.00011118       -0.00027855
	-4	-4	2	  -0.00009179        0.00022575
	-3	-4	2	   0.00027282       -0.00068861
	-2	-4	2	   0.00012263       -0.00030116
	-1	-4	2	   0.00012782       -0.00032868
	0	-3	2	   0.00092544       -0.00225410
	1	-3	2	  -0.00002863        0.00009324
	2	-3	2	   0.00050146       -0.00125435
	3	-3	2	  -0.00038405        0.00095713
	4	-3	2	   0.00027476       -0.00068784
	5	-3	2	  -0.00011368        0.00028243
	6	-3	2	   0.00004393       -0.00011010
	-6	-3	2	   0.00004560       -0.00010951
	-5	-3	2	  -0.00011546        0.00028319
	-4	-3	2	   0.00028511       -0.00068361
	-3	-3	2	  -0.00039022        0.00095974
	-2	-3	2	   0.00052456       -0.00124493
	-1	-3	2	  -0.00003301        0.00009623
	0	-2	2	   0.01646358       -0.04049141
	1	-2	2	  -0.00292909        0.00725464
	2	-2	2	   0.00582444       -0.01432491
	3	-2	2	   0.00052796       -0.00125321
	4	-2	2	   0.00012283       -0.00030164
	5	-2	2	   0.00038890       -0.00094525
	6	-2	2	  -0.00005368        0.00013209
	-6	-2	2	  -0.00005409        0.00013300
	-5	-2	2	   0.00038036       -0.00094669
	-4	-2	2	   0.00012233       -0.00030129
	-3	-2	2	   0.00049302       -0.00125776
	-2	-2	2	   0.00582439       -0.01432483
	-1	-2	2	  -0.00296817        0.00724972
	0	-1	2	  -0.00539408        0.01329902
	1	-1	2	   0.00247644       -0.00604032
	2	-1	2	  -0.00295868        0.00725348
	3	-1	2	  -0.00002354        0.00008467
	4	-1	2	   0.00012942       -0.00032807
	5	-1	2	  -0.00022120        0.00054924
	6	-1	2	   0.00006879       -0.00017087
	-6	-1	2	   0.00007019       -0.00017048
	-5	-1	2	  -0.00022553        0.00055107
	-4	-1	2	   0.00013781       -0.00032461
	-3	-1	2	  -0.00004350        0.00009197
	-2	-1	2	  -0.00293302        0.00726407
	-1	-1	2	   0.00245169       -0.00602991
	0	0	3	   0.00312291       -0.00768059
	1	0	3	   0.00308721       -0.00759521
	2	0	3	   0.00090995       -0.00225997
	3	0	3	   0.00003546       -0.00008726
	4	0	3	   0.00039999       -0.00099238
	5	0	3	  -0.00011908        0.00029292
	6	0	3	   0.00007001       -0.00017357
	-6	0	3	   0.00007143       -0.00017429
	-5	0	3	  -0.00011916        0.00029303
	-4	0	3	   0.00040847       -0.00099600
	-3	0	3	   0.00003547       -0.00008726
	-2	0	3	   0.00093154       -0.00226907
	-1	0	3	   0.00308943       -0.00759616
	0	1	3	   0.00308881       -0.00759453
	1	1	3	  -0.00724437        0.01781725
	2	1	3	  -0.00003829        0.00009205
	3	1	3	  -0.00101324        0.00249167
	4	1	3	  -0.00061010        0.00149965
	5	1	3	   0.00006770       -0.00016658
	6	1	3	  -0.00014360        0.00035304
	-6	1	3	  -0.00014329        0.00035255
	-5	1	3	   0.00006797       -0.00016708
	-4	1	3	  -0.00060736        0.00149475
	-3	1	3	  -0.00101280        0.00249169
	-2	1	3	  -0.00003096        0.00007972
	-1	1	3	  -0.00724305        0.01781672
	0	2	3	   0.00092530       -0.00225372
	1	2	3	  -0.00003681        0.00009265
	2	2	3	   0.00050699       -0.00124693
	3	2	3	  -0.00039315        0.00095600
	4	2	3	   0.00027718       -0.00068456
	5	2	3	  -0.00011620        0.00028210
	6	2	3	   0.00004431       -0.00010958
	-6	2	3	   0.00004522       -0.00011002
	-5	2	3	  -0.00011294        0.00028352
	-4	2	3	   0.00028266       -0.00068681
	-3	2	3	  -0.00038114        0.00096089
	-2	2	3	   0.00051887       -0.00125194
	-1	2	3	  -0.00002489        0.00009690
	0	3	3	   0.00003548       -0.00008724
	1	3	3	  -0.00101299        0.00249177
	2	3	3	  -0.00038553        0.00095911
	3	3	3	  -0.00003689        0.00009074
	4	3	3	  -0.00030153        0.00074706
	5	3	3	   0.00004196       -0.00010324
	-5	3	3	   0.00004210       -0.00010351
	-4	3	3	  -0.00030447        0.00074338
	-3	3	3	  -0.00003687        0.00009070
	-2	3	3	  -0.00039136        0.00095164
	-1	3	3	  -0.00101318        0.00249156
	0	4	3	   0.00040600       -0.00098993
	1	4	3	  -0.00060949        0.00149989
	2	4	3	   0.00027916       -0.00068375
	3	4	3	  -0.00030534        0.00074551
	4	4	3	   0.00008820       -0.00021693
	5	4	3	  -0.00005423        0.00013153
	-5	4	3	  -0.00005259        0.00013223
	-4	4	3	   0.00008964       -0.00021755
	-3	4	3	  -0.00029933        0.00074796
	-2	4	3	   0.00028178       -0.00068495
	-1	4	3	  -0.00060472        0.00150179
	0	5	3	  -0.00011911        0.00029291
	1	5	3	   0.00006775       -0.00016656
	2	5	3	  -0.00011362        0.00028315
	3	5	3	   0.00004199       -0.00010323
	4	5	3	  -0.00005294        0.00013206
	-4	5	3	  -0.00005410        0.00013118
	-3	5	3	   0.00004196       -0.00010325
	-2	5	3	  -0.00011593        0.00028137
	-1	5	3	   0.00006768       -0.00016659
	0	6	3	   0.00007098       -0.00017317
	1	6	3	  -0.00014350        0.00035308
	2	6	3	   0.00004473       -0.00010941
	-2	6	3	   0.00004500       -0.00010954
	-1	6	3	  -0.00014272        0.00035340
	0	-6	3	   0.00007046       -0.00017468
	1	-6	3	  -0.00014339        0.00035251
	2	-6	3	   0.00004438       -0.00011036
	-2	-6	3	   0.00004470       -0.00011047
	-1	-6	3	  -0.00014416        0.00035220
	0	-5	3	  -0.00011913        0.00029304
	1	-5	3	   0.00006790       -0.00016710
	2	-5	3	  -0.00011695        0.00028189
	3	-5	3	   0.00004207       -0.00010352
	4	-5	3	  -0.00005460        0.00013141
	-4	-5	3	  -0.00005245        0.00013188
	-3	-5	3	   0.00004211       -0.00010350
	-2	-5	3	  -0.00011263        0.00028280
	-1	-5	3	   0.00006800       -0.00016706
	0	-4	3	   0.00040246       -0.00099844
	1	-4	3	  -0.00060804        0.00149448
	2	-4	3	   0.00027681       -0.00068918
	3	-4	3	  -0.00030067        0.00074493
	4	-4	3	   0.00008760       -0.00021838
	5	-4	3	  -0.00005280        0.00013171
	-5	-4	3	  -0.00005446        0.00013106
	-4	-4	3	   0.00008904       -0.00021900
	-3	-4	3	  -0.00030667        0.00074249
	-2	-4	3	   0.00027964       -0.00069029
	-1	-4	3	  -0.00061269        0.00149254
	0	-3	3	   0.00003547       -0.00008724
	1	-3	3	  -0.00101332        0.00249147
	2	-3	3	  -0.00039754        0.00095423
	3	-3	3	  -0.00003688        0.00009070
	4	-3	3	  -0.00030754        0.00074462
	5	-3	3	   0.00004200       -0.00010323
	-5	-3	3	   0.00004206       -0.00010352
	-4	-3	3	  -0.00029847        0.00074583
	-3	-3	3	  -0.00003686        0.00009066
	-2	-3	3	  -0.00037936        0.00095651
	-1	-3	3	  -0.00101276        0.00249157
	0	-2	3	   0.00091619       -0.00227531
	1	-2	3	  -0.00003347        0.00007871
	2	-2	3	   0.00050198       -0.00125881
	3	-2	3	  -0.00038375        0.00095473
	4	-2	3	   0.00027615       -0.00068724
	5	-2	3	  -0.00011331        0.00028243
	6	-2	3	   0.00004421       -0.00010987
	-6	-2	3	   0.00004507       -0.00011032
	-5	-2	3	  -0.00011668        0.00028116
	-4	-2	3	   0.00028140       -0.00068958
	-3	-2	3	  -0.00039576        0.00094984
	-2	-2	3	   0.00051386       -0.00126382
	-1	-2	3	  -0.00004395        0.00007384
	0	-1	3	   0.00308787       -0.00759675
	1	-1	3	  -0.00724493        0.01781596
	2	-1	3	  -0.00004980        0.00008678
	3	-1	3	  -0.00101296        0.00249165
	4	-1	3	  -0.00061483        0.00149768
	5	-1	3	   0.00006778       -0.00016655
	6	-1	3	  -0.00014439        0.00035272
	-6	-1	3	  -0.00014251        0.00035287
	-5	-1	3	   0.00006787       -0.00016712
	-4	-1	3	  -0.00060268        0.00149661
	-3	-1	3	  -0.00101328        0.00249136
	-2	-1	3	  -0.00002006        0.00008356
	-1	-1	3	  -0.00724363        0.01781542
	0	0	4	   0.00241603       -0.00594213
	1	0	4	   0.00006450       -0.00015114
	2	0	4	   0.00073499       -0.00180786
	3	0	4	   0.00040846       -0.00099597
	4	0	4	  -0.00009993        0.00024579
	5	0	4	   0.00018042       -0.00044124
	-5	0	4	   0.00017804       -0.00044036
	-4	0	4	  -0.00010000        0.00024595
	-3	0	4	   0.00040002       -0.00099244
	-2	0	4	   0.00073518       -0.00180796
	-1	0	4	   0.00005713       -0.00014804
	0	1	4	   0.00005928       -0.00015327
	1	1	4	  -0.00117656        0.00289369
	2	1	4	   0.00013433       -0.00032871
	3	1	4	  -0.00060550        0.00149423
	4	1	4	   0.00010712       -0.00026147
	5	1	4	  -0.00012848        0.00031775
	-5	1	4	  -0.00013065        0.00031872
	-4	1	4	   0.00010495       -0.00026237
	-3	1	4	  -0.00061291        0.00149747
	-2	1	4	   0.00013010       -0.00033054
	-1	1	4	  -0.00118294        0.00289639
	0	2	4	   0.00073511       -0.00180781
	1	2	4	   0.00013317       -0.00032918
	2	2	4	   0.00012261       -0.00030157
	3	2	4	   0.00027939       -0.00068921
	4	2	4	  -0.00009171        0.00022552
	5	2	4	   0.00011305       -0.00027864
	-5	2	4	   0.00011306       -0.00027746
	-4	2	4	  -0.00009172        0.00022564
	-3	2	4	   0.00027933       -0.00068483
	-2	2	4	   0.00012273       -0.00030164
	-1	2	4	   0.00013314       -0.00032557
	0	3	4	   0.00040244       -0.00099841
	1	3	4	  -0.00060901        0.00149280
	2	3	4	   0.00028083       -0.00068863
	3	3	4	  -0.00030209        0.00074298
	4	3	4	   0.00008971       -0.00021811
	5	3	4	  -0.00005320        0.00013119
	-5	3	4	  -0.00005405        0.00013156
	-4	3	4	   0.00008692       -0.00021925
	-3	3	4	  -0.00030518        0.00074429
	-2	3	4	   0.00027560       -0.00069081
	-1	3	4	  -0.00061155        0.00149378
	0	4	4	  -0.00009994        0.00024579
	1	4	4	   0.00010574       -0.00026203
	2	4	4	  -0.00009168        0.00022553
	3	4	4	   0.00008794       -0.00021883
	4	4	4	  -0.00003353        0.00008247
	-4	4	4	  -0.00003355        0.00008251
	-3	4	4	   0.00008930       -0.00021709
	-2	4	4	  -0.00009170        0.00022549
	-1	4	4	   0.00010679       -0.00026068
	0	5	4	   0.00017868       -0.00044195
	1	5	4	  -0.00012970        0.00031725
	2	5	4	   0.00011347       -0.00027847
	3	5	4	  -0.00005344        0.00013109
	-3	5	4	  -0.00005395        0.00013130
	-2	5	4	   0.00011195       -0.00027910
	-1	5	4	  -0.00013015        0.00031742
	0	-5	4	   0.00017977       -0.00043966
	1	-5	4	  -0.00012883        0.00031946
	2	-5	4	   0.00011263       -0.00027763
	3	-5	4	  -0.00005310        0.00013195
	-3	-5	4	  -0.00005359        0.00013217
	-2	-5	4	   0.00011417       -0.00027702
	-1	-5	4	  -0.00012923        0.00031966
	0	-4	4	  -0.00010000        0.00024595
	1	-4	4	   0.00010791       -0.00026117
	2	-4	4	  -0.00009177        0.00022562
	3	-4	4	   0.00009074       -0.00021770
	4	-4	4	  -0.00003355        0.00008251
	-4	-4	4	  -0.00003356        0.00008255
	-3	-4	4	   0.00008651       -0.00021824
	-2	-4	4	  -0.00009170        0.00022562
	-1	-4	4	   0.00010463       -0.00026158
	0	-3	4	   0.00040603       -0.00099000
	1	-3	4	  -0.00060596        0.00150029
	2	-3	4	   0.00027782       -0.00068545
	3	-3	4	  -0.00030079        0.00074608
	4	-3	4	   0.00008753       -0.00021781
	5	-3	4	  -0.00005298        0.00013170
	-5	-3	4	  -0.00005385        0.00013207
	-4	-3	4	   0.00009033       -0.00021668
	-3	-3	4	  -0.00030388        0.00074739
	-2	-3	4	   0.00028316       -0.00068333
	-1	-3	4	  -0.00060826        0.00150137
	0	-2	4	   0.00073505       -0.00180801
	1	-2	4	   0.00013747       -0.00032754
	2	-2	4	   0.00012258       -0.00030170
	3	-2	4	   0.00028466       -0.00068713
	4	-2	4	  -0.00009167        0.00022550
	5	-2	4	   0.00011458       -0.00027803
	-5	-2	4	   0.00011153       -0.00027809
	-4	-2	4	  -0.00009176        0.00022559
	-3	-2	4	   0.00027403       -0.00068705
	-2	-2	4	   0.00012270       -0.00030177
	-1	-2	4	   0.00012875       -0.00032746
	0	-1	4	   0.00006239       -0.00014590
	1	-1	4	  -0.00117388        0.00290007
	2	-1	4	   0.00013183       -0.00032610
	3	-1	4	  -0.00060436        0.00149671
	4	-1	4	   0.00010542       -0.00026124
	5	-1	4	  -0.00012828        0.00031819
	-5	-1	4	  -0.00013050        0.00031914
	-4	-1	4	   0.00010759       -0.00026037
	-3	-1	4	  -0.00061201        0.00149984
	-2	-1	4	   0.00013630       -0.00032439
	-1	-1	4	  -0.00118025        0.00290276
	0	0	5	   0.00089554       -0.00220255
	1	0	5	  -0.00016186        0.00039791
	2	0	5	   0.00057035       -0.00140742
	3	0	5	  -0.00011913        0.00029294
	4	0	5	   0.00017798       -0.00044021
	5	0	5	  -0.00001861        0.00004577
	-5	0	5	  -0.00001862        0.00004578
	-4	0	5	   0.00018042       -0.00044126
	-3	0	5	  -0.00011909        0.00029292
	-2	0	5	   0.00057494       -0.00140937
	-1	0	5	  -0.00016169        0.00039784
	0	1	5	  -0.00016174        0.00039797
	1	1	5	  -0.00003126        0.00007689
	2	1	5	  -0.00022476        0.00055091
	3	1	5	   0.00006769       -0.00016653
	4	1	5	  -0.00013015        0.00031906
	-4	1	5	  -0.00012880        0.00031784
	-3	1	5	   0.00006778       -0.00016655
	-2	1	5	  -0.00022219        0.00054855
	-1	1	5	  -0.00003113        0.00007685
	0	2	5	   0.00057361       -0.00140609
	1	2	5	  -0.00022344        0.00055144
	2	2	5	   0.00038370       -0.00094368
	3	2	5	  -0.00011541        0.00028273
	4	2	5	   0.00011241       -0.00027728
	-4	2	5	   0.00011399       -0.00027794
	-3	2	5	  -0.00011342        0.00028352
	-2	2	5	   0.00038665       -0.00094494
	-1	2	5	  -0.00022183        0.00055203
	0	3	5	  -0.00011909        0.00029295
	1	3	5	   0.00006773       -0.00016652
	2	3	5	  -0.00011463        0.00028304
	3	3	5	   0.00004197       -0.00010322
	4	3	5	  -0.00005345        0.00013200
	-4	3	5	  -0.00005358        0.00013125
	-3	3	5	   0.00004199       -0.00010323
	-2	3	5	  -0.00011489        0.00028153
	-1	3	5	   0.00006774       -0.00016654
	0	4	5	   0.00017971       -0.00043951
	1	4	5	  -0.00012943        0.00031935
	2	4	5	   0.00011298       -0.00027705
	3	4	5	  -0.00005383        0.00013185
	-3	4	5	  -0.00005284        0.00013225
	-2	4	5	   0.00011375       -0.00027740
	-1	4	5	  -0.00012859        0.00031969
	0	5	5	  -0.00001861        0.00004577
	0	-5	5	  -0.00001861        0.00004578
	0	-4	5	   0.00017869       -0.00044196
	1	-4	5	  -0.00012954        0.00031754
	2	-4	5	   0.00011231       -0.00027863
	3	-4	5	  -0.00005321        0.00013140
	-3	-4	5	  -0.00005419        0.00013101
	-2	-4	5	   0.00011311       -0.00027896
	-1	-4	5	  -0.00013035        0.00031720
	0	-3	5	  -0.00011911        0.00029291
	1	-3	5	   0.00006768       -0.00016659
	2	-3	5	  -0.00011661        0.00028222
	3	-3	5	   0.00004196       -0.00010324
	4	-3	5	  -0.00005443        0.00013160
	-4	-3	5	  -0.00005261        0.00013165
	-3	-3	5	   0.00004198       -0.00010325
	-2	-3	5	  -0.00011294        0.00028230
	-1	-3	5	   0.00006775       -0.00016658
	0	-2	5	   0.00057168       -0.00141070
	1	-2	5	  -0.00022364        0.00054796
	2	-2	5	   0.00038246       -0.00094664
	3	-2	5	  -0.00011416        0.00028182
	4	-2	5	   0.00011210       -0.00027807
	-4	-2	5	   0.00011364       -0.00027874
	-3	-2	5	  -0.00011610        0.00028102
	-2	-2	5	   0.00038541       -0.00094790
	-1	-2	5	  -0.00022509        0.00054731
	0	-1	5	  -0.00016181        0.00039780
	1	-1	5	  -0.00003133        0.00007677
	2	-1	5	  -0.00022633        0.00055020
	3	-1	5	   0.00006770       -0.00016656
	4	-1	5	  -0.00013098        0.00031872
	-4	-1	5	  -0.00012798        0.00031816
	-3	-1	5	   0.00006772       -0.00016660
	-2	-1	5	  -0.00022070        0.00054909
	-1	-1	5	  -0.00003120        0.00007673
	0	0	6	  -0.00007944        0.00019539
	1	0	6	   0.00011597       -0.00028413
	2	0	6	  -0.00007403        0.00018204
	3	0	6	   0.00007138       -0.00017415
	-3	0	6	   0.00007001       -0.00017357
	-2	0	6	  -0.00007399        0.00018201
	-1	0	6	   0.00011489       -0.00028367
	0	1	6	   0.00011521       -0.00028444
	1	1	6	  -0.00030626        0.00075322
	2	1	6	   0.00006948       -0.00017096
	3	1	6	  -0.00014284        0.00035216
	-3	1	6	  -0.00014407        0.00035268
	-2	1	6	   0.00006905       -0.00017116
	-1	1	6	  -0.00030724        0.00075364
	0	2	6	  -0.00007401        0.00018204
	1	2	6	   0.00006953       -0.00017094
	2	2	6	  -0.00005371        0.00013210
	3	2	6	   0.00004483       -0.00011019
	-3	2	6	   0.00004454       -0.00010960
	-2	2	6	  -0.00005369        0.00013208
	-1	2	6	   0.00006929       -0.00017045
	0	3	6	   0.00007040       -0.00017455
	1	3	6	  -0.00014343        0.00035192
	2	3	6	   0.00004478       -0.00011021
	-2	3	6	   0.00004423       -0.00011045
	-1	3	6	  -0.00014384        0.00035209
	0	-3	6	   0.00007098       -0.00017318
	1	-3	6	  -0.00014292        0.00035316
	2	-3	6	   0.00004458       -0.00010959
	-2	-3	6	   0.00004515       -0.00010937
	-1	-3	6	  -0.00014331        0.00035333
	0	-2	6	  -0.00007401        0.00018201
	1	-2	6	   0.00006998       -0.00017078
	2	-2	6	  -0.00005371        0.00013207
	3	-2	6	   0.00004539       -0.00010998
	-3	-2	6	   0.00004398       -0.00010985
	-2	-2	6	  -0.00005369        0.00013206
	-1	-2	6	   0.00006883       -0.00017067
	0	-1	6	   0.00011566       -0.00028336
	1	-1	6	  -0.00030584        0.00075420
	2	-1	6	   0.00006931       -0.00017045
	3	-1	6	  -0.00014267        0.00035256
	-3	-1	6	  -0.00014391        0.00035309
	-2	-1	6	   0.00006980       -0.00017028
	-1	-1	6	  -0.00030683        0.00075462
	0	0	7	   0.00013520       -0.00033253
	1	0	7	  -0.00002010        0.00004942
	-1	0	7	  -0.00002009        0.00004942
	0	1	7	  -0.00002009        0.00004942
	0	-1	7	  -0.00002009        0.00004941
	0	0	-7	   0.00013552       -0.00033331
	1	0	-7	  -0.00002017        0.00004960
	-1	0	-7	  -0.00002017        0.00004960
	0	1	-7	  -0.00002017        0.00004960
	0	-1	-7	  -0.00002017        0.00004960
	0	0	-6	  -0.00008014        0.00019709
	1	0	-6	   0.00011499       -0.00028393
	2	0	-6	  -0.00007452        0.00018328
	3	0	-6	   0.00007006       -0.00017371
	-3	0	-6	   0.00007143       -0.00017429
	-2	0	-6	  -0.00007452        0.00018327
	-1	0	-6	   0.00011608       -0.00028438
	0	1	-6	   0.00011577       -0.00028361
	1	1	-6	  -0.00030718        0.00075548
	2	1	-6	   0.00006987       -0.00017044
	3	1	-6	  -0.00014405        0.00035343
	-3	1	-6	  -0.00014281        0.00035292
	-2	1	-6	   0.00006938       -0.00017062
	-1	1	-6	  -0.00030620        0.00075507
	0	2	-6	  -0.00007452        0.00018328
	1	2	-6	   0.00006889       -0.00017084
	2	2	-6	  -0.00005408        0.00013301
	3	2	-6	   0.00004401       -0.00010993
	-3	2	-6	   0.00004543       -0.00011006
	-2	2	-6	  -0.00005408        0.00013300
	-1	2	-6	   0.00007005       -0.00017094
	0	3	-6	   0.00007104       -0.00017331
	1	3	-6	  -0.00014345        0.00035367
	2	3	-6	   0.00004519       -0.00010945
	-2	3	-6	   0.00004462       -0.00010968
	-1	3	-6	  -0.00014306        0.00035350
	0	-3	-6	   0.00007046       -0.00017468
	1	-3	-6	  -0.00014398        0.00035244
	2	-3	-6	   0.00004427       -0.00011053
	-2	-3	-6	   0.00004482       -0.00011030
	-1	-3	-6	  -0.00014358        0.00035228
	0	-2	-6	  -0.00007451        0.00018327
	1	-2	-6	   0.00006937       -0.00017063
	2	-2	-6	  -0.00005407        0.00013300
	3	-2	-6	   0.00004458       -0.00010969
	-3	-2	-6	   0.00004487       -0.00011028
	-2	-2	-6	  -0.00005407        0.00013299
	-1	-2	-6	   0.00006960       -0.00017111
	0	-1	-6	   0.00011531       -0.00028470
	1	-1	-6	  -0.00030759        0.00075451
	2	-1	-6	   0.00006911       -0.00017132
	3	-1	-6	  -0.00014422        0.00035303
	-3	-1	-6	  -0.00014299        0.00035252
	-2	-1	-6	   0.00006955       -0.00017113
	-1	-1	-6	  -0.00030661        0.00075410
	0	0	-5	   0.00089592       -0.00220347
	1	0	-5	  -0.00016180        0.00039808
	2	0	-5	   0.00057517       -0.00140994
	3	0	-5	  -0.00011912        0.00029301
	4	0	-5	   0.00018048       -0.00044140
	5	0	-5	  -0.00001861        0.00004578
	-5	0	-5	  -0.00001862        0.00004579
	-4	0	-5	   0.00017804       -0.00044038
	-3	0	-5	  -0.00011916        0.00029303
	-2	0	-5	   0.00057059       -0.00140801
	-1	0	-5	  -0.00016196        0.00039816
	0	1	-5	  -0.00016191        0.00039804
	1	1	-5	  -0.00003073        0.00007557
	2	1	-5	  -0.00022076        0.00054924
	3	1	-5	   0.00006795       -0.00016715
	4	1	-5	  -0.00012799        0.00031817
	-4	1	-5	  -0.00013100        0.00031878
	-3	1	-5	   0.00006793       -0.00016712
	-2	1	-5	  -0.00022640        0.00055036
	-1	1	-5	  -0.00003088        0.00007566
	0	2	-5	   0.00057191       -0.00141126
	1	2	-5	  -0.00022515        0.00054746
	2	2	-5	   0.00038555       -0.00094825
	3	2	-5	  -0.00011612        0.00028107
	4	2	-5	   0.00011368       -0.00027883
	-4	2	-5	   0.00011214       -0.00027817
	-3	2	-5	  -0.00011419        0.00028188
	-2	2	-5	   0.00038261       -0.00094701
	-1	2	-5	  -0.00022371        0.00054812
	0	3	-5	  -0.00011915        0.00029300
	1	3	-5	   0.00006798       -0.00016714
	2	3	-5	  -0.00011296        0.00028236
	3	3	-5	   0.00004210       -0.00010353
	4	3	-5	  -0.00005261        0.00013165
	-4	3	-5	  -0.00005444        0.00013162
	-3	3	-5	   0.00004207       -0.00010352
	-2	3	-5	  -0.00011663        0.00028228
	-1	3	-5	   0.00006789       -0.00016712
	0	4	-5	   0.00017875       -0.00044210
	1	4	-5	  -0.00013035        0.00031721
	2	4	-5	   0.00011315       -0.00027904
	3	4	-5	  -0.00005419        0.00013101
	-3	4	-5	  -0.00005322        0.00013141
	-2	4	-5	   0.00011235       -0.00027872
	-1	4	-5	  -0.00012954        0.00031755
	0	5	-5	  -0.00001861        0.00004578
	0	-5	-5	  -0.00001862        0.00004579
	0	-4	-5	   0.00017978       -0.00043967
	1	-4	-5	  -0.00012862        0.00031975
	2	-4	-5	   0.00011379       -0.00027750
	3	-4	-5	  -0.00005285        0.00013227
	-3	-4	-5	  -0.00005384        0.00013188
	-2	-4	-5	   0.00011302       -0.00027717
	-1	-4	-5	  -0.00012946        0.00031943
	0	-3	-5	  -0.00011913        0.00029304
	1	-3	-5	   0.00006797       -0.00016711
	2	-3	-5	  -0.00011492        0.00028159
	3	-3	-5	   0.00004210       -0.00010351
	4	-3	-5	  -0.00005358        0.00013126
	-4	-3	-5	  -0.00005346        0.00013203
	-3	-3	-5	   0.00004208       -0.00010350
	-2	-3	-5	  -0.00011466        0.00028310
	-1	-3	-5	   0.00006795       -0.00016706
	0	-2	-5	   0.00057385       -0.00140668
	1	-2	-5	  -0.00022189        0.00055219
	2	-2	-5	   0.00038680       -0.00094530
	3	-2	-5	  -0.00011344        0.00028357
	4	-2	-5	   0.00011403       -0.00027804
	-4	-2	-5	   0.00011246       -0.00027740
	-3	-2	-5	  -0.00011543        0.00028279
	-2	-2	-5	   0.00038385       -0.00094406
	-1	-2	-5	  -0.00022351        0.00055161
	0	-1	-5	  -0.00016184        0.00039821
	1	-1	-5	  -0.00003068        0.00007574
	2	-1	-5	  -0.00022226        0.00054871
	3	-1	-5	   0.00006799       -0.00016708
	4	-1	-5	  -0.00012881        0.00031785
	-4	-1	-5	  -0.00013018        0.00031913
	-3	-1	-5	   0.00006791       -0.00016707
	-2	-1	-5	  -0.00022483        0.00055107
	-1	-1	-5	  -0.00003083        0.00007582
	0	0	-4	   0.00241556       -0.00594099
	1	0	-4	   0.00005713       -0.00014805
	2	0	-4	   0.00073490       -0.00180728
	3	0	-4	   0.00039999       -0.00099242
	4	0	-4	  -0.00010000        0.00024596
	5	0	-4	   0.00017798       -0.00044022
	-5	0	-4	   0.00018049       -0.00044140
	-4	0	-4	  -0.00010006        0.00024611
	-3	0	-4	   0.00040850       -0.00099605
	-2	0	-4	   0.00073473       -0.00180723
	-1	0	-4	   0.00006452       -0.00015118
	0	1	-4	   0.00006241       -0.00014592
	1	1	-4	  -0.00118053        0.00290345
	2	1	-4	   0.00013632       -0.00032441
	3	1	-4	  -0.00061210        0.00150006
	4	1	-4	   0.00010759       -0.00026037
	5	1	-4	  -0.00013050        0.00031912
	-5	1	-4	  -0.00012831        0.00031826
	-4	1	-4	   0.00010543       -0.00026126
	-3	1	-4	  -0.00060445        0.00149694
	-2	1	-4	   0.00013184       -0.00032613
	-1	1	-4	  -0.00117416        0.00290076
	0	2	-4	   0.00073477       -0.00180733
	1	2	-4	   0.00012874       -0.00032749
	2	2	-4	   0.00012251       -0.00030132
	3	2	-4	   0.00027401       -0.00068703
	4	2	-4	  -0.00009176        0.00022561
	5	2	-4	   0.00011149       -0.00027799
	-5	2	-4	   0.00011462       -0.00027813
	-4	2	-4	  -0.00009176        0.00022573
	-3	2	-4	   0.00028468       -0.00068718
	-2	2	-4	   0.00012241       -0.00030130
	-1	2	-4	   0.00013748       -0.00032758
	0	3	-4	   0.00040603       -0.00098997
	1	3	-4	  -0.00060835        0.00150158
	2	3	-4	   0.00028316       -0.00068331
	3	3	-4	  -0.00030391        0.00074746
	4	3	-4	   0.00009033       -0.00021668
	5	3	-4	  -0.00005384        0.00013206
	-5	3	-4	  -0.00005299        0.00013172
	-4	3	-4	   0.00008753       -0.00021782
	-3	3	-4	  -0.00030082        0.00074616
	-2	3	-4	   0.00027782       -0.00068544
	-1	3	-4	  -0.00060605        0.00150052
	0	4	-4	  -0.00010001        0.00024596
	1	4	-4	   0.00010463       -0.00026158
	2	4	-4	  -0.00009171        0.00022563
	3	4	-4	   0.00008651       -0.00021823
	4	4	-4	  -0.00003355        0.00008251
	-4	4	-4	  -0.00003356        0.00008255
	-3	4	-4	   0.00009074       -0.00021771
	-2	4	-4	  -0.00009176        0.00022561
	-1	4	-4	   0.00010791       -0.00026117
	0	5	-4	   0.00017972       -0.00043951
	1	5	-4	  -0.00012922        0.00031964
	2	5	-4	   0.00011413       -0.00027692
	3	5	-4	  -0.00005359        0.00013216
	-3	5	-4	  -0.00005310        0.00013195
	-2	5	-4	   0.00011260       -0.00027754
	-1	5	-4	  -0.00012883        0.00031945
	0	-5	-4	   0.00017874       -0.00044211
	1	-5	-4	  -0.00013018        0.00031749
	2	-5	-4	   0.00011199       -0.00027920
	3	-5	-4	  -0.00005396        0.00013132
	-3	-5	-4	  -0.00005345        0.00013112
	-2	-5	-4	   0.00011351       -0.00027858
	-1	-5	-4	  -0.00012973        0.00031733
	0	-4	-4	  -0.00010007        0.00024611
	1	-4	-4	   0.00010680       -0.00026071
	2	-4	-4	  -0.00009179        0.00022572
	3	-4	-4	   0.00008930       -0.00021710
	4	-4	-4	  -0.00003356        0.00008255
	-4	-4	-4	  -0.00003358        0.00008258
	-3	-4	-4	   0.00008795       -0.00021885
	-2	-4	-4	  -0.00009177        0.00022573
	-1	-4	-4	   0.00010575       -0.00026206
	0	-3	-4	   0.00040248       -0.00099851
	1	-3	-4	  -0.00061165        0.00149401
	2	-3	-4	   0.00027562       -0.00069086
	3	-3	-4	  -0.00030522        0.00074437
	4	-3	-4	   0.00008693       -0.00021926
	5	-3	-4	  -0.00005405        0.00013156
	-5	-3	-4	  -0.00005321        0.00013121
	-4	-3	-4	   0.00008972       -0.00021813
	-3	-3	-4	  -0.00030213        0.00074307
	-2	-3	-4	   0.00028085       -0.00068869
	-1	-3	-4	  -0.00060911        0.00149304
	0	-2	-4	   0.00073486       -0.00180718
	1	-2	-4	   0.00013315       -0.00032559
	2	-2	-4	   0.00012257       -0.00030123
	3	-2	-4	   0.00027933       -0.00068483
	4	-2	-4	  -0.00009171        0.00022563
	5	-2	-4	   0.00011302       -0.00027737
	-5	-2	-4	   0.00011310       -0.00027874
	-4	-2	-4	  -0.00009179        0.00022572
	-3	-2	-4	   0.00027942       -0.00068927
	-2	-2	-4	   0.00012247       -0.00030122
	-1	-2	-4	   0.00013319       -0.00032922
	0	-1	-4	   0.00005930       -0.00015331
	1	-1	-4	  -0.00118321        0.00289708
	2	-1	-4	   0.00013013       -0.00033057
	3	-1	-4	  -0.00061300        0.00149769
	4	-1	-4	   0.00010496       -0.00026237
	5	-1	-4	  -0.00013065        0.00031871
	-5	-1	-4	  -0.00012851        0.00031782
	-4	-1	-4	   0.00010712       -0.00026150
	-3	-1	-4	  -0.00060560        0.00149447
	-2	-1	-4	   0.00013434       -0.00032875
	-1	-1	-4	  -0.00117685        0.00289439
	0	0	-3	   0.00312321       -0.00768133
	1	0	-3	   0.00308937       -0.00759610
	2	0	-3	   0.00093174       -0.00226949
	3	0	-3	   0.00003546       -0.00008727
	4	0	-3	   0.00040848       -0.00099602
	5	0	-3	  -0.00011913        0.00029294
	6	0	-3	   0.00007138       -0.00017416
	-6	0	-3	   0.00007006       -0.00017371
	-5	0	-3	  -0.00011912        0.00029301
	-4	0	-3	   0.00040004       -0.00099250
	-3	0	-3	   0.00003547       -0.00008726
	-2	0	-3	   0.00091008       -0.00226035
	-1	0	-3	   0.00308718       -0.00759516
	0	1	-3	   0.00308788       -0.00759669
	1	1	-3	  -0.00724338        0.01781481
	2	1	-3	  -0.00001998        0.00008347
	3	1	-3	  -0.00101326        0.00249133
	4	1	-3	  -0.00060258        0.00149640
	5	1	-3	   0.00006766       -0.00016659
	6	1	-3	  -0.00014236        0.00035252
	-6	1	-3	  -0.00014452        0.00035307
	-5	1	-3	   0.00006801       -0.00016712
	-4	1	-3	  -0.00061492        0.00149787
	-3	1	-3	  -0.00101284        0.00249136
	-2	1	-3	  -0.00004986        0.00008687
	-1	1	-3	  -0.00724473        0.01781540
	0	2	-3	   0.00091635       -0.00227576
	1	2	-3	  -0.00004395        0.00007373
	2	2	-3	   0.00051396       -0.00126406
	3	2	-3	  -0.00039576        0.00094981
	4	2	-3	   0.00028141       -0.00068958
	5	2	-3	  -0.00011666        0.00028110
	6	2	-3	   0.00004504       -0.00011023
	-6	2	-3	   0.00004425       -0.00010995
	-5	2	-3	  -0.00011334        0.00028249
	-4	2	-3	   0.00027617       -0.00068731
	-3	2	-3	  -0.00038375        0.00095470
	-2	2	-3	   0.00050206       -0.00125904
	-1	2	-3	  -0.00003345        0.00007859
	0	3	-3	   0.00003549       -0.00008725
	1	3	-3	  -0.00101274        0.00249154
	2	3	-3	  -0.00037933        0.00095649
	3	3	-3	  -0.00003687        0.00009069
	4	3	-3	  -0.00029843        0.00074575
	5	3	-3	   0.00004195       -0.00010324
	-5	3	-3	   0.00004212       -0.00010351
	-4	3	-3	  -0.00030757        0.00074469
	-3	3	-3	  -0.00003686        0.00009066
	-2	3	-3	  -0.00039754        0.00095424
	-1	3	-3	  -0.00101333        0.00249150
	0	4	-3	   0.00040247       -0.00099847
	1	4	-3	  -0.00061261        0.00149232
	2	4	-3	   0.00027964       -0.00069030
	3	4	-3	  -0.00030664        0.00074241
	4	4	-3	   0.00008904       -0.00021898
	5	4	-3	  -0.00005445        0.00013103
	-5	4	-3	  -0.00005280        0.00013172
	-4	4	-3	   0.00008760       -0.00021839
	-3	4	-3	  -0.00030064        0.00074486
	-2	4	-3	   0.00027682       -0.00068920
	-1	4	-3	  -0.00060797        0.00149427
	0	5	-3	  -0.00011909        0.00029296
	1	5	-3	   0.00006779       -0.00016654
	2	5	-3	  -0.00011260        0.00028275
	3	5	-3	   0.00004200       -0.00010322
	4	5	-3	  -0.00005244        0.00013185
	-4	5	-3	  -0.00005460        0.00013141
	-3	5	-3	   0.00004196       -0.00010323
	-2	5	-3	  -0.00011693        0.00028183
	-1	5	-3	   0.00006768       -0.00016655
	0	6	-3	   0.00007040       -0.00017455
	1	6	-3	  -0.00014402        0.00035184
	2	6	-3	   0.00004466       -0.00011038
	-2	6	-3	   0.00004435       -0.00011027
	-1	6	-3	  -0.00014325        0.00035216
	0	-6	-3	   0.00007103       -0.00017331
	1	-6	-3	  -0.00014286        0.00035375
	2	-6	-3	   0.00004503       -0.00010963
	-2	-6	-3	   0.00004477       -0.00010950
	-1	-6	-3	  -0.00014365        0.00035344
	0	-5	-3	  -0.00011915        0.00029300
	1	-5	-3	   0.00006790       -0.00016716
	2	-5	-3	  -0.00011595        0.00028143
	3	-5	-3	   0.00004207       -0.00010354
	4	-5	-3	  -0.00005410        0.00013119
	-4	-5	-3	  -0.00005295        0.00013209
	-3	-5	-3	   0.00004210       -0.00010352
	-2	-5	-3	  -0.00011365        0.00028321
	-1	-5	-3	   0.00006797       -0.00016710
	0	-4	-3	   0.00040605       -0.00099004
	1	-4	-3	  -0.00060480        0.00150199
	2	-4	-3	   0.00028180       -0.00068502
	3	-4	-3	  -0.00029936        0.00074803
	4	-4	-3	   0.00008965       -0.00021756
	5	-4	-3	  -0.00005259        0.00013222
	-5	-4	-3	  -0.00005424        0.00013156
	-4	-4	-3	   0.00008821       -0.00021696
	-3	-4	-3	  -0.00030537        0.00074559
	-2	-4	-3	   0.00027920       -0.00068383
	-1	-4	-3	  -0.00060957        0.00150011
	0	-3	-3	   0.00003548       -0.00008725
	1	-3	-3	  -0.00101307        0.00249127
	2	-3	-3	  -0.00039135        0.00095161
	3	-3	-3	  -0.00003686        0.00009066
	4	-3	-3	  -0.00030445        0.00074331
	5	-3	-3	   0.00004198       -0.00010322
	-5	-3	-3	   0.00004208       -0.00010353
	-4	-3	-3	  -0.00030157        0.00074713
	-3	-3	-3	  -0.00003685        0.00009063
	-2	-3	-3	  -0.00038554        0.00095912
	-1	-3	-3	  -0.00101290        0.00249154
	0	-2	-3	   0.00092547       -0.00225408
	1	-2	-3	  -0.00002491        0.00009701
	2	-2	-3	   0.00051897       -0.00125215
	3	-2	-3	  -0.00038114        0.00096091
	4	-2	-3	   0.00028267       -0.00068683
	5	-2	-3	  -0.00011292        0.00028346
	6	-2	-3	   0.00004519       -0.00010994
	-6	-2	-3	   0.00004435       -0.00010968
	-5	-2	-3	  -0.00011622        0.00028216
	-4	-2	-3	   0.00027721       -0.00068464
	-3	-2	-3	  -0.00039315        0.00095603
	-2	-2	-3	   0.00050708       -0.00124713
	-1	-2	-3	  -0.00003682        0.00009276
	0	-1	-3	   0.00308880       -0.00759449
	1	-1	-3	  -0.00724283        0.01781617
	2	-1	-3	  -0.00003088        0.00007962
	3	-1	-3	  -0.00101281        0.00249171
	4	-1	-3	  -0.00060726        0.00149455
	5	-1	-3	   0.00006775       -0.00016653
	6	-1	-3	  -0.00014315        0.00035220
	-6	-1	-3	  -0.00014375        0.00035339
	-5	-1	-3	   0.00006792       -0.00016712
	-4	-1	-3	  -0.00061019        0.00149985
	-3	-1	-3	  -0.00101315        0.00249144
	-2	-1	-3	  -0.00003837        0.00009213
	-1	-1	-3	  -0.00724417        0.01781677
	0	0	-2	   0.05251390       -0.12915586
	1	0	-2	  -0.00541722        0.01329077
	2	0	-2	   0.01646353       -0.04049131
	3	0	-2	   0.00090987       -0.00225989
	4	0	-2	   0.00073500       -0.00180786
	5	0	-2	   0.00057034       -0.00140742
	6	0	-2	  -0.00007402        0.00018203
	-6	0	-2	  -0.00007451        0.00018327
	-5	0	-2	   0.00057518       -0.00140993
	-4	0	-2	   0.00073492       -0.00180731
	-3	0	-2	   0.00093172       -0.00226940
	-2	0	-2	   0.01646336       -0.04049103
	-1	0	-2	  -0.00538526        0.01327723
	0	1	-2	  -0.00539434        0.01330007
	1	1	-2	   0.00245128       -0.00602885
	2	1	-2	  -0.00293294        0.00726430
	3	1	-2	  -0.00004356        0.00009212
	4	1	-2	   0.00013780       -0.00032453
	5	1	-2	  -0.00022547        0.00055091
	6	1	-2	   0.00007013       -0.00017031
	-6	1	-2	   0.00006887       -0.00017104
	-5	1	-2	  -0.00022126        0.00054941
	-4	1	-2	   0.00012943       -0.00032811
	-3	1	-2	  -0.00002361        0.00008485
	-2	1	-2	  -0.00295890        0.00725385
	-1	1	-2	   0.00247601       -0.00603930
	0	2	-2	   0.01646349       -0.04049131
	1	2	-2	  -0.00296839        0.00724986
	2	2	-2	   0.00582440       -0.01432486
	3	2	-2	   0.00049289       -0.00125756
	4	2	-2	   0.00012248       -0.00030167
	5	2	-2	   0.00038020       -0.00094633
	6	2	-2	  -0.00005373        0.00013208
	-6	2	-2	  -0.00005406        0.00013300
	-5	2	-2	   0.00038904       -0.00094560
	-4	2	-2	   0.00012266       -0.00030125
	-3	2	-2	   0.00052802       -0.00125338
	-2	2	-2	   0.00582436       -0.01432481
	-1	2	-2	  -0.00292924        0.00725467
	0	3	-2	   0.00092530       -0.00225365
	1	3	-2	  -0.00003307        0.00009639
	2	3	-2	   0.00052452       -0.00124470
	3	3	-2	  -0.00039024        0.00095977
	4	3	-2	   0.00028510       -0.00068354
	5	3	-2	  -0.00011543        0.00028312
	6	3	-2	   0.00004557       -0.00010942
	-6	3	-2	   0.00004396       -0.00011019
	-5	3	-2	  -0.00011370        0.00028249
	-4	3	-2	   0.00027475       -0.00068783
	-3	3	-2	  -0.00038406        0.00095717
	-2	3	-2	   0.00050137       -0.00125411
	-1	3	-2	  -0.00002868        0.00009339
	0	4	-2	   0.00073511       -0.00180781
	1	4	-2	   0.00012777       -0.00032862
	2	4	-2	   0.00012279       -0.00030155
	3	4	-2	   0.00027279       -0.00068855
	4	4	-2	  -0.00009169        0.00022552
	5	4	-2	   0.00011113       -0.00027845
	-5	4	-2	   0.00011498       -0.00027765
	-4	4	-2	  -0.00009172        0.00022562
	-3	4	-2	   0.00028594       -0.00068551
	-2	4	-2	   0.00012257       -0.00030167
	-1	4	-2	   0.00013852       -0.00032612
	0	5	-2	   0.00057361       -0.00140610
	1	5	-2	  -0.00022294        0.00055193
	2	5	-2	   0.00038805       -0.00094314
	3	5	-2	  -0.00011489        0.00028335
	4	5	-2	   0.00011471       -0.00027700
	-4	5	-2	   0.00011169       -0.00027824
	-3	5	-2	  -0.00011393        0.00028290
	-2	5	-2	   0.00038231       -0.00094549
	-1	5	-2	  -0.00022232        0.00055154
	0	6	-2	  -0.00007401        0.00018204
	1	6	-2	   0.00006862       -0.00017093
	2	6	-2	  -0.00005368        0.00013210
	3	6	-2	   0.00004372       -0.00011017
	-3	6	-2	   0.00004566       -0.00010963
	-2	6	-2	  -0.00005371        0.00013207
	-1	6	-2	   0.00007021       -0.00017048
	0	-6	-2	  -0.00007452        0.00018326
	1	-6	-2	   0.00007003       -0.00017057
	2	-6	-2	  -0.00005409        0.00013299
	3	-6	-2	   0.00004540       -0.00010960
	-3	-6	-2	   0.00004404       -0.00011040
	-2	-6	-2	  -0.00005407        0.00013299
	-1	-6	-2	   0.00006892       -0.00017122
	0	-5	-2	   0.00057190       -0.00141126
	1	-5	-2	  -0.00022491        0.00054793
	2	-5	-2	   0.00038120       -0.00094879
	3	-5	-2	  -0.00011568        0.00028168
	4	-5	-2	   0.00011140       -0.00027911
	-4	-5	-2	   0.00011443       -0.00027789
	-3	-5	-2	  -0.00011462        0.00028128
	-2	-5	-2	   0.00038694       -0.00094647
	-1	-5	-2	  -0.00022395        0.00054767
	0	-4	-2	   0.00073479       -0.00180736
	1	-4	-2	   0.00013626       -0.00032534
	2	-4	-2	   0.00012236       -0.00030137
	3	-4	-2	   0.00028319       -0.00068441
	4	-4	-2	  -0.00009175        0.00022561
	5	-4	-2	   0.00011416       -0.00027724
	-5	-4	-2	   0.00011196       -0.00027889
	-4	-4	-2	  -0.00009177        0.00022570
	-3	-4	-2	   0.00027552       -0.00068982
	-2	-4	-2	   0.00012259       -0.00030131
	-1	-4	-2	   0.00013000       -0.00032975
	0	-3	-2	   0.00091628       -0.00227569
	1	-3	-2	  -0.00004228        0.00007724
	2	-3	-2	   0.00049643       -0.00126623
	3	-3	-2	  -0.00039284        0.00095359
	4	-3	-2	   0.00027356       -0.00069054
	5	-3	-2	  -0.00011581        0.00028214
	6	-3	-2	   0.00004379       -0.00011038
	-6	-3	-2	   0.00004549       -0.00010981
	-5	-3	-2	  -0.00011418        0.00028146
	-4	-3	-2	   0.00028403       -0.00068636
	-3	-3	-2	  -0.00038666        0.00095099
	-2	-3	-2	   0.00051954       -0.00125682
	-1	-3	-2	  -0.00003515        0.00007538
	0	-2	-2	   0.01646339       -0.04049098
	1	-2	-2	  -0.00294253        0.00726047
	2	-2	-2	   0.00582439       -0.01432479
	3	-2	-2	   0.00051603       -0.00124815
	4	-2	-2	   0.00012272       -0.00030161
	5	-2	-2	   0.00038595       -0.00094400
	6	-2	-2	  -0.00005369        0.00013208
	-6	-2	-2	  -0.00005408        0.00013298
	-5	-2	-2	   0.00038331       -0.00094794
	-4	-2	-2	   0.00012245       -0.00030137
	-3	-2	-2	   0.00050492       -0.00126276
	-2	-2	-2	   0.00582434       -0.01432475
	-1	-2	-2	  -0.00295499        0.00724431
	0	-1	-2	  -0.00540779        0.01326809
	1	-1	-2	   0.00244086       -0.00605363
	2	-1	-2	  -0.00296436        0.00724043
	3	-1	-2	  -0.00004461        0.00008690
	4	-1	-2	   0.00012835       -0.00033024
	5	-1	-2	  -0.00022563        0.00055019
	6	-1	-2	   0.00006867       -0.00017110
	-6	-1	-2	   0.00007012       -0.00017073
	-5	-1	-2	  -0.00022177        0.00054856
	-4	-1	-2	   0.00013699       -0.00032689
	-3	-1	-2	  -0.00002742        0.00007853
	-2	-1	-2	  -0.00293867        0.00725098
	-1	-1	-2	   0.00246560       -0.00606405
	0	0	-1	   0.04956510       -0.12190257
	1	0	-1	   0.02995112       -0.07366458
	2	0	-1	  -0.00538500        0.01327670
	3	0	-1	   0.00308721       -0.00759526
	4	0	-1	   0.00006450       -0.00015112
	5	0	-1	  -0.00016187        0.00039791
	6	0	-1	   0.00011597       -0.00028413
	7	0	-1	  -0.00002010        0.00004942
	-7	0	-1	  -0.00002017        0.00004960
	-6	0	-1	   0.00011499       -0.00028393
	-5	0	-1	  -0.00016179        0.00039809
	-4	0	-1	   0.00005714       -0.00014810
	-3	0	-1	   0.00308940       -0.00759611
	-2	0	-1	  -0.00541712        0.01329047
	-1	0	-1	   0.02995097       -0.07366405
	0	1	-1	   0.02995153       -0.07366408
	1	1	-1	  -0.05998165        0.14752224
	2	1	-1	   0.00249540       -0.00604277
	3	1	-1	  -0.00724595        0.01781609
	4	1	-1	  -0.00116900        0.00289941
	5	1	-1	  -0.00003144        0.00007677
	6	1	-1	  -0.00030510        0.00075410
	-6	1	-1	  -0.00030833        0.00075460
	-5	1	-1	  -0.00003057        0.00007572
	-4	1	-1	  -0.00118807        0.00289769
	-3	1	-1	  -0.00724187        0.01781601
	-2	1	-1	   0.00242197       -0.00605131
	-1	1	-1	  -0.05998168        0.14752205
	0	2	-1	  -0.00540776        0.01326739
	1	2	-1	   0.00242941       -0.00606955
	2	2	-1	  -0.00294484        0.00724269
	3	2	-1	  -0.00005440        0.00007536
	4	2	-1	   0.00013472       -0.00032952
	5	2	-1	  -0.00022770        0.00054769
	6	2	-1	   0.00006968       -0.00017098
	-6	2	-1	   0.00006910       -0.00017084
	-5	2	-1	  -0.00021971        0.00055105
	-4	2	-1	   0.00013061       -0.00032763
	-3	2	-1	  -0.00001757        0.00008977
	-2	2	-1	  -0.00295822        0.00724837
	-1	2	-1	   0.00247758       -0.00604999
	0	3	-1	   0.00308885       -0.00759454
	1	3	-1	  -0.00724244        0.01781750
	2	3	-1	  -0.00001363        0.00009195
	3	3	-1	  -0.00101315        0.00249180
	4	3	-1	  -0.00060015        0.00149956
	5	3	-1	   0.00006766       -0.00016656
	6	3	-1	  -0.00014197        0.00035302
	-6	3	-1	  -0.00014492        0.00035257
	-5	3	-1	   0.00006801       -0.00016708
	-4	3	-1	  -0.00061730        0.00149484
	-3	3	-1	  -0.00101291        0.00249160
	-2	3	-1	  -0.00005559        0.00007980
	-1	3	-1	  -0.00724503        0.01781649
	0	4	-1	   0.00005924       -0.00015325
	1	4	-1	  -0.00118596        0.00289253
	2	4	-1	   0.00013345       -0.00033004
	3	4	-1	  -0.00061657        0.00149289
	4	4	-1	   0.00010659       -0.00026215
	5	4	-1	  -0.00013169        0.00031736
	-5	4	-1	  -0.00012745        0.00031912
	-4	4	-1	   0.00010548       -0.00026169
	-3	4	-1	  -0.00060186        0.00149882
	-2	4	-1	   0.00013096       -0.00032920
	-1	4	-1	  -0.00117356        0.00289757
	0	5	-1	  -0.00016174        0.00039797
	1	5	-1	  -0.00003106        0.00007692
	2	5	-1	  -0.00021910        0.00055118
	3	5	-1	   0.00006777       -0.00016651
	4	5	-1	  -0.00012714        0.00031921
	-4	5	-1	  -0.00013181        0.00031770
	-3	5	-1	   0.00006770       -0.00016656
	-2	5	-1	  -0.00022786        0.00054828
	-1	5	-1	  -0.00003134        0.00007684
	0	6	-1	   0.00011520       -0.00028444
	1	6	-1	  -0.00030770        0.00075304
	2	6	-1	   0.00006940       -0.00017110
	3	6	-1	  -0.00014466        0.00035193
	-3	6	-1	  -0.00014225        0.00035291
	-2	6	-1	   0.00006912       -0.00017102
	-1	6	-1	  -0.00030579        0.00075382
	0	7	-1	  -0.00002009        0.00004942
	0	-7	-1	  -0.00002017        0.00004960
	0	-6	-1	   0.00011576       -0.00028361
	1	-6	-1	  -0.00030573        0.00075566
	2	-6	-1	   0.00006972       -0.00017059
	3	-6	-1	  -0.00014223        0.00035366
	-3	-6	-1	  -0.00014463        0.00035269
	-2	-6	-1	   0.00006953       -0.00017047
	-1	-6	-1	  -0.00030763        0.00075489
	0	-5	-1	  -0.00016191        0.00039805
	1	-5	-1	  -0.00003094        0.00007557
	2	-5	-1	  -0.00022717        0.00054802
	3	-5	-1	   0.00006788       -0.00016714
	4	-5	-1	  -0.00013140        0.00031751
	-4	-5	-1	  -0.00012760        0.00031944
	-3	-5	-1	   0.00006799       -0.00016711
	-2	-5	-1	  -0.00022000        0.00055159
	-1	-5	-1	  -0.00003068        0.00007570
	0	-4	-1	   0.00006240       -0.00014595
	1	-4	-1	  -0.00117110        0.00290460
	2	-4	-1	   0.00013507       -0.00032581
	3	-4	-1	  -0.00060098        0.00150148
	4	-4	-1	   0.00010706       -0.00026105
	5	-4	-1	  -0.00012728        0.00031953
	-5	-4	-1	  -0.00013152        0.00031785
	-4	-4	-1	   0.00010595       -0.00026059
	-3	-4	-1	  -0.00061555        0.00149550
	-2	-4	-1	   0.00013308       -0.00032476
	-1	-4	-1	  -0.00118348        0.00289956
	0	-3	-1	   0.00308787       -0.00759667
	1	-3	-1	  -0.00724532        0.01781458
	2	-3	-1	  -0.00005006        0.00007658
	3	-3	-1	  -0.00101318        0.00249148
	4	-3	-1	  -0.00061482        0.00149355
	5	-3	-1	   0.00006774       -0.00016654
	6	-3	-1	  -0.00014438        0.00035205
	-6	-3	-1	  -0.00014252        0.00035354
	-5	-3	-1	   0.00006791       -0.00016714
	-4	-3	-1	  -0.00060270        0.00150073
	-3	-3	-1	  -0.00101294        0.00249127
	-2	-3	-1	  -0.00001980        0.00009378
	-1	-3	-1	  -0.00724277        0.01781566
	0	-2	-1	  -0.00539441        0.01329975
	1	-2	-1	   0.00248798       -0.00602443
	2	-2	-1	  -0.00293927        0.00725610
	3	-2	-1	  -0.00001586        0.00009594
	4	-2	-1	   0.00013591       -0.00032718
	5	-2	-1	  -0.00021940        0.00055172
	6	-2	-1	   0.00006983       -0.00017073
	-6	-2	-1	   0.00006915       -0.00017063
	-5	-2	-1	  -0.00022734        0.00054861
	-4	-2	-1	   0.00013130       -0.00032549
	-3	-2	-1	  -0.00005127        0.00008097
	-2	-2	-1	  -0.00295260        0.00726178
	-1	-2	-1	   0.00243986       -0.00604401
	0	-1	-1	   0.02995137       -0.07366362
	1	-1	-1	  -0.05998134        0.14752217
	2	-1	-1	   0.00244724       -0.00606235
	3	-1	-1	  -0.00724341        0.01781717
	4	-1	-1	  -0.00118140        0.00289438
	5	-1	-1	  -0.00003117        0.00007690
	6	-1	-1	  -0.00030700        0.00075333
	-6	-1	-1	  -0.00030643        0.00075538
	-5	-1	-1	  -0.00003086        0.00007563
	-4	-1	-1	  -0.00117569        0.00290272
	-3	-1	-1	  -0.00724443        0.01781501
	-2	-1	-1	   0.00247009       -0.00603175
	-1	-1	-1	  -0.05998144        0.14752182

